Class;6.12;6.14;6.17;6.19;6.22;6.24;6.27;6.29;6.32;6.35;6.37;6.40;6.42;6.45;6.47;6.50;6.52;6.55;6.58;6.60;6.63;6.65;6.68
A;4.42105;6.52632;10.7368;7.57895;9.94737;3.42105;13.6316;12.1579;16.0;16.0;16.0;20.2105;16.2632;13.5263;8.21053;6.63158;8.15789;7.94737;7.0;8.26316;9.63158;8.68421;8.78947
A;6.0;5.63158;5.31579;7.05263;9.78947;9.0;9.73684;15.7368;11.0;11.9474;11.1053;12.3158;15.4737;23.8947;25.3684;8.78947;6.68421;9.47368;10.5263;8.10526;7.89474;4.89474;5.94737
A;12.0;11.6316;11.3158;11.4737;9.15789;7.57895;15.8947;15.0;15.0;15.0;19.4737;16.6316;16.0;13.7895;13.6842;10.2105;9.15789;8.42105;8.89474;9.73684;7.63158;9.21053;12.9474
A;7.0;5.10526;3.31579;6.68421;9.57895;10.8421;11.0;16.6842;23.0;18.2632;13.5263;13.8421;13.2105;11.5263;10.3158;9.36842;10.7368;8.31579;5.0;7.10526;7.78947;5.89474;8.15789
A;10.8947;11.7368;12.3684;10.0526;5.05263;7.36842;14.2632;9.31579;16.0;8.42105;11.5789;14.5263;16.5789;17.7368;14.5789;11.1053;13.4737;10.7368;7.89474;8.31579;6.0;6.94737;7.94737
A;7.47368;6.84211;7.05263;9.47368;7.63158;12.8947;12.2105;10.1053;14.0;15.8947;16.8947;17.0;17.0;14.7895;14.6842;14.3684;10.5263;11.6842;10.2632;6.26316;8.36842;8.68421;7.21053
A;10.3158;10.1053;6.26316;5.73684;9.15789;6.63158;9.57895;11.8947;12.0;6.47368;15.6316;20.8421;19.3684;16.4737;16.8947;17.3158;11.4211;12.9474;14.0;12.2632;9.73684;9.0;6.78947
A;7.0;6.26316;5.31579;7.05263;9.57895;8.94737;13.7895;12.2105;16.0;15.0526;14.1053;14.8421;16.5789;18.4737;12.8421;10.6316;8.68421;8.57895;6.68421;6.36842;9.89474;8.0;7.73684
A;7.15789;7.10526;8.68421;8.0;8.21053;9.63158;12.4737;8.52632;18.0;21.7895;14.8421;19.8947;16.2632;14.2632;10.5789;10.2632;12.1579;12.4737;10.1053;8.84211;9.26316;7.05263;5.52632
A;8.52632;4.10526;9.15789;6.10526;2.42105;8.73684;8.21053;9.89474;16.0;11.2632;13.6842;20.7368;19.6316;17.5263;14.2632;11.7368;9.84211;10.5789;11.0526;6.21053;3.21053;6.05263;4.0
A;7.42105;8.36842;7.10526;4.57895;8.15789;6.73684;15.2632;9.31579;15.0;17.8421;12.6316;12.0;14.3684;20.8947;19.5789;10.4211;11.2105;11.3158;8.0;8.0;8.73684;8.73684;6.78947
A;9.57895;8.26316;8.26316;9.94737;7.63158;10.3158;12.2105;13.9474;13.0;17.8947;15.8947;15.3158;19.3158;25.3684;16.1053;11.6316;8.89474;6.94737;9.05263;8.26316;4.47368;7.78947;9.26316
A;7.94737;5.63158;5.31579;10.8947;6.68421;6.68421;4.31579;11.5789;13.0;16.4737;24.8947;23.2105;17.9474;14.7895;15.7368;13.3684;10.6316;5.52632;6.57895;9.15789;9.36842;9.0;6.05263
A;9.0;7.89474;6.94737;8.73684;7.15789;5.26316;12.1053;13.3158;19.0;10.4737;18.9474;16.6316;8.89474;11.4211;9.57895;9.89474;9.84211;7.94737;7.94737;8.15789;9.57895;13.0526;9.68421
A;7.73684;7.73684;8.36842;9.0;9.78947;6.63158;5.10526;11.6316;12.0;13.8947;9.52632;11.5263;12.7895;15.9474;14.2632;11.7368;12.7368;9.26316;5.47368;8.52632;9.78947;6.94737;9.0
A;11.8947;9.57895;4.94737;5.47368;9.15789;7.47368;9.68421;11.8947;15.0;5.52632;13.0526;16.5263;19.3684;21.4737;15.1579;10.1053;11.3158;8.26316;4.94737;7.68421;10.0;9.05263;7.0
A;11.0;9.0;9.0;10.0;7.0;12.0;13.0;12.0;19.0;12.0;7.0;23.0;19.0;13.0;12.0;22.0;7.0;15.0;7.0;5.0;9.0;8.0;13.0
A;10.9474;6.57895;10.3684;8.47368;8.26316;13.3158;14.1579;7.31579;13.0;10.1579;17.1579;20.5263;20.2105;18.5263;11.1579;11.1579;7.78947;6.63158;8.52632;8.0;8.0;6.73684;6.10526
A;10.2632;12.7368;14.3158;12.3684;6.47368;12.0;11.7895;10.4737;19.0;17.1053;17.0;17.0;13.8421;15.9474;11.5263;10.8947;9.68421;9.05263;9.05263;8.42105;10.8421;12.1053;8.78947
A;6.10526;7.15789;6.84211;13.5263;13.1053;7.10526;12.5789;9.26316;14.0;11.1579;14.5789;12.4737;21.4737;21.7895;16.8947;9.31579;8.31579;8.94737;7.05263;7.68421;8.15789;6.57895;11.3158
A;9.42105;12.1579;10.5789;7.52632;9.36842;7.47368;8.78947;8.05263;20.0;9.26316;14.5263;18.5263;14.9474;12.0526;13.7368;9.15789;7.26316;9.47368;10.0;10.5789;10.3684;8.63158;9.47368
A;7.57895;7.36842;11.7895;8.10526;8.36842;10.6842;14.5789;16.8947;17.0;14.1579;18.4737;9.73684;10.3684;14.6842;17.3684;11.6842;8.0;11.1579;13.5263;12.5789;13.1053;12.1579;6.26316
A;13.3158;10.5789;10.0526;5.84211;11.1053;7.10526;14.9474;9.36842;17.0;5.84211;3.63158;10.4211;16.5263;10.7368;10.6316;12.0;14.1053;13.6842;10.0;9.42105;7.10526;9.42105;11.7368
A;4.10526;7.0;7.0;9.10526;12.6842;5.73684;14.5789;11.4737;20.0;16.0;18.0;15.0;9.0;21.0;10.0;11.0;10.0;9.0;5.0;8.0;10.0;12.0;9.0
A;7.63158;4.10526;7.57895;10.7368;10.6316;12.8421;12.3158;14.9474;14.0;14.9474;15.8947;23.5789;19.4737;16.5263;12.5789;9.73684;6.68421;6.57895;6.57895;5.0;7.94737;11.1053;7.26316
A;9.68421;7.36842;9.73684;7.31579;7.57895;6.31579;7.78947;9.89474;19.0;4.47368;12.8947;13.4211;20.7895;17.6316;11.0;12.4737;14.5789;9.26316;4.0;4.0;10.9474;9.52632;7.73684
A;6.47368;9.0;9.0;14.1579;5.73684;9.73684;7.42105;9.84211;22.0;15.3684;13.2105;13.0;12.2105;14.2105;17.0526;11.6842;8.57895;9.52632;10.0;9.15789;7.26316;7.57895;10.7368
A;8.0;8.0;8.0;3.57895;5.94737;10.3684;7.42105;6.05263;11.0;7.21053;7.89474;12.2105;9.84211;11.2105;12.0;12.6316;12.4211;10.9474;10.0;9.57895;9.0;9.31579;9.73684
A;6.31579;8.0;8.68421;6.78947;5.21053;8.36842;11.6842;9.15789;14.0;5.47368;14.1053;16.1053;19.8947;13.8421;15.8421;10.4737;10.4737;7.47368;9.57895;7.52632;8.15789;10.0;5.57895
A;8.42105;9.26316;7.94737;7.73684;8.0;7.15789;8.78947;9.94737;19.0;11.4211;12.7895;15.5263;17.5789;8.42105;9.10526;9.73684;10.1579;9.42105;9.89474;12.4211;10.4211;7.26316;8.94737
A;9.0;13.0;10.0;11.0;12.0;7.0;5.0;10.0;12.0;10.1053;16.2632;14.4737;10.0526;11.2105;8.57895;9.52632;12.1579;8.78947;7.84211;11.4211;11.6316;10.0526;7.47368
A;6.47368;8.36842;7.31579;8.47368;8.21053;12.2105;14.7895;12.1579;14.0;12.8421;10.6316;16.1579;16.1579;13.2632;14.0;11.4211;5.73684;5.89474;7.47368;6.42105;7.26316;11.4211;6.36842
A;5.84211;6.26316;5.63158;7.94737;12.1579;11.3158;9.21053;6.15789;18.0;11.3684;19.9474;19.3158;18.2105;13.5789;12.6842;14.8947;13.1053;12.0526;9.68421;7.26316;8.26316;6.36842;5.0
A;9.47368;6.94737;4.68421;9.42105;8.63158;9.68421;15.3684;10.3158;15.0;13.1053;13.8947;15.6842;15.2105;14.2632;18.1053;18.1053;11.2105;11.7368;12.2105;6.31579;4.36842;5.31579;6.52632
A;11.3158;9.84211;8.0;9.47368;6.84211;8.52632;9.89474;10.0;15.0;14.0526;8.63158;16.4211;18.0;12.1053;12.7368;14.6316;10.9474;9.05263;8.10526;7.68421;8.89474;7.63158;10.0526
A;10.1579;9.0;10.2632;10.8947;6.89474;12.7368;6.52632;11.0;11.0;12.8947;13.0;15.5263;15.2105;15.7368;13.9474;11.7368;10.4211;7.89474;4.57895;8.47368;14.5263;10.1053;6.0
A;7.31579;4.63158;4.0;5.05263;7.57895;6.47368;9.21053;11.0526;12.0;15.7895;18.6842;13.9474;17.7368;13.1053;11.6842;12.0;10.2632;8.47368;8.0;7.57895;6.26316;5.94737;7.21053
A;10.1579;8.26316;7.31579;8.52632;9.36842;8.10526;13.7895;12.0;12.0;10.0;10.0;19.0;16.0;19.0;10.0;14.0;12.0;8.0;7.0;11.0;5.0;7.0;10.0
A;5.0;9.0;11.0;8.0;2.0;6.0;9.0;2.0;10.0;8.10526;10.6842;13.5263;20.3158;13.1579;12.0526;9.84211;9.73684;10.4737;9.52632;8.57895;9.84211;11.7368;7.94737
A;11.8947;7.89474;7.89474;11.4737;9.57895;8.78947;13.0;13.3684;20.0;28.5263;19.1579;19.6842;20.0;17.0526;13.2632;9.47368;8.0;8.52632;9.47368;10.0;10.3684;10.3684;7.94737
A;8.42105;9.26316;12.7368;8.84211;5.42105;7.52632;9.78947;10.0;21.0;19.1053;13.6316;13.0;13.0;14.4737;18.4211;14.9474;10.8421;10.0;8.10526;5.15789;4.73684;6.0;6.78947
A;9.42105;9.0;6.94737;14.8421;10.8947;9.0;9.0;10.8947;12.0;13.8947;12.3158;15.9474;20.1579;15.9474;12.0526;8.52632;6.84211;6.10526;6.10526;8.57895;11.5263;12.3158;8.31579
A;5.89474;9.26316;17.5263;10.6842;7.0;7.84211;7.10526;11.7368;12.0;18.6316;15.4211;13.3158;13.7895;9.57895;10.7368;10.7368;8.26316;9.63158;10.5789;8.15789;5.52632;4.89474;9.26316
A;12.8421;12.8947;9.42105;6.52632;8.63158;10.6842;8.89474;8.42105;16.0;17.8947;19.7895;18.3158;10.1053;10.2105;11.0;6.57895;8.63158;9.36842;8.89474;10.1579;6.78947;3.63158;5.78947
A;10.5789;11.1053;11.7368;8.47368;7.63158;10.0;9.68421;7.47368;16.0;13.0;17.0;19.0;19.0;21.0;18.0;15.0;12.0;8.0;14.0;7.0;6.0;9.0;9.0
A;9.57895;10.0;9.31579;5.31579;8.73684;10.0;5.52632;18.2632;17.0;17.0;13.4211;15.5263;15.2105;19.4211;14.1579;7.21053;5.0;8.68421;9.15789;9.36842;11.4211;9.21053;12.9474
A;7.94737;6.89474;5.94737;6.47368;6.21053;11.8947;5.84211;17.3158;13.0;12.0526;10.2105;13.3684;13.2105;19.6316;13.1053;8.36842;9.73684;12.0526;10.1579;11.6316;15.7895;10.7368;8.0
A;7.0;10.0;7.0;7.0;10.0;6.0;15.0;13.0;14.0;8.31579;8.0;11.3684;15.9474;18.4737;12.1579;10.2632;15.6316;14.2632;10.0;9.57895;9.36842;10.3158;10.2105
A;11.0;7.0;8.0;14.0;8.0;7.0;2.0;6.0;13.0;7.10526;9.10526;10.4737;12.7895;12.5263;14.9474;17.3684;14.6316;8.10526;9.15789;9.10526;6.36842;9.42105;6.57895
A;10.5789;9.73684;11.0526;10.5263;6.05263;13.4211;10.5263;12.8421;8.0;11.8947;9.36842;6.05263;17.6316;16.5789;9.52632;14.6316;14.0;11.6316;5.84211;5.31579;7.63158;9.36842;10.7368
A;11.5263;7.73684;7.68421;5.78947;6.57895;7.0;8.78947;15.6316;15.0;13.6842;8.63158;13.5263;12.0526;14.6842;11.9474;12.8947;9.73684;10.8421;10.3158;7.0;12.6842;10.5263;8.0
A;9.42105;13.4211;9.15789;10.4211;11.2105;9.31579;5.42105;15.4211;17.0;17.9474;17.1053;13.6316;18.5263;13.3684;9.63158;12.7895;11.5263;10.5789;9.63158;7.0;9.21053;11.4211;8.26316
A;9.21053;11.1053;10.0;11.4737;4.89474;8.05263;9.0;11.8421;11.0;15.7368;15.1053;22.5789;19.2632;14.3158;17.1053;16.4737;16.7368;12.2105;9.36842;11.1579;10.7368;12.0;9.89474
A;7.36842;12.3684;11.4211;8.0;8.63158;11.1579;11.8947;11.3684;18.0;16.1053;17.7895;18.8421;15.0526;11.7895;9.63158;7.10526;8.89474;8.89474;7.0;8.68421;11.3684;9.47368;4.78947
A;7.42105;10.1579;9.94737;10.4737;5.47368;14.1053;10.6316;16.6316;20.0;19.3684;26.0;25.5263;23.4211;23.6842;19.3684;15.0526;8.31579;7.42105;9.0;7.26316;7.26316;8.0;10.9474
A;13.2632;12.0526;7.31579;7.47368;7.05263;11.3158;12.7895;11.5263;21.0;18.1579;12.6316;13.6842;19.5263;19.5263;11.4737;12.4211;12.1053;13.1579;11.7368;8.26316;8.89474;8.57895;11.2105
A;11.5789;9.15789;7.26316;9.73684;8.57895;8.10526;13.2632;7.78947;22.0;17.2632;16.1053;12.6316;15.9474;18.4737;14.2105;11.3684;6.94737;5.05263;8.36842;10.1579;8.63158;8.63158;8.68421
A;10.5789;7.84211;5.31579;10.1579;8.05263;7.0;9.68421;13.7895;15.0;16.8421;14.2105;16.0;14.7368;10.7895;13.6316;12.0526;7.42105;6.57895;8.68421;12.5789;9.84211;6.63158;6.73684
A;8.0;11.0;12.0;8.0;8.0;5.0;11.0;15.0;13.0;11.1053;11.0;11.8421;18.3158;16.3158;13.6316;15.5263;14.6842;9.84211;6.05263;5.42105;7.47368;8.73684;7.05263
A;11.4737;6.52632;4.31579;6.84211;12.0;11.8421;10.4737;6.26316;11.0;8.15789;16.0526;11.9474;15.7368;16.2632;13.9474;11.1053;8.84211;8.52632;6.63158;6.52632;7.78947;5.57895;9.52632
A;13.5789;12.1053;10.3158;10.0;5.26316;9.05263;10.8947;6.26316;11.0;10.3684;16.7895;16.5789;22.2632;12.2632;12.3684;11.7368;10.8947;6.57895;7.10526;10.7368;10.1053;9.68421;10.0
A;11.7368;10.3684;9.73684;6.73684;6.84211;8.73684;2.63158;8.31579;14.0;8.31579;11.5789;13.6842;13.2105;20.3684;17.5263;16.2632;13.5263;13.6316;15.0526;10.2105;5.0;8.78947;14.3684
A;6.73684;8.0;11.4211;10.0526;4.26316;8.05263;9.89474;5.26316;10.0;9.05263;12.5789;13.8421;14.0;14.7368;14.3158;13.3684;11.2632;9.47368;11.8421;10.7895;6.84211;9.68421;9.26316
A;6.31579;5.47368;6.10526;5.42105;13.1053;7.42105;14.4737;10.1053;12.0;13.8947;21.1579;13.5789;13.5789;16.9474;13.2105;11.0;12.1579;13.5263;11.1579;11.3684;14.1579;11.0;10.4737
A;7.0;8.0;13.0;9.0;10.0;9.0;12.0;12.0;16.0;19.7895;11.0526;19.2632;17.0526;15.2632;10.8947;7.10526;6.57895;7.0;6.52632;10.6316;14.7895;9.42105;5.47368
A;10.7368;8.84211;9.73684;9.52632;10.5789;7.63158;8.78947;4.26316;10.0;4.31579;11.1579;22.1053;16.1053;14.0;16.0526;12.5789;13.4737;12.3158;7.57895;8.10526;11.0;9.10526;6.57895
A;8.42105;8.0;11.4211;8.57895;8.57895;6.47368;6.89474;7.94737;15.0;14.0526;15.1053;16.3158;17.3684;17.1053;20.1579;11.4211;8.68421;10.5263;8.94737;9.15789;9.36842;14.4737;9.63158
A;10.5263;8.0;8.0;5.78947;11.3158;11.3158;8.31579;5.15789;13.0;14.2632;19.1053;18.5789;11.4211;11.6842;8.31579;9.36842;11.6842;9.73684;7.63158;8.84211;11.7895;6.47368;7.42105
A;7.57895;7.36842;8.0;8.52632;9.15789;6.78947;10.8947;10.2105;14.0;11.1579;12.7895;18.8947;12.8947;11.0;11.6842;12.6316;12.4211;12.0;10.5789;6.89474;4.36842;6.26316;9.52632
A;8.42105;8.63158;5.57895;3.26316;7.73684;7.31579;8.78947;9.94737;15.0;12.1579;9.31579;12.3684;16.1579;11.8421;10.0;6.84211;5.0;8.68421;10.1053;7.57895;8.84211;12.0;10.9474
A;7.89474;7.47368;7.36842;8.73684;6.63158;7.68421;6.21053;9.78947;11.0;6.26316;12.2632;13.8421;8.47368;15.1053;15.2632;12.1053;8.10526;6.52632;7.47368;9.26316;10.6316;10.3158;12.8421
A;10.8421;6.21053;6.05263;7.0;9.36842;3.26316;9.15789;10.0;13.0;9.05263;10.3158;14.5789;20.0526;10.3158;12.7368;11.8421;13.3158;10.0526;9.52632;10.5789;9.73684;10.3684;8.78947
A;6.0;6.0;7.0;10.0;5.0;13.0;14.0;10.0;19.0;11.0;13.0;19.0;19.0;9.0;17.0;20.0;10.0;13.0;6.0;4.0;7.0;11.0;6.0
A;7.84211;9.0;8.36842;7.26316;8.0;7.52632;5.84211;12.8947;11.0;9.10526;15.2632;12.6316;12.0;10.5263;8.63158;11.7895;13.4211;10.3684;7.05263;6.84211;8.0;8.31579;9.0
A;8.47368;8.47368;6.31579;7.47368;7.21053;6.15789;8.68421;9.0;15.0;14.8947;13.4211;16.0526;9.52632;5.57895;9.36842;7.63158;8.26316;10.0;12.6316;10.9474;9.89474;11.0;10.2632
A;6.84211;6.89474;5.94737;8.26316;8.57895;7.31579;10.0526;19.1053;21.0;16.2632;17.7895;23.0526;18.4737;16.2632;14.6316;16.5263;10.4737;7.63158;9.05263;8.84211;9.26316;7.68421;7.78947
A;9.47368;6.36842;7.63158;9.26316;9.36842;7.15789;8.31579;11.5789;22.0;10.0;9.0;22.0;10.0;8.0;14.0;8.0;7.0;12.0;12.0;7.0;7.0;7.0;11.0
A;8.47368;11.6316;7.89474;7.47368;6.42105;8.52632;16.1579;14.1579;17.0;17.9474;22.4737;16.2632;18.1579;18.2632;16.6316;16.6316;11.2105;9.10526;10.5263;9.57895;8.26316;7.63158;7.94737
A;8.73684;10.0;9.31579;8.26316;5.63158;5.0;8.57895;13.7368;18.0;8.0;10.0;12.0;13.0;13.0;14.0;11.0;9.0;8.0;5.0;13.0;13.0;10.0;5.0
A;9.89474;8.84211;7.68421;10.9474;11.2105;5.10526;2.21053;7.68421;15.0;15.9474;18.6842;14.7895;13.2105;15.2105;10.5263;9.26316;11.7368;10.8947;8.52632;7.57895;8.10526;9.36842;7.21053
A;5.05263;9.89474;9.63158;6.05263;8.94737;10.0;9.10526;11.8421;13.0;17.7368;12.6316;10.3158;15.5263;12.5789;8.26316;8.89474;10.5789;7.84211;5.94737;5.31579;4.10526;6.0;6.78947
A;9.52632;6.36842;8.05263;6.05263;9.73684;6.78947;8.68421;13.7368;16.0;16.0;15.1053;16.6842;11.4737;8.52632;14.1579;13.8421;10.8421;7.89474;8.36842;9.31579;6.63158;8.52632;13.2105
A;8.94737;11.1579;8.0;8.0;8.63158;11.3158;12.4737;8.42105;16.0;13.0;12.5789;9.94737;15.4211;15.1579;10.6316;13.4737;14.3158;10.5789;6.89474;6.73684;9.89474;10.3158;4.84211
A;7.26316;8.52632;5.89474;7.68421;10.5789;5.10526;5.78947;12.6316;11.0;9.94737;9.63158;14.6842;15.1053;23.5263;25.0;21.3158;14.5789;9.26316;5.05263;8.31579;8.73684;6.63158;8.21053
A;9.15789;7.26316;7.89474;10.6842;7.84211;10.6842;9.21053;11.1579;14.0;12.1053;10.2105;14.2105;20.5263;16.8421;12.2632;9.10526;8.57895;8.47368;7.52632;8.26316;11.1053;11.1053;7.26316
A;10.0;6.0;9.0;10.0;6.0;14.0;6.0;9.0;14.0;8.21053;13.1579;21.4211;13.0;12.2105;10.3158;12.8421;16.4211;16.0526;15.0;13.8421;10.4737;8.31579;9.47368
A;11.2632;4.94737;4.73684;7.47368;9.57895;8.31579;7.10526;9.84211;16.0;12.2105;11.1053;14.3684;12.6316;12.0;16.1053;14.2105;12.0;8.31579;7.84211;11.0;9.89474;7.36842;6.78947
A;10.3158;9.47368;9.36842;7.78947;8.57895;9.0;11.6842;15.7895;14.0;13.0526;20.1579;16.7895;17.5789;18.7368;17.6316;10.0526;8.31579;7.36842;5.94737;6.57895;7.84211;10.0526;8.0
A;4.68421;8.05263;6.89474;4.26316;7.15789;5.47368;11.2632;8.21053;19.0;12.3684;11.1053;14.3684;12.6316;13.4737;10.5789;10.8947;10.8421;8.94737;7.52632;5.31579;5.21053;10.2632;11.1579
A;8.42105;9.26316;11.3684;12.7368;8.26316;3.63158;11.0526;7.26316;16.0;13.1579;18.3684;12.2632;19.6842;13.1579;12.7368;12.1053;6.36842;8.26316;11.1053;9.0;8.63158;8.94737;10.7368
A;8.15789;8.84211;10.4211;7.52632;8.78947;8.78947;13.5263;17.8421;15.0;10.2632;13.5789;12.3158;14.3684;13.5263;12.3158;8.84211;9.31579;7.84211;5.94737;7.84211;7.52632;6.26316;8.21053
A;8.21053;9.47368;8.0;9.47368;9.21053;9.0;4.52632;12.5263;23.0;12.5789;13.7895;22.4211;21.6316;12.1579;11.7368;12.3684;12.0;14.1053;12.6842;7.73684;6.36842;7.94737;9.21053
A;6.15789;8.26316;6.94737;9.68421;11.0;11.0;5.63158;15.4211;11.0;10.0;10.8421;17.0526;13.4737;16.6316;11.2632;14.0;10.6316;10.7368;11.7895;8.57895;5.21053;3.68421;9.15789
A;8.42105;6.73684;6.0;9.68421;5.47368;9.89474;11.8947;15.7895;19.0;20.8947;11.1579;12.5263;16.9474;14.3158;14.3684;12.4737;9.84211;7.94737;7.94737;9.0;9.0;9.63158;9.94737
A;6.57895;7.0;13.8421;8.89474;7.57895;12.2105;8.52632;10.8421;11.0;11.0;11.0;11.8421;15.1579;14.5263;15.3684;17.2632;15.6842;12.4211;12.4211;10.6316;6.73684;8.0;8.78947
A;12.0526;8.0;7.68421;7.78947;10.4211;11.3684;8.21053;10.2105;14.0;8.21053;12.8421;18.7368;11.3684;9.26316;10.9474;13.3684;9.36842;8.68421;9.73684;9.63158;9.21053;9.05263;9.26316
A;10.9474;11.6842;7.57895;11.5263;12.1579;9.63158;13.2105;15.0526;16.0;17.6316;11.4211;15.3158;15.5263;8.68421;10.0526;18.4211;12.3158;7.63158;6.05263;8.73684;8.10526;8.36842;9.73684
A;13.3684;17.6316;14.1579;6.68421;3.21053;4.63158;8.73684;14.9474;14.0;17.7895;16.2105;24.4211;18.1053;21.1579;15.4737;12.0;11.4211;10.4737;7.15789;5.68421;9.84211;11.4211;7.47368
A;9.57895;9.36842;9.68421;9.78947;10.7368;6.63158;10.3158;12.9474;12.0;6.0;14.0;17.0;19.0;17.0;12.0;10.0;13.0;9.0;8.0;9.0;6.0;12.0;8.0
A;7.26316;4.73684;7.42105;8.26316;10.3684;11.8421;3.05263;10.5263;16.0;10.3684;16.2632;11.1053;16.5789;13.9474;11.0;9.89474;8.84211;9.05263;8.0;8.0;8.0;6.63158;8.94737
B;9.57895;6.21053;5.36842;11.1579;7.47368;9.36842;8.21053;6.10526;10.0;11.9474;11.0;11.9474;16.1579;13.7895;15.3684;15.4737;15.8947;11.1053;9.0;11.8947;9.57895;7.0;7.73684
B;12.0;16.0;10.0;10.0;8.0;10.0;10.0;13.0;13.0;9.31579;15.1053;15.0526;10.0;12.1053;17.6842;14.0526;10.6842;14.4211;10.2105;7.31579;12.1579;9.21053;9.94737
B;11.1579;8.21053;10.1053;13.4737;8.47368;12.0526;15.6842;8.42105;14.0;9.63158;20.1579;13.4737;15.5789;13.4737;12.6316;12.8947;9.73684;8.47368;5.84211;7.05263;8.10526;9.05263;8.52632
B;7.73684;9.63158;7.26316;7.47368;7.21053;8.68421;11.6842;9.15789;16.0;16.9474;11.6316;11.8421;18.3158;11.8947;10.3684;13.5263;7.47368;5.68421;9.47368;10.0;11.8421;13.1053;10.5789
B;12.2105;8.10526;9.36842;7.73684;6.15789;4.42105;11.4737;7.15789;10.0;4.31579;9.36842;11.6842;10.4211;18.1053;21.6842;15.6842;14.8947;10.6842;5.47368;6.84211;8.0;7.68421;7.52632
B;10.6842;9.63158;8.63158;7.26316;10.1579;8.47368;13.3684;8.31579;16.0;10.3158;11.7895;18.7368;13.6842;12.7368;11.6316;12.2632;13.0;10.8947;10.8947;10.0526;7.47368;10.6316;11.2105
B;8.68421;9.52632;7.57895;10.4211;8.84211;11.3684;12.0;12.0;15.0;8.36842;8.0;10.5263;16.5263;15.7895;10.2105;9.89474;7.52632;9.21053;13.0;10.4737;5.15789;4.21053;9.78947
B;8.31579;10.0;8.63158;8.73684;9.0;7.31579;6.10526;10.7368;13.0;11.1053;13.6316;18.2105;13.3684;12.3158;13.7895;8.63158;8.42105;14.6842;14.1579;10.3158;12.6316;11.6316;8.78947
B;6.94737;4.63158;6.36842;7.73684;12.7368;14.8421;10.5263;10.9474;14.0;10.9474;10.3158;12.5263;10.8421;12.6842;8.68421;7.26316;7.26316;9.0;9.0;10.1579;11.6316;14.0526;6.89474
B;9.84211;7.73684;6.31579;6.0;6.78947;7.0;7.0;9.84211;10.0;11.2105;14.5789;11.3158;14.8947;19.3684;12.0;12.0;11.1579;10.4737;9.94737;6.68421;6.26316;6.31579;5.26316
B;4.42105;7.21053;11.0;12.0526;12.6842;4.31579;5.78947;4.31579;10.0;7.15789;12.3684;18.0526;11.8947;11.4737;11.3158;9.10526;5.68421;4.0;4.47368;6.68421;10.1053;10.7368;7.21053
B;12.1579;8.57895;5.31579;8.68421;4.47368;9.73684;7.42105;10.7895;9.0;9.94737;14.4737;18.3684;13.4737;13.4737;15.3684;9.05263;8.47368;11.5263;8.21053;5.26316;8.47368;10.3684;8.73684
B;6.15789;5.73684;7.73684;8.26316;7.21053;9.52632;10.8947;7.21053;14.0;12.0;14.0;20.0;19.0;16.0;17.0;12.0;12.0;6.0;10.0;5.0;6.0;10.0;9.0
B;8.89474;6.36842;7.63158;10.5789;14.1579;10.6842;9.31579;12.2105;16.0;15.0526;18.5789;13.9474;12.2105;13.4737;11.9474;12.8947;11.6842;8.42105;8.42105;8.31579;7.47368;10.9474;11.4211
B;6.57895;5.10526;6.05263;4.78947;4.78947;5.0;13.0526;8.31579;17.0;8.0;16.0;16.0;13.0;11.0;10.0;8.0;7.0;10.0;9.0;9.0;7.0;10.0;9.0
B;4.57895;6.89474;8.68421;6.78947;9.94737;10.1579;10.0;8.10526;17.0;8.10526;10.6316;15.6842;15.6842;19.3684;12.6316;13.2632;11.1579;7.15789;7.68421;12.1579;6.68421;7.10526;10.4737
B;11.0526;8.10526;9.36842;7.73684;7.0;6.68421;5.42105;9.26316;14.0;15.8947;16.8947;10.2632;11.3684;10.5263;10.6842;9.10526;6.84211;6.0;7.89474;9.57895;7.15789;4.94737;6.73684
B;7.57895;8.10526;8.10526;6.10526;12.0;11.5263;8.68421;6.36842;13.0;5.42105;11.2632;10.3158;9.21053;13.4211;14.3158;17.1579;13.2105;8.47368;6.10526;7.36842;10.5263;7.05263;6.31579
B;7.68421;5.36842;9.10526;7.31579;9.94737;5.94737;5.0;7.84211;11.0;11.0;6.52632;14.4211;14.4211;12.5263;15.4211;13.8421;8.52632;5.47368;10.2105;13.4737;10.0;10.9474;12.4737
B;7.15789;6.36842;9.52632;12.3684;5.42105;7.78947;11.7895;10.3158;16.0;14.1053;15.7895;13.4737;9.84211;8.26316;7.31579;8.26316;11.3158;10.8947;9.94737;12.2632;10.3158;4.63158;7.31579
B;9.52632;8.89474;7.94737;3.31579;5.15789;8.52632;7.21053;11.7368;19.0;12.3684;13.7895;14.8421;15.0;16.4737;14.2632;9.84211;9.15789;7.36842;6.42105;6.73684;5.36842;5.68421;6.05263
B;9.42105;9.0;11.7368;8.57895;9.36842;7.47368;11.4737;12.0;20.0;15.2632;15.8947;14.3158;13.2105;10.0526;10.3684;9.10526;10.8947;10.8947;6.63158;4.84211;6.73684;8.31579;9.0
B;9.57895;10.0;10.0;10.0;7.63158;7.84211;13.3684;11.1579;18.0;14.2105;18.4737;13.9474;11.4211;14.6842;11.8947;8.73684;8.57895;7.42105;10.7368;10.5263;5.57895;10.9474;11.1579
B;9.47368;11.3684;6.21053;4.0;11.8947;8.94737;4.42105;12.5263;12.0;11.0526;11.8947;11.1579;14.9474;13.0526;11.3158;10.3684;8.84211;8.0;9.89474;12.0;10.5263;8.0;8.26316
B;7.78947;7.78947;11.3684;6.84211;6.57895;8.68421;8.10526;8.94737;17.0;13.8421;11.0;11.0;11.0;12.0526;13.7368;12.1053;11.8947;9.94737;11.5263;8.52632;4.73684;4.68421;10.8947
B;8.15789;7.73684;7.73684;5.78947;8.42105;10.0;10.2105;12.0526;13.0;10.9474;10.4211;13.6842;10.7368;7.05263;10.0;8.15789;4.57895;8.73684;11.8947;6.52632;5.26316;9.42105;9.52632
B;11.3158;8.26316;7.63158;8.21053;6.0;5.52632;3.63158;9.47368;18.0;7.0;7.94737;15.6842;14.8421;19.0526;20.4211;12.5789;7.10526;11.8947;10.3158;7.0;7.63158;10.7368;10.5263
B;5.26316;7.15789;9.68421;7.78947;12.5263;4.73684;6.57895;9.84211;15.0;5.0;15.0;13.0;17.0;11.0;19.0;13.0;15.0;7.0;7.0;6.0;10.0;7.0;9.0
B;8.42105;10.1053;9.47368;5.31579;9.84211;11.8947;6.63158;12.1053;14.0;8.26316;13.2105;14.6842;12.3684;13.6842;19.5789;9.63158;9.0;7.57895;7.57895;10.7368;12.0;8.57895;9.21053
B;13.3158;8.05263;8.10526;9.26316;9.78947;10.0;10.0;15.6842;21.0;13.1053;15.0;15.9474;19.7368;15.2632;14.4211;11.0;10.5789;8.10526;6.52632;7.57895;8.63158;8.31579;5.05263
B;11.4211;8.47368;7.68421;5.78947;9.73684;9.31579;8.10526;11.7895;10.0;8.15789;10.6842;8.78947;13.0;11.6842;8.31579;9.73684;11.4211;11.5263;12.0526;9.52632;9.52632;8.94737;8.0
B;9.52632;8.89474;7.26316;7.47368;4.05263;8.05263;7.21053;10.7895;19.0;6.36842;13.8421;19.4211;10.5789;8.47368;7.94737;7.78947;5.68421;8.47368;7.94737;7.0;6.36842;8.05263;6.05263
B;6.57895;6.36842;12.8421;13.0526;12.0;9.47368;8.10526;8.94737;14.0;7.26316;12.5263;17.1579;17.1579;13.2105;10.6842;10.3684;11.0;8.63158;6.52632;7.57895;9.89474;8.94737;6.52632
B;8.42105;7.36842;9.73684;8.78947;6.42105;9.36842;7.31579;11.7368;12.0;10.1053;15.3684;15.1579;16.5789;11.8421;12.7368;10.8421;9.57895;7.89474;6.0;8.52632;11.6316;9.73684;6.73684
B;11.4211;9.10526;7.31579;9.21053;7.63158;11.2105;10.2105;13.7895;20.0;14.0;14.0;16.0;11.0;8.0;8.0;9.0;8.0;13.0;11.0;11.0;6.0;4.0;8.0
B;7.57895;7.0;6.68421;5.47368;4.42105;6.15789;6.89474;6.73684;20.0;11.4737;11.8947;13.6842;13.2105;18.1579;17.2632;8.42105;6.89474;7.94737;7.0;8.26316;8.15789;5.94737;8.78947
B;5.57895;7.21053;8.78947;5.05263;9.05263;12.5263;10.5263;15.0526;16.0;12.0526;13.1053;14.1579;15.0;14.7368;13.0526;11.0;11.4211;11.0526;7.89474;6.0;9.15789;11.0;6.57895
B;5.0;8.78947;11.0;5.84211;7.15789;6.31579;10.4737;10.0526;19.0;7.63158;22.2105;14.7368;9.84211;9.73684;15.4737;12.3158;4.36842;5.73684;8.57895;6.57895;6.73684;8.63158;8.94737
B;9.52632;7.0;7.68421;10.9474;12.0;6.94737;9.57895;10.9474;19.0;10.0;9.0;11.0;10.0;8.0;13.0;9.0;9.0;15.0;13.0;8.0;8.0;9.0;11.0
B;10.0;9.26316;8.94737;10.7368;8.73684;4.47368;7.42105;11.2632;16.0;22.6316;14.9474;14.8421;12.6316;12.0;8.57895;8.89474;11.1579;11.4737;13.8421;11.9474;7.21053;10.3684;8.21053
B;8.05263;8.47368;4.94737;5.47368;9.15789;6.63158;7.78947;7.05263;11.0;7.26316;12.0;11.6842;10.2105;11.0;9.73684;5.52632;5.94737;5.73684;5.21053;7.26316;6.0;10.1053;9.78947
B;7.78947;7.15789;9.0;8.26316;7.21053;5.31579;13.9474;13.1053;15.0;9.0;11.0;15.0;12.0;10.0;10.0;10.0;10.0;10.0;12.0;12.0;7.0;8.0;5.0
B;8.10526;6.63158;7.68421;10.9474;7.26316;7.68421;7.10526;7.94737;19.0;14.2632;14.0;8.94737;12.7368;16.2105;14.2632;15.5263;14.6842;9.84211;7.94737;10.2632;10.5263;8.63158;9.47368
B;8.0;11.7895;9.21053;10.6842;11.2105;7.63158;13.2632;9.26316;15.0;9.31579;17.0526;20.5263;15.4737;11.7895;10.3158;10.0;7.68421;10.7368;13.1053;9.31579;6.63158;7.57895;10.2105
B;8.84211;10.5263;7.21053;6.47368;7.0;9.52632;7.31579;9.84211;14.0;10.7368;23.2632;16.0526;12.4737;15.3684;9.26316;12.3684;10.4737;6.52632;6.52632;8.15789;8.36842;10.7368;8.31579
B;9.31579;8.10526;11.2632;12.6842;9.42105;10.2105;6.63158;12.0526;13.0;9.21053;14.3684;15.0;17.3684;16.5263;10.5263;9.89474;12.1579;8.78947;7.84211;8.89474;6.73684;8.94737;10.7368
B;9.0;10.0;11.0;9.0;6.0;8.0;4.0;6.0;15.0;12.1579;19.1579;15.7895;12.6316;12.7368;10.9474;10.6316;11.5789;8.84211;7.89474;8.73684;8.47368;9.10526;6.31579
B;6.42105;8.47368;11.3158;12.0;10.7368;6.15789;7.63158;13.0526;14.0;7.36842;17.7368;13.9474;10.6316;12.9474;12.6316;6.94737;7.47368;6.84211;6.84211;9.15789;10.2105;12.7368;10.0
B;9.26316;10.6316;9.05263;7.78947;9.36842;7.0;8.05263;17.0;17.0;14.1579;15.7895;16.0;12.8421;9.78947;8.31579;9.26316;10.0;12.6316;9.78947;4.42105;5.73684;8.89474;11.6842
B;9.0;7.73684;9.73684;9.52632;5.84211;6.68421;8.78947;10.8947;13.0;7.31579;17.7368;12.2632;14.1579;14.2632;14.6842;13.1053;7.94737;8.15789;8.15789;5.42105;8.57895;11.7368;8.21053
B;2.42105;4.10526;7.26316;10.2632;10.3684;7.36842;4.42105;8.21053;12.0;10.8421;8.52632;13.4737;15.3684;13.7895;15.6842;12.7895;6.89474;6.36842;10.0526;7.52632;11.3158;8.84211;6.73684
B;12.3158;8.31579;9.10526;8.78947;5.63158;7.52632;8.89474;9.94737;12.0;14.8421;13.2105;15.5263;18.3684;21.2105;18.5789;11.9474;9.57895;8.94737;15.1053;15.8421;8.94737;11.4737;7.05263
B;16.0;8.0;5.0;16.0;8.0;3.0;11.0;12.0;14.0;11.1579;19.0526;14.1053;16.1579;14.7895;14.0;10.8421;12.4737;13.4211;11.5263;8.89474;6.36842;7.94737;10.5263
B;7.42105;7.63158;7.63158;7.94737;5.63158;8.0;8.63158;13.8947;12.0;10.1053;11.7895;17.0526;14.8421;11.7895;19.2105;16.0526;13.1579;9.78947;9.31579;11.7368;10.0;9.68421;8.47368
B;10.4211;10.6316;8.26316;8.47368;10.5789;9.31579;6.31579;9.78947;11.0;11.0526;11.6842;9.63158;13.4211;13.4211;8.36842;7.36842;8.42105;9.0;10.0526;9.84211;11.5263;9.57895;8.73684
B;9.73684;7.21053;8.42105;14.4211;13.6316;12.1579;13.7895;7.36842;18.0;12.3158;20.9474;14.4211;13.7895;16.2105;10.8421;7.36842;11.0526;13.4737;12.0526;11.4211;11.6316;10.6842;9.47368
B;10.3158;8.73684;10.0;10.7895;11.7368;7.47368;10.6316;16.1053;18.0;13.0526;13.3684;8.31579;10.4211;13.0526;14.7368;11.6316;10.5789;12.3684;13.4211;10.2632;10.2632;8.94737;8.0
B;7.31579;5.84211;7.42105;9.0;8.21053;8.0;9.78947;8.10526;16.0;11.2632;11.8947;12.0;14.3684;15.0;12.2632;11.6316;12.5789;9.31579;4.10526;4.52632;8.0;8.0;7.73684
B;8.89474;8.47368;7.68421;8.0;12.7368;7.26316;10.4737;13.8421;16.0;22.6316;17.6316;13.6316;14.5789;7.63158;9.10526;12.2632;8.94737;6.0;6.94737;8.42105;9.0;9.63158;10.7368
B;3.0;5.0;8.0;7.0;12.0;14.0;6.0;8.0;9.0;7.15789;10.2105;12.3158;13.5789;12.0;10.1053;7.10526;9.0;9.0;7.94737;11.6316;13.7368;10.9474;10.7368
B;5.26316;2.73684;4.73684;10.4211;10.4211;6.63158;7.78947;13.6842;18.0;10.4211;9.10526;13.2105;18.7368;14.1053;11.3158;12.8947;12.8421;10.4211;7.57895;7.26316;9.73684;8.47368;5.10526
B;8.73684;6.26316;6.89474;10.7368;9.15789;6.31579;7.78947;6.52632;16.0;9.84211;7.42105;10.8421;10.8421;12.6842;10.2632;14.4737;14.0526;12.3684;12.8947;8.68421;7.63158;3.89474;5.68421
B;11.5789;12.4737;12.7895;7.73684;7.21053;7.68421;6.31579;9.26316;14.0;6.42105;11.3684;14.5263;14.2105;14.0;16.0526;14.4737;9.52632;9.10526;8.63158;8.94737;11.8947;10.0;9.21053
B;5.0;5.0;7.0;11.0;12.0;7.0;5.0;9.0;15.0;5.0;11.0;11.0;17.0;12.0;16.0;14.0;14.0;5.0;12.0;11.0;14.0;8.0;5.0
B;7.68421;9.26316;7.68421;7.78947;8.94737;6.10526;11.5789;8.10526;10.0;7.15789;7.0;12.0526;7.47368;11.1579;13.0;12.3684;12.0;10.4211;8.52632;8.84211;9.63158;7.73684;4.47368
B;11.4737;6.52632;6.21053;9.68421;7.68421;13.0526;8.31579;10.9474;10.0;8.0;7.0;11.0;17.0;24.0;17.0;15.0;13.0;12.0;13.0;8.0;10.0;8.0;9.0
B;10.2632;9.78947;8.21053;12.4737;9.94737;6.94737;11.8947;11.2632;16.0;24.5263;12.4737;10.1579;13.9474;12.0526;7.57895;9.78947;12.5789;10.3684;11.3158;13.3158;11.0;10.3684;9.78947
B;10.8421;7.47368;6.68421;12.1579;9.26316;6.31579;8.68421;13.7368;13.0;10.7368;7.05263;15.6842;14.2105;15.0;13.7368;10.6316;8.31579;6.94737;10.6316;9.52632;7.63158;8.68421;8.26316
B;9.84211;8.36842;5.26316;6.21053;9.36842;4.10526;15.5263;11.3158;25.0;10.0;14.0;11.0;6.0;4.0;12.0;10.0;13.0;11.0;13.0;13.0;9.0;9.0;6.0
B;8.0;12.0;13.0;11.0;7.0;12.0;7.0;11.0;14.0;9.26316;9.0;20.7895;17.4737;13.0526;12.6842;7.94737;7.89474;8.94737;9.89474;12.0;11.2632;9.68421;8.73684
B;7.0;8.47368;9.73684;7.52632;9.21053;9.68421;8.31579;11.0526;12.0;14.8421;15.0;14.1579;16.3684;10.3684;10.7368;12.0;7.94737;4.47368;4.94737;7.68421;7.42105;5.21053;9.73684
B;13.0;4.0;5.0;13.0;7.0;14.0;9.0;13.0;12.0;14.8421;10.5263;12.5263;13.0;15.2105;12.5789;14.7895;12.3684;11.1053;9.21053;6.26316;9.10526;10.6842;9.73684
B;6.0;7.89474;9.68421;7.78947;4.63158;6.52632;11.4737;4.42105;10.0;10.0;10.5263;13.8947;8.63158;12.5789;16.6842;12.6842;7.84211;9.94737;10.4737;7.10526;7.52632;7.63158;10.6842
B;15.5789;10.3158;4.94737;7.68421;12.1579;7.94737;5.21053;9.73684;11.0;23.3158;20.4211;10.7368;10.5789;14.6842;11.2105;8.36842;6.26316;5.0;4.05263;5.94737;10.7368;11.0526;8.47368
B;5.26316;7.15789;8.31579;9.47368;9.21053;8.15789;8.0;12.7368;11.0;11.9474;14.6842;16.6842;14.6316;13.2632;10.9474;11.2632;11.4211;12.5789;13.5263;10.0526;7.84211;11.0;10.7368
B;13.0;5.0;8.0;9.0;8.0;8.0;10.0;11.0;14.0;11.1579;11.8947;8.63158;9.57895;12.9474;14.6842;11.2105;4.94737;4.10526;6.47368;8.68421;8.78947;5.63158;8.05263
B;8.0;10.2105;10.8421;5.31579;8.78947;8.31579;9.68421;7.26316;12.0;4.0;10.0;11.0;10.0;11.0;9.0;8.0;9.0;11.0;6.0;7.0;9.0;9.0;5.0
B;11.0;8.0;12.0;14.0;8.0;3.0;9.0;14.0;11.0;11.0;15.4737;16.0;17.5789;16.5263;13.9474;9.21053;8.73684;10.5263;11.9474;10.0526;8.21053;10.1053;7.05263
B;7.94737;10.5263;7.68421;7.78947;9.78947;9.0;9.0;9.31579;15.0;12.0;14.0;14.0;12.0;13.0;17.0;9.0;9.0;9.0;1.0;5.0;9.0;6.0;6.0
B;3.42105;6.78947;6.94737;5.26316;7.36842;7.15789;7.89474;10.8421;13.0;16.0;14.0;15.0;11.0;10.0;8.0;9.0;15.0;11.0;4.0;10.0;14.0;9.0;7.0
B;8.0;6.0;7.0;11.0;6.0;9.0;14.0;9.0;13.0;9.21053;17.9474;19.0;16.6316;13.7895;14.3684;9.94737;8.15789;8.47368;7.52632;8.26316;9.26316;8.0;7.47368
B;9.0;8.0;6.0;8.0;13.0;7.0;13.0;8.0;14.0;10.2105;16.2632;17.8421;13.2632;12.7368;10.2632;10.2632;10.4211;6.84211;7.31579;9.73684;8.0;8.0;6.68421
B;9.10526;9.42105;6.26316;9.78947;10.7368;6.47368;9.0;9.26316;14.0;13.0526;9.42105;19.1053;17.0526;12.3158;7.57895;10.4211;10.6842;8.47368;8.94737;7.89474;7.21053;10.3684;8.73684
B;7.31579;6.47368;9.78947;8.31579;12.5263;8.94737;10.6842;9.10526;15.0;14.0526;10.4211;11.6842;11.2105;19.8421;14.7895;12.2632;8.94737;7.05263;6.57895;5.84211;7.73684;9.63158;9.94737
B;10.0526;6.73684;9.89474;12.4211;8.63158;10.2105;6.42105;10.0526;11.0;12.8947;15.6842;20.2105;13.8947;12.0;9.94737;7.73684;8.15789;9.52632;10.4737;10.1579;9.0;6.78947;2.78947
B;9.84211;8.36842;10.0526;5.10526;6.94737;8.84211;8.10526;10.8421;18.0;8.15789;11.5263;15.3684;13.2632;17.4737;12.8421;6.73684;9.26316;11.0;9.42105;9.73684;7.21053;11.8421;9.84211
B;7.15789;8.63158;9.0;6.05263;6.57895;8.68421;10.7895;11.0;23.0;11.6316;11.8947;17.0526;10.8947;11.9474;13.0;9.21053;9.31579;12.5789;9.26316;5.26316;5.89474;5.26316;8.52632
B;6.0;9.0;10.0;5.0;10.0;8.0;2.0;9.0;11.0;11.0;15.4737;10.9474;14.7368;14.5263;12.6316;9.47368;10.3158;8.84211;6.94737;7.15789;4.89474;3.0;5.10526
B;11.1579;10.1053;8.31579;5.78947;6.57895;9.52632;8.21053;13.6842;16.0;15.0526;12.3158;13.6842;15.5789;10.8421;7.63158;5.73684;9.63158;10.8947;9.47368;9.15789;6.89474;6.89474;11.5263
B;12.0526;8.36842;9.31579;8.68421;6.26316;11.1579;11.6842;9.36842;16.0;13.1579;9.42105;7.31579;19.6316;16.3684;13.3158;9.21053;7.57895;9.57895;11.9474;11.7368;8.89474;7.63158;8.21053
B;7.73684;8.36842;9.36842;9.26316;8.21053;9.68421;6.42105;6.94737;15.0;15.9474;10.6316;16.7368;11.6842;12.9474;9.89474;5.47368;5.73684;9.63158;11.0526;10.4211;8.42105;5.89474;9.21053
B;7.94737;10.1579;7.63158;7.94737;6.68421;12.2105;7.78947;6.42105;14.0;6.42105;8.68421;11.5263;19.8947;14.6316;13.3684;19.0526;15.0526;8.94737;12.2632;15.3158;11.1579;8.0;8.52632
B;10.4211;10.0;12.0526;7.10526;7.36842;7.15789;7.0;11.7368;17.0;17.9474;15.3158;17.5263;17.2105;14.7895;11.2632;11.2632;9.10526;8.57895;10.9474;9.47368;6.73684;8.31579;9.52632
B;10.0;5.57895;6.42105;11.6842;12.2105;12.0;8.42105;14.6316;11.0;7.21053;10.5789;12.6842;12.2105;16.4211;14.5789;13.0;11.8421;6.78947;4.89474;7.0;6.63158;7.26316;9.21053
B;10.3158;8.0;7.68421;6.47368;4.78947;4.31579;6.10526;7.31579;13.0;10.1579;12.6842;11.3158;18.1053;18.5263;17.3158;13.2105;9.26316;9.05263;9.52632;8.15789;7.0;7.0;6.47368
B;8.84211;8.0;9.36842;8.52632;11.9474;7.10526;13.1579;9.26316;10.0;10.0;7.31579;12.8947;16.3684;14.0526;13.0;9.84211;12.0526;15.0;12.6316;9.15789;10.2105;13.6842;11.9474
B;5.94737;8.15789;6.26316;8.21053;6.63158;8.36842;6.05263;14.8947;13.0;9.21053;9.89474;11.6842;13.5789;6.63158;12.2105;10.9474;9.73684;9.42105;6.57895;5.84211;8.10526;8.42105;5.26316
B;10.2632;8.36842;8.0;6.52632;6.78947;10.3684;10.1053;12.8421;14.0;13.2105;17.5263;20.8947;15.2105;15.2105;12.3684;10.2632;11.1053;14.4737;10.7895;5.84211;3.73684;5.73684;6.26316
B;7.26316;6.0;4.63158;7.68421;8.21053;11.3684;7.52632;10.7895;14.0;14.0;22.0526;17.1053;14.4211;12.5263;9.94737;11.5263;10.6842;9.52632;7.63158;5.42105;7.10526;10.5789;12.6842
B;6.0;16.0;8.0;8.0;7.0;5.0;10.0;10.0;12.0;12.0;12.0;17.0526;20.3684;14.3684;10.6316;8.10526;6.42105;7.57895;9.0;8.15789;7.73684;9.31579;10.2632
B;5.73684;8.26316;9.68421;9.26316;12.9474;10.6316;9.10526;8.05263;18.0;15.1579;15.0;16.6842;11.4737;10.7368;8.26316;8.89474;10.0;8.42105;8.89474;10.5789;10.3684;9.42105;7.05263
B;11.1579;8.15789;5.31579;6.78947;9.21053;9.21053;5.21053;7.26316;12.0;13.8947;10.4211;6.63158;12.3158;8.10526;10.1053;10.1053;11.3158;12.4737;9.15789;8.94737;11.8947;8.10526;5.31579
B;5.57895;4.73684;4.68421;9.42105;11.7895;8.63158;8.0;8.94737;17.0;10.3684;16.2632;23.7368;10.7895;11.4211;10.9474;6.84211;9.05263;9.36842;8.42105;11.6842;11.7895;7.68421;6.47368
B;10.6316;6.0;8.21053;11.4211;7.21053;8.0;8.21053;10.1579;13.0;8.26316;15.1579;21.0526;14.1053;16.4211;14.5789;14.2632;10.9474;9.57895;8.15789;7.10526;8.15789;6.26316;9.0
B;6.0;8.0;11.0;9.0;8.0;9.0;12.0;16.0;20.0;15.2632;15.8947;16.0;16.0;12.3158;13.0526;14.6316;15.0;13.4211;10.5789;8.15789;7.0;6.68421;7.05263
B;8.0;11.0;9.0;3.0;11.0;9.0;10.0;9.0;16.0;6.52632;15.8421;11.9474;7.05263;8.94737;9.31579;9.63158;10.0;13.1579;10.3158;5.26316;7.73684;8.68421;8.0
B;7.42105;13.9474;9.78947;8.21053;5.84211;5.84211;15.8421;12.2632;19.0;14.2632;9.52632;10.6842;11.7895;12.0;11.3158;11.0;8.68421;7.52632;8.0;8.42105;9.0;9.63158;11.2632
B;8.52632;8.52632;10.0;5.57895;10.3158;7.78947;8.78947;7.10526;16.0;12.2105;12.8947;13.0;16.1579;19.9474;14.8421;10.7368;11.7368;13.0;11.5789;8.73684;9.57895;13.6842;11.6842
B;5.0;9.0;9.0;13.0;10.0;5.0;14.0;14.0;14.0;11.1579;13.8947;12.3684;8.78947;10.3684;13.5263;6.36842;7.42105;8.47368;8.47368;8.0;9.89474;9.63158;11.2105
B;8.42105;8.26316;7.0;7.78947;9.57895;8.47368;10.4737;6.42105;14.0;7.36842;7.89474;13.8947;11.8421;15.4211;9.47368;11.6842;10.9474;7.47368;8.42105;11.2632;9.68421;5.57895;8.47368
B;8.05263;8.47368;9.05263;8.52632;6.42105;7.68421;9.78947;8.10526;13.0;7.94737;7.21053;8.68421;8.05263;13.5789;16.7368;13.6316;14.6842;13.6842;11.0526;7.94737;6.26316;6.31579;8.21053
B;5.57895;7.89474;7.63158;7.0;6.21053;11.8947;9.42105;9.94737;11.0;8.15789;10.6842;8.31579;10.8421;12.9474;9.36842;9.10526;10.5789;8.10526;8.63158;10.4211;8.10526;6.31579;3.78947
B;12.1053;12.5263;12.6316;14.2105;13.4211;11.3158;12.7895;11.1053;14.0;14.0;11.3158;20.2632;19.6316;14.5789;10.2632;12.7895;13.2632;13.5789;10.7368;5.57895;5.73684;7.63158;10.5789
B;8.73684;8.73684;12.1053;11.7895;8.63158;8.0;10.6842;11.9474;21.0;12.0;12.0;14.0;16.0;8.0;11.0;8.0;8.0;4.0;10.0;8.0;10.0;8.0;8.0
B;8.73684;7.73684;9.0;8.21053;6.42105;8.0;8.42105;12.1579;15.0;9.31579;9.0;11.5263;12.7895;15.9474;21.1053;18.5789;11.9474;7.42105;6.0;4.73684;5.21053;7.73684;5.0
B;13.4737;9.05263;5.0;5.73684;6.78947;7.84211;10.6842;11.0;12.0;11.0526;14.5789;14.1579;14.0;13.2632;15.7368;15.1053;12.8421;8.84211;6.47368;7.42105;7.26316;6.31579;6.73684
B;8.42105;10.5263;11.3158;12.4737;6.68421;11.7368;5.84211;13.5263;19.0;12.3684;10.2105;11.6842;15.1579;12.3158;8.94737;10.5263;10.2632;7.42105;12.6316;15.7895;10.0;9.36842;8.26316
B;7.42105;5.73684;11.1579;11.0526;10.7895;11.0;9.21053;4.26316;21.0;6.15789;10.3684;19.9474;9.84211;14.3158;15.7895;12.1053;10.6316;6.94737;6.42105;9.05263;8.84211;7.0;9.21053
B;11.0;6.0;5.0;4.0;8.0;12.0;13.0;10.0;22.0;14.4211;17.5789;12.1053;8.63158;9.47368;8.63158;8.0;8.0;6.42105;7.84211;7.63158;4.84211;7.68421;6.73684
B;10.8947;7.63158;7.94737;9.21053;7.21053;8.78947;12.2632;6.47368;15.0;13.1053;13.0;12.1579;11.2105;14.6842;11.2105;6.47368;6.15789;6.47368;8.36842;10.5789;8.89474;7.31579;8.52632
B;10.0;10.6316;5.52632;8.89474;11.0;5.94737;9.47368;11.8947;16.0;7.47368;8.78947;12.3684;12.2105;15.6842;10.8421;8.0;9.73684;9.42105;8.0;6.73684;6.10526;8.31579;7.15789
B;6.10526;8.42105;8.26316;9.94737;7.84211;7.84211;6.21053;13.5789;16.0;15.0;10.0;8.0;13.0;8.0;7.0;8.0;5.0;6.0;6.0;3.0;10.0;8.0;3.0
B;8.42105;7.89474;6.94737;8.73684;7.36842;5.78947;9.78947;8.36842;15.0;14.1579;17.1053;16.7368;10.0;12.8947;16.8947;7.63158;7.42105;8.47368;9.0;7.84211;8.26316;9.0;5.31579
B;8.31579;8.10526;7.0;4.78947;6.36842;9.52632;9.10526;9.0;12.0;9.0;9.42105;12.5263;11.0526;14.7368;13.0526;10.6316;9.57895;10.8947;8.78947;6.15789;10.1579;7.21053;10.1579
B;8.15789;7.73684;6.31579;8.94737;6.05263;11.7368;5.84211;11.6316;14.0;7.36842;11.4737;14.5263;16.5789;19.2105;11.7895;9.26316;10.0;11.5789;10.1579;7.84211;8.26316;8.57895;11.4737
B;8.42105;8.63158;7.05263;5.78947;7.78947;7.47368;10.1053;10.8947;9.0;18.4737;20.7895;13.4211;15.1579;8.63158;7.36842;8.63158;11.3158;10.3684;8.47368;7.73684;7.47368;10.0;8.94737
B;10.1579;8.63158;9.57895;11.4211;8.05263;11.2105;7.52632;11.7895;8.0;6.10526;14.0526;14.1579;14.0;11.0526;14.1053;15.3684;11.5263;9.0;9.94737;10.1579;8.63158;6.42105;3.52632
B;11.2632;8.10526;5.63158;8.68421;7.63158;7.84211;8.89474;10.8947;13.0;9.31579;14.5789;11.6316;14.5789;12.2105;9.36842;8.0;8.0;9.42105;8.89474;5.84211;6.89474;11.4211;8.57895
B;7.31579;7.73684;9.73684;8.78947;4.05263;10.5789;9.31579;11.8421;13.0;11.2105;14.7895;14.5789;21.3158;14.2105;12.9474;13.8947;11.5789;7.68421;6.10526;10.3158;10.1053;11.0526;7.57895
B;7.15789;5.63158;5.31579;6.78947;10.0526;13.2105;8.78947;7.31579;13.0;12.7368;8.52632;13.4737;16.0;13.8947;8.31579;7.89474;6.0;6.94737;11.1579;9.36842;8.52632;12.7368;12.5263
B;9.42105;11.1053;12.6842;10.1579;6.05263;8.89474;3.31579;6.31579;12.0;5.36842;5.0;18.4737;18.6316;16.5263;12.5789;12.2632;13.0;11.4211;10.0;8.31579;5.63158;5.0;8.68421
B;9.10526;8.89474;12.7368;9.57895;9.57895;6.63158;11.3684;11.0526;15.0;10.2632;10.8947;16.8947;16.4211;16.7368;19.0526;13.0526;9.57895;6.31579;7.26316;9.47368;6.73684;7.68421;7.78947
B;4.52632;6.52632;5.57895;8.47368;7.21053;8.78947;13.5263;17.7895;14.0;15.8947;8.84211;16.4211;20.3684;17.3158;11.8947;13.7895;16.0;14.4211;9.68421;6.42105;8.10526;9.68421;8.73684
B;6.52632;9.63158;9.0;9.0;10.2632;13.7368;7.21053;9.52632;19.0;12.1579;15.9474;22.4211;15.2632;17.8947;12.3158;11.5263;10.2632;8.21053;9.26316;15.1579;9.68421;6.0;11.1579
B;9.0;8.0;10.0;3.0;11.0;6.0;6.0;12.0;16.0;10.3158;17.1579;16.3158;16.0;11.5789;9.31579;9.0;4.94737;7.78947;10.1579;9.52632;13.0;12.3684;9.94737
B;10.0;5.0;12.0;6.0;8.0;8.0;8.0;6.0;9.0;6.15789;10.4737;11.0;12.5789;16.6842;15.2632;9.57895;7.57895;8.0;8.94737;10.4211;9.52632;8.57895;11.4737
B;8.31579;7.47368;5.31579;7.21053;8.78947;7.31579;8.78947;12.7895;14.0;14.9474;15.0;15.0;15.0;12.0526;11.0;11.0;8.10526;7.57895;6.63158;4.42105;7.21053;10.3684;9.52632
B;7.42105;6.52632;4.63158;6.52632;8.0;8.47368;11.0;11.1053;13.0;11.1053;17.2632;17.1579;20.1579;9.94737;11.4737;12.1053;8.10526;8.10526;10.9474;12.0;10.5263;8.63158;9.21053
B;7.0;9.0;8.0;17.0;7.0;6.0;5.0;12.0;9.0;8.05263;7.10526;17.9474;18.4211;18.0;11.8421;11.5263;11.8421;9.94737;8.52632;10.9474;14.6316;10.5263;3.52632
B;9.0;7.89474;6.63158;8.52632;9.57895;8.0;8.10526;9.15789;12.0;9.0;11.0;15.0;13.0;17.0;11.0;14.0;9.0;12.0;8.0;12.0;8.0;7.0;4.0
B;14.0;8.0;1.0;10.0;8.0;11.0;10.0;9.0;18.0;16.1053;17.7895;10.4211;11.3684;17.8947;9.73684;5.0;7.89474;8.94737;8.0;6.73684;8.68421;13.1053;9.26316
B;7.73684;6.36842;7.94737;8.94737;6.42105;7.68421;6.10526;7.15789;10.0;13.7895;16.6842;12.7895;13.5789;14.7368;10.8947;10.2632;10.4211;8.94737;8.0;8.0;8.73684;9.36842;9.84211
B;9.0;7.10526;3.94737;7.42105;9.0;11.5263;11.1053;16.6842;15.0;5.52632;12.1579;17.2105;14.8421;14.0;12.6316;12.6316;10.1053;9.57895;11.0;10.1579;9.36842;9.05263;6.73684
B;9.42105;9.63158;8.36842;7.26316;7.57895;6.63158;10.4211;14.2105;18.0;15.1579;18.5789;20.6842;13.8947;9.78947;9.68421;8.73684;9.73684;8.89474;7.47368;7.15789;6.36842;8.26316;11.0
B;8.57895;7.73684;11.1053;7.10526;7.36842;8.0;8.89474;14.6842;14.0;12.6316;7.15789;15.8947;10.4211;14.1053;17.1579;10.2632;9.0;9.0;9.0;10.1579;11.6316;10.6316;12.2105
B;8.0;11.1579;8.89474;7.0;5.42105;8.36842;10.7895;12.8947;16.0;12.2632;16.6842;14.0;13.5789;10.4211;7.26316;9.26316;7.15789;6.47368;8.05263;7.84211;8.89474;10.6842;8.78947
B;8.0;9.0;13.0;11.0;10.0;3.0;13.0;7.0;14.0;7.36842;8.78947;11.5263;12.0;13.4737;11.9474;8.47368;8.15789;9.0;8.05263;5.73684;3.63158;3.0;4.57895
B;10.0;12.5263;10.5789;11.2105;7.26316;6.84211;7.89474;8.94737;17.0;14.7368;10.0;11.1053;15.7368;11.2632;13.2632;15.2632;11.0526;9.84211;11.9474;8.10526;11.6842;8.84211;5.26316
B;7.42105;9.52632;11.0;10.2632;8.42105;7.15789;11.4737;6.31579;13.0;10.1579;15.3684;10.1053;13.7368;17.9474;15.5789;10.8421;6.68421;4.47368;4.47368;5.0;5.36842;8.52632;12.6842
B;9.68421;11.6316;8.47368;6.68421;14.8947;6.68421;5.73684;12.2105;16.0;16.9474;21.4737;16.1053;18.1579;12.3684;7.94737;8.26316;10.1579;7.84211;5.0;6.68421;7.15789;5.89474;9.47368
B;9.10526;8.26316;7.63158;8.47368;9.0;9.84211;11.7895;9.15789;17.0;15.1053;19.4737;14.1053;15.3684;13.0526;12.0;8.84211;8.15789;7.42105;7.42105;9.84211;9.52632;7.31579;8.0
B;6.47368;4.10526;6.0;7.84211;12.5789;10.8421;9.57895;6.36842;13.0;13.0;13.8947;15.6842;16.0;12.3158;13.0526;12.1053;12.7368;10.3158;8.42105;10.0;9.63158;8.68421;8.78947
B;7.68421;9.63158;9.0;8.47368;6.57895;5.0;5.31579;8.57895;19.0;14.2632;15.7895;13.4737;13.7895;13.2632;10.2632;7.10526;6.0;11.2632;12.6842;7.73684;4.89474;4.89474;8.21053
B;5.84211;7.52632;9.68421;6.31579;4.21053;9.89474;11.8947;7.26316;13.0;9.05263;10.4211;13.8421;14.8947;19.1053;11.0;9.15789;5.57895;6.89474;11.6316;12.8421;6.94737;7.42105;6.78947
B;8.68421;11.4211;10.5789;8.26316;11.1579;7.78947;6.10526;8.84211;15.0;12.0526;13.8421;20.8421;18.3158;13.0526;14.4211;10.2632;9.42105;8.10526;8.63158;8.68421;10.1579;7.89474;7.47368
B;6.0;5.0;6.0;12.0;6.0;14.0;9.0;7.0;12.0;7.26316;14.1579;13.3158;13.7895;11.0526;8.63158;7.36842;9.31579;11.0;7.68421;7.36842;10.1579;7.63158;11.1053
B;6.94737;4.63158;7.73684;8.26316;5.63158;11.7368;10.3158;7.15789;16.0;5.0;16.0;14.0;10.0;6.0;12.0;8.0;6.0;7.0;9.0;9.0;10.0;8.0;8.0
B;12.1579;10.6316;8.73684;5.47368;5.68421;11.3684;8.21053;10.2105;14.0;12.0526;13.5263;17.8421;18.2632;21.6842;16.1053;11.6316;11.4211;9.63158;9.63158;9.10526;9.52632;11.6842;10.5263
B;10.3158;8.84211;9.73684;12.4737;10.6316;6.63158;7.78947;17.4737;17.0;10.0;12.0;12.0;14.0;11.0;11.0;8.0;14.0;7.0;11.0;13.0;5.0;14.0;10.0
B;8.57895;8.36842;9.63158;10.4737;9.21053;10.3158;12.1053;13.0526;14.0;18.7368;13.6316;10.4737;10.7895;16.8947;15.5789;12.1053;14.4737;13.3158;9.05263;8.42105;7.89474;6.94737;7.68421
B;8.57895;9.63158;12.7368;5.89474;10.1053;13.6842;5.94737;14.4737;17.0;10.3684;13.5789;23.2632;21.0526;15.5789;14.6842;15.6316;14.8421;11.3684;10.4211;11.1579;8.89474;8.26316;9.68421
B;8.84211;7.36842;7.68421;10.2105;9.42105;9.84211;6.42105;10.7368;11.0;13.8421;12.2105;15.3684;11.2632;10.7368;12.3684;11.7368;11.5789;8.84211;5.05263;5.26316;7.73684;8.36842;7.0
B;6.73684;5.36842;6.0;7.57895;11.3684;9.47368;11.6842;9.36842;16.0;17.8947;11.7368;10.1579;14.7368;16.0;14.6316;10.8421;9.57895;11.5789;8.73684;7.78947;11.8947;8.42105;5.52632
B;7.0;9.0;8.0;10.0;7.0;11.0;11.0;11.0;14.0;8.0;17.0;20.0;10.0;7.0;7.0;12.0;9.0;11.0;8.0;18.0;5.0;7.0;11.0
B;6.31579;5.84211;11.8421;15.6316;9.42105;11.6316;14.2632;8.68421;21.0;11.5263;13.6842;13.1579;5.89474;10.6316;13.0;11.7368;8.10526;9.68421;9.21053;6.68421;9.73684;9.42105;6.52632
B;4.57895;4.73684;8.21053;12.4737;11.2105;10.8947;5.42105;9.21053;13.0;12.0526;12.7895;11.6316;14.3684;11.2105;8.36842;7.0;6.57895;5.05263;7.15789;9.42105;9.63158;9.31579;9.0
B;5.63158;5.05263;11.0526;8.73684;7.78947;7.47368;10.3158;12.8947;11.0;7.21053;12.3684;15.5263;13.6316;15.2105;12.5789;9.73684;12.4737;14.4737;12.1053;9.57895;8.26316;7.0;7.26316
B;8.36842;6.26316;7.68421;9.47368;10.7895;5.10526;8.47368;10.8947;16.0;16.0;12.4211;12.8421;10.6316;11.4737;10.6316;10.6316;9.26316;8.0;5.15789;3.26316;5.73684;8.89474;12.4737
Multivariate_threshold|Fe > 3.353626;8.79496876078677;8.571605506475171;8.439252846544628;8.778922277199731;8.602090969741184;8.713640994469962;9.93481326718415;11.408801023489861;15.859827885530377;13.983163552640677;15.199909477400357;15.777873844002722;14.972886090072157;13.781608521900171;12.197102846207853;10.721198798195884;9.655446168590318;9.181226654281446;8.778228039537533;8.553829193794305;8.54640212173054;8.801816047497848;8.556372792492118
Multivariate_threshold|Fe <= 2.891092;8.779069897559332;8.538029709578124;8.439234483086985;8.763232254513186;8.586276906124644;8.699749377199808;9.85924220487481;11.304883132439425;15.71139132120946;13.697374556503256;14.962694111962893;15.64878486793304;14.918255394321418;13.804686784058228;12.270839723685452;10.784299702768651;9.716997737336852;9.210944804765168;8.791913480239593;8.56818209893396;8.557906138773204;8.78440404872846;8.539686422446053
Multivariate_threshold|Fe > 0.719116;8.704411805030668;8.38036403778737;8.43914825171935;8.6895548381626;8.512017016732038;8.63451693682394;9.504374609521003;10.816904123220842;15.014360936384039;12.355362803079323;13.848775056952272;15.042607144282433;14.661719849614991;13.913057993178608;12.61709432961204;11.08060976625205;10.006032409126005;9.350495689432535;8.856177753956135;8.635580660997327;8.61192685437633;8.702640554279965;8.461330344967713
Multivariate_threshold|Fe <= 3.353626;8.79496876078677;8.571605506475171;8.439252846544628;8.778922277199731;8.602090969741184;8.713640994469962;9.93481326718415;11.408801023489861;15.859827885530377;13.983163552640677;15.199909477400357;15.777873844002722;14.972886090072157;13.781608521900171;12.197102846207853;10.721198798195884;9.655446168590318;9.181226654281446;8.778228039537533;8.553829193794305;8.54640212173054;8.801816047497848;8.556372792492118
Multivariate_threshold|Fe > -4.817990;8.5140828611269;7.978420460267069;8.438928418549535;8.501725972347662;8.32270322845009;8.468217195369418;8.599696062805792;9.572879177952874;13.237392726786027;8.934117080285635;11.009015425361618;13.497253358072095;14.007723241290085;14.189333170896782;13.499815428366635;11.836005190119895;10.742880377912268;9.706258495579494;9.020009308352147;8.807402585502405;8.749644085039858;8.494197517213498;8.261573976035988
Multivariate_threshold|Fe <= 0.719116;8.704411805030668;8.38036403778737;8.43914825171935;8.6895548381626;8.512017016732038;8.63451693682394;9.504374609521003;10.816904123220842;15.014360936384039;12.355362803079323;13.848775056952272;15.042607144282433;14.661719849614991;13.913057993178608;12.61709432961204;11.08060976625205;10.006032409126005;9.350495689432535;8.856177753956135;8.635580660997327;8.61192685437633;8.702640554279965;8.461330344967713
