Class;3.5;3.52;3.55;3.58;3.6;3.63;3.65;3.68;3.7;3.73;3.75;3.78;3.81;3.83;3.86;3.88;3.91
A;25.0;11.0;7.0;16.0;10.0;12.0;17.0;12.0;14.0;17.0;14.0;10.0;12.0;14.0;13.0;8.0;11.0
A;17.0;19.0;13.0;14.0;9.0;12.0;11.0;12.0;11.0;23.0;19.0;16.0;13.0;16.0;17.0;13.0;8.0
A;15.0;20.0;15.0;15.0;23.0;26.0;48.0;56.0;69.0;79.0;61.0;53.0;44.0;32.0;18.0;8.0;6.0
A;22.0;17.0;16.0;21.0;17.0;34.0;53.0;68.0;89.0;91.0;68.0;59.0;49.0;16.0;16.0;13.0;6.0
A;17.0;18.0;17.0;12.0;16.0;13.0;11.0;10.0;11.0;21.0;15.0;22.0;17.0;10.0;6.0;7.0;5.0
A;18.0;18.0;23.0;19.0;33.0;33.0;45.0;77.0;104.0;86.0;83.0;65.0;45.0;25.0;11.0;16.0;16.0
A;15.0;14.0;19.0;16.0;18.0;13.0;12.0;16.0;26.0;41.0;42.0;24.0;32.0;13.0;12.0;8.0;7.0
A;21.0;17.0;12.0;14.0;26.0;49.0;85.0;133.0;149.0;143.0;137.0;88.0;60.0;37.0;19.0;14.0;9.0
A;19.0;19.0;18.0;21.0;30.0;59.0;80.0;124.0;136.0;157.0;129.0;101.0;58.0;43.0;14.0;13.0;19.0
A;22.0;11.0;25.0;23.0;21.0;41.0;48.0;65.0;89.0;94.0;61.0;47.0;26.0;14.0;14.0;11.0;13.0
A;21.0;11.0;9.0;8.0;15.0;4.0;14.0;10.0;16.0;10.0;11.0;19.0;16.0;7.0;11.0;7.0;4.0
A;19.0;16.0;18.0;33.0;35.0;35.0;69.0;111.0;143.0;106.0;106.0;87.0;44.0;27.0;21.0;7.0;9.0
A;17.0;12.0;18.0;12.0;17.0;13.0;16.0;15.0;18.0;22.0;27.0;19.0;15.0;9.0;13.0;9.0;10.0
A;18.0;7.0;13.0;11.0;35.0;32.0;61.0;81.0;95.0;79.0;85.0;56.0;40.0;29.0;19.0;12.0;7.0
A;13.0;14.0;17.0;24.0;36.0;43.0;75.0;86.0;101.0;116.0;86.0;77.0;44.0;23.0;16.0;13.0;10.0
A;16.0;11.0;18.0;10.0;17.0;10.0;18.0;21.0;17.0;22.0;25.0;15.0;15.0;10.0;10.0;10.0;8.0
A;18.0;16.0;16.0;20.0;14.0;10.0;25.0;26.0;25.0;21.0;32.0;20.0;25.0;10.0;13.0;10.0;13.0
A;17.0;19.0;21.0;20.0;22.0;37.0;52.0;66.0;97.0;83.0;79.0;68.0;41.0;20.0;10.0;7.0;8.0
A;18.0;16.0;17.0;12.0;10.0;18.0;19.0;11.0;24.0;13.0;26.0;16.0;14.0;18.0;12.0;8.0;6.0
A;15.0;16.0;20.0;18.0;23.0;20.0;63.0;90.0;81.0;94.0;92.0;52.0;46.0;21.0;12.0;9.0;11.0
A;17.0;13.0;15.0;7.0;20.0;8.0;18.0;13.0;16.0;14.0;23.0;17.0;14.0;20.0;16.0;6.0;9.0
A;12.0;25.0;15.0;23.0;15.0;27.0;55.0;78.0;78.0;101.0;99.0;75.0;39.0;29.0;14.0;13.0;13.0
A;17.0;20.0;16.0;14.0;9.0;9.0;16.0;13.0;11.0;17.0;18.0;24.0;12.0;8.0;8.0;12.0;6.0
A;21.0;16.0;13.0;20.0;34.0;63.0;97.0;129.0;172.0;157.0;146.0;109.0;65.0;36.0;15.0;13.0;8.0
A;19.0;15.0;12.0;14.0;22.0;29.0;45.0;84.0;94.0;85.0;66.0;53.0;32.0;22.0;10.0;9.0;8.0
A;17.0;16.0;17.0;13.0;10.0;10.0;13.0;14.0;23.0;24.0;13.0;27.0;20.0;11.0;10.0;10.0;10.0
A;14.0;18.0;24.0;14.0;7.0;11.0;16.0;11.0;19.0;20.0;25.0;19.0;20.0;13.0;13.0;12.0;7.0
A;28.0;12.0;15.0;19.0;16.0;10.0;18.0;23.0;16.0;14.0;18.0;12.0;20.0;8.0;7.0;7.0;13.0
A;21.0;15.0;17.0;22.0;38.0;58.0;106.0;152.0;182.0;190.0;153.0;103.0;72.0;38.0;26.0;14.0;15.0
A;12.0;12.0;21.0;17.0;16.0;46.0;63.0;94.0;132.0;117.0;120.0;66.0;45.0;33.0;11.0;10.0;14.0
A;16.0;16.0;10.0;13.0;23.0;20.0;21.0;25.0;31.0;27.0;25.0;31.0;19.0;16.0;15.0;8.0;7.0
A;18.0;21.0;15.0;16.0;23.0;37.0;66.0;79.0;105.0;120.0;91.0;75.0;51.0;28.0;17.0;10.0;6.0
A;11.0;19.0;16.0;15.0;14.0;16.0;9.0;10.0;22.0;13.0;18.0;22.0;16.0;7.0;8.0;7.0;6.0
A;16.0;18.0;24.0;19.0;18.0;28.0;31.0;39.0;30.0;51.0;40.0;47.0;23.0;19.0;5.0;9.0;11.0
A;14.0;14.0;14.0;13.0;12.0;13.0;8.0;16.0;15.0;32.0;16.0;16.0;8.0;13.0;17.0;5.0;14.0
A;28.0;9.0;20.0;12.0;14.0;12.0;12.0;25.0;16.0;18.0;22.0;19.0;16.0;13.0;12.0;11.0;8.0
A;18.0;14.0;17.0;21.0;18.0;16.0;13.0;18.0;13.0;18.0;15.0;13.0;16.0;10.0;10.0;8.0;3.0
A;16.0;17.0;13.0;14.0;15.0;7.0;13.0;13.0;17.0;18.0;16.0;15.0;17.0;13.0;12.0;10.0;7.0
A;18.0;21.0;13.0;9.0;18.0;11.0;22.0;25.0;32.0;22.0;19.0;26.0;21.0;13.0;11.0;8.0;5.0
A;22.0;17.0;19.0;21.0;22.0;33.0;48.0;65.0;91.0;88.0;87.0;63.0;35.0;27.0;19.0;11.0;16.0
A;17.0;20.0;14.0;17.0;18.0;32.0;52.0;78.0;105.0;107.0;90.0;69.0;32.0;31.0;19.0;8.0;12.0
A;25.0;17.0;19.0;16.0;21.0;30.0;54.0;66.0;81.0;89.0;87.0;49.0;31.0;20.0;18.0;13.0;13.0
A;14.0;14.0;19.0;13.0;15.0;14.0;19.0;19.0;18.0;23.0;25.0;21.0;13.0;14.0;14.0;10.0;11.0
A;26.0;18.0;12.0;16.0;13.0;8.0;11.0;15.0;12.0;14.0;14.0;8.0;11.0;14.0;8.0;9.0;12.0
A;16.0;18.0;12.0;17.0;25.0;34.0;38.0;67.0;81.0;86.0;51.0;49.0;36.0;20.0;14.0;9.0;7.0
A;14.0;14.0;20.0;18.0;28.0;44.0;55.0;74.0;110.0;119.0;92.0;64.0;33.0;22.0;11.0;17.0;12.0
A;19.0;21.0;12.0;15.0;30.0;35.0;78.0;96.0;133.0;126.0;112.0;74.0;58.0;21.0;16.0;12.0;8.0
A;20.0;16.0;17.0;22.0;9.0;17.0;23.0;23.0;25.0;21.0;30.0;16.0;15.0;12.0;11.0;6.0;4.0
A;18.0;21.0;15.0;18.0;19.0;44.0;83.0;99.0;139.0;145.0;102.0;95.0;50.0;32.0;23.0;14.0;8.0
A;13.0;16.0;8.0;13.0;14.0;9.0;15.0;11.0;33.0;21.0;30.0;23.0;16.0;14.0;6.0;15.0;8.0
A;18.0;14.0;14.0;12.0;13.0;6.0;9.0;17.0;9.0;20.0;17.0;17.0;14.0;13.0;8.0;4.0;8.0
A;20.0;15.0;19.0;22.0;10.0;16.0;15.0;18.0;14.0;21.0;19.0;23.0;10.0;14.0;11.0;11.0;4.0
A;23.0;19.0;26.0;26.0;26.0;52.0;78.0;108.0;125.0;107.0;108.0;84.0;61.0;26.0;17.0;11.0;12.0
A;19.0;13.0;13.0;19.0;15.0;40.0;59.0;65.0;84.0;82.0;81.0;45.0;39.0;26.0;11.0;10.0;12.0
A;16.0;13.0;13.0;12.0;27.0;37.0;54.0;78.0;85.0;102.0;78.0;69.0;45.0;21.0;17.0;11.0;7.0
A;17.0;18.0;7.0;13.0;10.0;10.0;13.0;14.0;10.0;13.0;18.0;20.0;12.0;20.0;10.0;9.0;11.0
A;20.0;17.0;13.0;25.0;38.0;49.0;77.0;110.0;156.0;147.0;134.0;95.0;63.0;31.0;19.0;16.0;17.0
A;13.0;23.0;17.0;12.0;13.0;10.0;18.0;8.0;16.0;13.0;14.0;20.0;13.0;12.0;6.0;6.0;6.0
A;17.0;12.0;13.0;22.0;40.0;75.0;122.0;156.0;192.0;183.0;147.0;117.0;58.0;36.0;23.0;14.0;8.0
A;14.0;14.0;20.0;14.0;29.0;39.0;76.0;106.0;122.0;129.0;116.0;82.0;42.0;27.0;17.0;11.0;12.0
A;25.0;18.0;17.0;8.0;17.0;24.0;26.0;39.0;48.0;50.0;22.0;24.0;17.0;16.0;17.0;13.0;6.0
A;18.0;14.0;15.0;24.0;27.0;43.0;90.0;93.0;132.0;125.0;128.0;75.0;56.0;25.0;14.0;18.0;6.0
A;20.0;17.0;20.0;13.0;8.0;13.0;8.0;9.0;10.0;9.0;14.0;13.0;16.0;6.0;8.0;11.0;9.0
A;19.0;14.0;17.0;25.0;28.0;39.0;52.0;82.0;86.0;97.0;86.0;61.0;29.0;26.0;21.0;11.0;9.0
A;19.0;21.0;15.0;9.0;11.0;13.0;6.0;16.0;9.0;16.0;14.0;11.0;12.0;11.0;13.0;8.0;7.0
A;22.0;20.0;18.0;28.0;15.0;16.0;11.0;16.0;18.0;22.0;25.0;15.0;20.0;13.0;11.0;8.0;10.0
A;17.0;11.0;17.0;11.0;14.0;14.0;16.0;19.0;18.0;16.0;21.0;16.0;16.0;21.0;8.0;20.0;7.0
A;18.0;17.0;17.0;20.0;24.0;36.0;70.0;73.0;88.0;113.0;76.0;50.0;39.0;22.0;18.0;9.0;7.0
A;24.0;15.0;22.0;13.0;31.0;41.0;74.0;69.0;110.0;121.0;96.0;64.0;54.0;18.0;17.0;18.0;12.0
A;16.0;26.0;16.0;15.0;24.0;38.0;54.0;96.0;100.0;115.0;79.0;56.0;30.0;21.0;16.0;10.0;17.0
A;16.0;17.0;18.0;19.0;16.0;17.0;14.0;14.0;21.0;19.0;20.0;17.0;22.0;7.0;8.0;12.0;3.0
A;18.0;13.0;23.0;18.0;27.0;48.0;62.0;76.0;95.0;115.0;89.0;51.0;42.0;23.0;20.0;11.0;8.0
A;17.0;22.0;12.0;28.0;32.0;53.0;89.0;103.0;129.0;143.0;110.0;102.0;51.0;35.0;16.0;13.0;11.0
A;17.0;18.0;16.0;17.0;14.0;13.0;13.0;8.0;11.0;16.0;15.0;19.0;8.0;12.0;11.0;8.0;6.0
A;13.0;23.0;9.0;12.0;24.0;33.0;59.0;66.0;82.0;87.0;84.0;50.0;39.0;24.0;17.0;10.0;10.0
A;16.0;14.0;13.0;17.0;14.0;17.0;15.0;34.0;27.0;32.0;31.0;28.0;16.0;15.0;9.0;8.0;7.0
A;11.0;15.0;9.0;20.0;19.0;13.0;38.0;40.0;52.0;52.0;43.0;35.0;19.0;26.0;15.0;12.0;14.0
A;11.0;7.0;11.0;23.0;28.0;43.0;79.0;103.0;111.0;117.0;109.0;83.0;53.0;39.0;16.0;10.0;9.0
A;22.0;24.0;17.0;11.0;19.0;18.0;25.0;35.0;46.0;39.0;46.0;20.0;28.0;18.0;9.0;16.0;8.0
A;18.0;28.0;15.0;16.0;13.0;18.0;16.0;20.0;20.0;24.0;17.0;16.0;15.0;11.0;12.0;10.0;3.0
A;23.0;14.0;14.0;11.0;9.0;22.0;25.0;36.0;37.0;34.0;26.0;30.0;19.0;17.0;13.0;8.0;9.0
A;22.0;17.0;19.0;15.0;39.0;47.0;59.0;93.0;107.0;106.0;111.0;71.0;47.0;27.0;14.0;14.0;5.0
A;21.0;18.0;15.0;15.0;19.0;12.0;23.0;24.0;37.0;31.0;41.0;27.0;20.0;14.0;16.0;13.0;4.0
A;14.0;18.0;20.0;20.0;20.0;53.0;91.0;110.0;147.0;144.0;107.0;87.0;57.0;29.0;16.0;9.0;15.0
A;21.0;18.0;19.0;13.0;12.0;10.0;21.0;18.0;21.0;29.0;27.0;21.0;19.0;15.0;6.0;8.0;7.0
A;24.0;15.0;18.0;17.0;19.0;21.0;27.0;44.0;43.0;53.0;42.0;37.0;28.0;17.0;17.0;8.0;19.0
A;20.0;19.0;17.0;19.0;17.0;33.0;52.0;65.0;82.0;77.0;77.0;55.0;34.0;16.0;15.0;10.0;3.0
A;19.0;15.0;18.0;16.0;10.0;14.0;8.0;8.0;13.0;21.0;14.0;7.0;14.0;7.0;6.0;9.0;6.0
A;16.0;19.0;7.0;14.0;23.0;23.0;18.0;24.0;31.0;38.0;38.0;28.0;17.0;13.0;17.0;10.0;12.0
A;12.0;9.0;16.0;18.0;15.0;4.0;10.0;17.0;21.0;13.0;19.0;16.0;12.0;5.0;8.0;9.0;8.0
A;15.0;15.0;18.0;8.0;9.0;19.0;13.0;11.0;18.0;20.0;17.0;18.0;10.0;11.0;10.0;10.0;9.0
A;25.0;18.0;13.0;10.0;11.0;16.0;17.0;27.0;39.0;23.0;27.0;20.0;11.0;18.0;8.0;11.0;9.0
A;19.0;14.0;7.0;12.0;11.0;9.0;12.0;10.0;10.0;13.0;17.0;12.0;19.0;15.0;5.0;12.0;6.0
A;11.0;18.0;17.0;19.0;20.0;20.0;20.0;13.0;20.0;17.0;19.0;16.0;22.0;8.0;7.0;15.0;9.0
A;17.0;13.0;17.0;17.0;20.0;12.0;14.0;14.0;31.0;24.0;28.0;20.0;15.0;12.0;8.0;13.0;8.0
A;17.0;20.0;21.0;21.0;33.0;37.0;60.0;67.0;98.0;98.0;75.0;63.0;42.0;29.0;14.0;13.0;10.0
A;13.0;15.0;16.0;22.0;34.0;51.0;86.0;93.0;126.0;130.0;113.0;89.0;51.0;29.0;19.0;8.0;11.0
A;21.0;18.0;20.0;19.0;27.0;48.0;86.0;126.0;136.0;161.0;154.0;82.0;68.0;42.0;24.0;15.0;7.0
A;13.0;13.0;12.0;10.0;13.0;13.0;12.0;20.0;14.0;15.0;18.0;14.0;11.0;12.0;8.0;9.0;14.0
A;11.0;9.0;8.0;17.0;16.0;15.0;7.0;11.0;7.0;19.0;15.0;11.0;10.0;12.0;7.0;6.0;7.0
A;19.0;17.0;12.0;23.0;16.0;13.0;13.0;7.0;16.0;15.0;11.0;13.0;12.0;10.0;11.0;14.0;9.0
A;10.0;20.0;15.0;25.0;25.0;47.0;73.0;107.0;117.0;111.0;112.0;64.0;32.0;31.0;14.0;11.0;15.0
A;18.0;15.0;25.0;25.0;27.0;55.0;61.0;99.0;129.0;119.0;112.0;73.0;42.0;24.0;22.0;6.0;12.0
A;19.0;13.0;14.0;14.0;13.0;12.0;14.0;8.0;19.0;13.0;21.0;12.0;10.0;10.0;9.0;6.0;7.0
A;17.0;14.0;19.0;25.0;38.0;53.0;96.0;125.0;165.0;170.0;156.0;85.0;53.0;36.0;19.0;11.0;11.0
A;23.0;14.0;23.0;22.0;20.0;16.0;20.0;13.0;17.0;20.0;24.0;13.0;18.0;14.0;6.0;13.0;10.0
A;17.0;10.0;13.0;7.0;12.0;11.0;10.0;14.0;18.0;20.0;17.0;17.0;19.0;15.0;10.0;5.0;4.0
A;18.0;16.0;22.0;21.0;17.0;15.0;12.0;23.0;21.0;23.0;32.0;14.0;12.0;12.0;4.0;7.0;12.0
A;18.0;13.0;16.0;13.0;34.0;34.0;56.0;72.0;116.0;119.0;75.0;63.0;57.0;36.0;18.0;8.0;11.0
A;10.0;22.0;19.0;24.0;35.0;46.0;94.0;101.0;143.0;129.0;119.0;93.0;58.0;35.0;19.0;19.0;10.0
A;14.0;13.0;10.0;11.0;13.0;13.0;11.0;17.0;19.0;13.0;21.0;20.0;18.0;10.0;11.0;10.0;11.0
A;20.0;21.0;16.0;16.0;23.0;34.0;66.0;77.0;106.0;95.0;106.0;72.0;47.0;26.0;15.0;13.0;10.0
A;13.0;19.0;13.0;15.0;15.0;11.0;11.0;8.0;14.0;9.0;14.0;19.0;14.0;16.0;10.0;10.0;5.0
A;13.0;21.0;15.0;18.0;18.0;15.0;20.0;21.0;29.0;28.0;33.0;31.0;17.0;18.0;8.0;10.0;7.0
A;17.0;11.0;19.0;17.0;16.0;23.0;21.0;34.0;46.0;32.0;43.0;30.0;19.0;14.0;17.0;8.0;7.0
A;12.0;13.0;8.0;19.0;21.0;13.0;24.0;38.0;40.0;50.0;40.0;24.0;21.0;16.0;16.0;8.0;11.0
A;16.0;20.0;19.0;25.0;37.0;63.0;88.0;133.0;178.0;173.0;138.0;87.0;52.0;35.0;24.0;17.0;12.0
A;20.0;21.0;12.0;24.0;27.0;37.0;53.0;76.0;98.0;103.0;70.0;80.0;37.0;23.0;19.0;13.0;11.0
A;23.0;20.0;19.0;25.0;24.0;64.0;83.0;125.0;144.0;135.0;128.0;109.0;58.0;19.0;17.0;11.0;7.0
A;15.0;18.0;24.0;17.0;35.0;47.0;69.0;108.0;102.0;139.0;109.0;82.0;47.0;21.0;24.0;14.0;7.0
A;13.0;20.0;12.0;22.0;33.0;57.0;60.0;109.0;132.0;98.0;103.0;80.0;38.0;29.0;17.0;6.0;8.0
A;25.0;17.0;19.0;11.0;24.0;29.0;57.0;57.0;83.0;84.0;76.0;45.0;33.0;19.0;7.0;5.0;12.0
A;23.0;22.0;19.0;18.0;21.0;12.0;14.0;17.0;18.0;21.0;23.0;19.0;12.0;15.0;7.0;7.0;5.0
A;31.0;6.0;17.0;12.0;16.0;17.0;11.0;22.0;21.0;25.0;20.0;25.0;13.0;11.0;7.0;10.0;13.0
A;20.0;10.0;17.0;13.0;22.0;30.0;35.0;79.0;103.0;105.0;88.0;64.0;39.0;29.0;13.0;4.0;15.0
A;20.0;21.0;23.0;26.0;30.0;45.0;51.0;91.0;96.0;111.0;86.0;40.0;49.0;25.0;12.0;15.0;12.0
A;15.0;4.0;18.0;17.0;13.0;11.0;8.0;16.0;23.0;30.0;27.0;18.0;14.0;12.0;9.0;6.0;9.0
A;18.0;20.0;20.0;23.0;31.0;39.0;61.0;107.0;106.0;114.0;106.0;72.0;48.0;27.0;18.0;18.0;9.0
A;17.0;13.0;15.0;14.0;33.0;59.0;98.0;136.0;162.0;165.0;154.0;96.0;61.0;33.0;20.0;20.0;10.0
A;13.0;13.0;21.0;27.0;30.0;50.0;63.0;94.0;102.0;129.0;96.0;61.0;44.0;30.0;10.0;10.0;12.0
A;16.0;13.0;15.0;19.0;29.0;41.0;51.0;84.0;110.0;116.0;76.0;63.0;48.0;27.0;13.0;12.0;7.0
A;18.0;16.0;9.0;19.0;10.0;16.0;10.0;17.0;21.0;14.0;18.0;14.0;18.0;21.0;10.0;7.0;9.0
A;21.0;17.0;22.0;19.0;16.0;5.0;6.0;8.0;16.0;14.0;13.0;15.0;17.0;7.0;9.0;9.0;4.0
A;11.0;15.0;14.0;13.0;9.0;14.0;21.0;28.0;18.0;22.0;23.0;21.0;15.0;14.0;14.0;11.0;10.0
A;16.0;23.0;11.0;14.0;18.0;20.0;28.0;23.0;41.0;39.0;29.0;31.0;26.0;22.0;10.0;7.0;11.0
A;19.0;14.0;19.0;20.0;39.0;41.0;54.0;96.0;111.0;108.0;81.0;71.0;44.0;35.0;16.0;15.0;9.0
A;15.0;12.0;10.0;11.0;16.0;8.0;14.0;14.0;12.0;18.0;16.0;16.0;12.0;10.0;7.0;2.0;3.0
A;21.0;21.0;17.0;19.0;16.0;24.0;22.0;32.0;38.0;39.0;36.0;21.0;18.0;11.0;10.0;7.0;8.0
A;11.0;15.0;16.0;9.0;18.0;14.0;25.0;27.0;30.0;38.0;27.0;20.0;28.0;17.0;16.0;7.0;8.0
A;20.0;17.0;12.0;14.0;16.0;17.0;23.0;19.0;27.0;31.0;30.0;21.0;15.0;10.0;9.0;13.0;10.0
A;20.0;16.0;16.0;17.0;31.0;60.0;77.0;101.0;140.0;146.0;97.0;91.0;44.0;18.0;21.0;12.0;16.0
A;19.0;18.0;16.0;22.0;37.0;49.0;64.0;101.0;113.0;111.0;92.0;67.0;54.0;21.0;15.0;16.0;8.0
A;19.0;15.0;20.0;13.0;25.0;17.0;11.0;27.0;26.0;23.0;15.0;30.0;16.0;10.0;9.0;7.0;8.0
A;23.0;13.0;20.0;18.0;11.0;13.0;10.0;17.0;12.0;11.0;15.0;17.0;16.0;7.0;11.0;8.0;10.0
A;20.0;21.0;10.0;22.0;8.0;13.0;13.0;12.0;20.0;15.0;14.0;15.0;18.0;10.0;9.0;5.0;7.0
A;14.0;19.0;15.0;13.0;25.0;35.0;57.0;81.0;81.0;88.0;72.0;67.0;43.0;16.0;16.0;7.0;14.0
A;9.0;13.0;20.0;14.0;19.0;15.0;23.0;37.0;36.0;48.0;28.0;20.0;20.0;13.0;5.0;8.0;11.0
A;19.0;17.0;14.0;15.0;23.0;34.0;53.0;77.0;92.0;108.0;93.0;78.0;45.0;34.0;18.0;11.0;8.0
A;19.0;24.0;14.0;11.0;9.0;12.0;16.0;14.0;26.0;27.0;25.0;17.0;13.0;13.0;8.0;12.0;17.0
A;19.0;15.0;15.0;15.0;26.0;29.0;62.0;96.0;124.0;115.0;78.0;65.0;41.0;30.0;14.0;11.0;5.0
A;15.0;16.0;21.0;21.0;38.0;40.0;100.0;121.0;163.0;138.0;123.0;79.0;58.0;37.0;18.0;12.0;10.0
A;31.0;26.0;27.0;27.0;32.0;52.0;92.0;135.0;155.0;150.0;127.0;103.0;53.0;28.0;14.0;17.0;10.0
A;18.0;19.0;17.0;14.0;21.0;24.0;27.0;37.0;46.0;28.0;42.0;32.0;28.0;17.0;11.0;8.0;13.0
A;19.0;20.0;11.0;16.0;17.0;10.0;12.0;8.0;19.0;10.0;16.0;18.0;15.0;13.0;8.0;6.0;8.0
A;26.0;18.0;22.0;17.0;28.0;55.0;62.0;119.0;123.0;126.0;106.0;89.0;39.0;24.0;19.0;9.0;8.0
A;16.0;13.0;12.0;33.0;21.0;34.0;62.0;95.0;95.0;130.0;79.0;72.0;45.0;31.0;12.0;7.0;8.0
A;17.0;12.0;16.0;12.0;15.0;14.0;11.0;20.0;31.0;31.0;33.0;23.0;19.0;17.0;9.0;17.0;12.0
A;10.0;24.0;8.0;20.0;22.0;22.0;28.0;41.0;56.0;51.0;44.0;24.0;27.0;25.0;9.0;14.0;10.0
A;22.0;17.0;14.0;14.0;30.0;48.0;64.0;87.0;90.0;99.0;105.0;64.0;37.0;25.0;19.0;8.0;8.0
A;22.0;22.0;14.0;17.0;20.0;32.0;49.0;66.0;102.0;84.0;98.0;68.0;41.0;25.0;12.0;12.0;6.0
A;16.0;15.0;15.0;18.0;21.0;41.0;53.0;74.0;101.0;121.0;97.0;58.0;36.0;25.0;19.0;13.0;12.0
A;13.0;15.0;16.0;17.0;18.0;16.0;13.0;21.0;40.0;36.0;29.0;15.0;16.0;10.0;11.0;9.0;9.0
A;21.0;18.0;16.0;9.0;24.0;12.0;17.0;13.0;14.0;15.0;17.0;19.0;13.0;14.0;11.0;11.0;5.0
A;16.0;22.0;16.0;25.0;25.0;46.0;64.0;87.0;111.0;133.0;127.0;84.0;48.0;21.0;14.0;10.0;7.0
A;21.0;19.0;15.0;18.0;26.0;43.0;62.0;94.0;92.0;83.0;75.0;59.0;39.0;22.0;8.0;13.0;7.0
A;18.0;11.0;11.0;12.0;5.0;22.0;17.0;24.0;15.0;23.0;18.0;8.0;17.0;9.0;13.0;7.0;4.0
A;8.0;7.0;14.0;18.0;14.0;14.0;26.0;16.0;9.0;16.0;15.0;18.0;15.0;9.0;16.0;6.0;5.0
A;21.0;17.0;20.0;15.0;15.0;17.0;15.0;18.0;23.0;23.0;23.0;20.0;16.0;8.0;4.0;10.0;9.0
A;12.0;18.0;22.0;31.0;23.0;29.0;47.0;99.0;100.0;97.0;101.0;48.0;36.0;26.0;15.0;8.0;9.0
A;14.0;24.0;16.0;22.0;38.0;60.0;113.0;149.0;168.0;157.0;147.0;102.0;70.0;40.0;21.0;12.0;13.0
A;19.0;19.0;18.0;11.0;11.0;16.0;16.0;18.0;17.0;12.0;15.0;10.0;16.0;15.0;11.0;8.0;10.0
A;17.0;10.0;15.0;8.0;11.0;10.0;14.0;16.0;14.0;22.0;19.0;13.0;17.0;8.0;3.0;6.0;8.0
A;11.0;15.0;15.0;18.0;14.0;22.0;27.0;33.0;43.0;46.0;49.0;42.0;30.0;19.0;11.0;6.0;8.0
A;14.0;14.0;13.0;6.0;12.0;18.0;17.0;14.0;13.0;17.0;20.0;15.0;12.0;5.0;8.0;12.0;7.0
A;22.0;27.0;22.0;21.0;28.0;46.0;53.0;110.0;120.0;128.0;109.0;88.0;56.0;29.0;24.0;11.0;15.0
B;15.0;16.0;20.0;44.0;52.0;92.0;156.0;254.0;313.0;329.0;279.0;179.0;121.0;68.0;25.0;22.0;13.0
B;30.0;14.0;22.0;38.0;85.0;177.0;304.0;402.0;506.0;491.0;420.0;349.0;148.0;77.0;43.0;25.0;26.0
B;20.0;20.0;31.0;37.0;69.0;137.0;209.0;315.0;373.0;422.0;326.0;229.0;118.0;68.0;38.0;13.0;17.0
B;22.0;33.0;32.0;35.0;81.0;180.0;293.0;519.0;599.0;587.0;500.0;353.0;209.0;103.0;49.0;27.0;24.0
B;21.0;14.0;19.0;8.0;9.0;11.0;9.0;10.0;15.0;11.0;13.0;23.0;9.0;7.0;10.0;11.0;8.0
B;18.0;29.0;19.0;44.0;73.0;130.0;283.0;414.0;445.0;477.0;356.0;278.0;181.0;68.0;42.0;14.0;17.0
B;23.0;14.0;24.0;41.0;92.0;153.0;324.0;399.0;512.0;474.0;435.0;297.0;192.0;103.0;50.0;27.0;19.0
B;20.0;22.0;33.0;39.0;67.0;133.0;228.0;351.0;430.0;397.0;342.0;260.0;124.0;70.0;43.0;12.0;18.0
B;26.0;26.0;28.0;50.0;87.0;177.0;329.0;464.0;577.0;627.0;500.0;311.0;218.0;102.0;47.0;30.0;20.0
B;19.0;25.0;31.0;40.0;68.0;120.0;226.0;335.0;427.0;393.0;358.0;220.0;154.0;80.0;40.0;25.0;25.0
B;23.0;22.0;34.0;37.0;68.0;108.0;235.0;360.0;428.0;441.0;359.0;277.0;133.0;67.0;41.0;20.0;26.0
B;14.0;25.0;22.0;44.0;68.0;133.0;253.0;360.0;403.0;451.0;393.0;278.0;158.0;79.0;48.0;19.0;22.0
B;20.0;18.0;17.0;50.0;75.0;138.0;264.0;345.0;404.0;429.0;422.0;287.0;168.0;87.0;47.0;27.0;20.0
B;13.0;13.0;18.0;14.0;18.0;13.0;12.0;17.0;11.0;19.0;14.0;21.0;12.0;9.0;7.0;6.0;6.0
B;18.0;17.0;17.0;9.0;20.0;12.0;9.0;8.0;9.0;12.0;18.0;19.0;12.0;18.0;6.0;5.0;10.0
B;18.0;21.0;18.0;37.0;77.0;136.0;248.0;328.0;420.0;438.0;367.0;258.0;152.0;65.0;35.0;21.0;24.0
B;21.0;16.0;19.0;31.0;41.0;88.0;146.0;175.0;228.0;219.0;197.0;158.0;90.0;46.0;25.0;18.0;10.0
B;22.0;25.0;25.0;33.0;47.0;114.0;198.0;289.0;363.0;393.0;295.0;234.0;166.0;71.0;37.0;19.0;17.0
B;26.0;11.0;13.0;27.0;42.0;74.0;115.0;177.0;225.0;233.0;184.0;132.0;97.0;60.0;31.0;14.0;14.0
B;16.0;18.0;24.0;32.0;59.0;124.0;194.0;279.0;334.0;380.0;321.0;203.0;112.0;65.0;52.0;24.0;12.0
B;19.0;19.0;22.0;9.0;14.0;8.0;22.0;17.0;20.0;30.0;16.0;16.0;15.0;15.0;12.0;4.0;4.0
B;22.0;15.0;20.0;32.0;76.0;148.0;264.0;317.0;402.0;483.0;338.0;241.0;159.0;76.0;38.0;25.0;14.0
B;18.0;19.0;31.0;49.0;74.0;191.0;301.0;458.0;552.0;623.0;421.0;322.0;191.0;81.0;46.0;23.0;20.0
B;13.0;20.0;29.0;29.0;65.0;135.0;228.0;326.0;430.0;439.0;337.0;262.0;137.0;68.0;44.0;15.0;15.0
B;19.0;13.0;25.0;51.0;72.0;153.0;279.0;393.0;473.0;495.0;384.0;297.0;185.0;76.0;42.0;22.0;26.0
B;22.0;16.0;14.0;11.0;9.0;12.0;9.0;10.0;19.0;12.0;8.0;16.0;9.0;14.0;12.0;5.0;6.0
B;17.0;18.0;13.0;14.0;9.0;19.0;14.0;9.0;10.0;21.0;20.0;17.0;13.0;9.0;10.0;5.0;12.0
B;19.0;19.0;28.0;46.0;96.0;161.0;280.0;430.0;539.0;552.0;470.0;277.0;172.0;98.0;49.0;26.0;16.0
B;18.0;21.0;24.0;35.0;65.0;156.0;249.0;394.0;469.0;496.0;409.0;280.0;187.0;84.0;30.0;28.0;24.0
B;20.0;23.0;18.0;30.0;49.0;89.0;130.0;208.0;240.0;241.0;198.0;159.0;93.0;48.0;36.0;7.0;14.0
B;21.0;23.0;14.0;15.0;13.0;18.0;13.0;21.0;34.0;34.0;33.0;24.0;27.0;17.0;10.0;10.0;3.0
B;21.0;20.0;24.0;40.0;75.0;137.0;238.0;330.0;416.0;471.0;365.0;287.0;148.0;79.0;41.0;22.0;21.0
B;19.0;13.0;17.0;18.0;13.0;5.0;12.0;15.0;18.0;19.0;18.0;19.0;20.0;10.0;5.0;5.0;7.0
B;22.0;23.0;15.0;25.0;47.0;107.0;157.0;230.0;266.0;267.0;214.0;169.0;84.0;68.0;29.0;16.0;11.0
B;20.0;13.0;16.0;23.0;56.0;97.0;172.0;270.0;352.0;322.0;301.0;203.0;97.0;43.0;30.0;24.0;18.0
B;33.0;20.0;19.0;51.0;83.0;142.0;262.0;385.0;498.0;471.0;371.0;251.0;154.0;77.0;39.0;33.0;14.0
B;20.0;37.0;27.0;35.0;77.0;150.0;276.0;395.0;511.0;491.0;432.0;299.0;154.0;89.0;43.0;18.0;19.0
B;11.0;15.0;15.0;8.0;8.0;10.0;13.0;6.0;16.0;16.0;17.0;13.0;10.0;11.0;3.0;12.0;3.0
B;28.0;21.0;32.0;40.0;67.0;139.0;232.0;410.0;448.0;496.0;390.0;287.0;144.0;87.0;34.0;19.0;21.0
B;19.0;23.0;24.0;38.0;92.0;169.0;256.0;375.0;425.0;458.0;398.0;288.0;157.0;85.0;42.0;25.0;23.0
B;23.0;11.0;16.0;12.0;14.0;13.0;12.0;24.0;19.0;15.0;19.0;18.0;16.0;12.0;6.0;6.0;8.0
B;20.0;19.0;23.0;49.0;79.0;147.0;218.0;351.0;432.0;424.0;369.0;285.0;147.0;94.0;42.0;21.0;22.0
B;15.0;12.0;29.0;31.0;86.0;135.0;237.0;337.0;336.0;436.0;355.0;231.0;175.0;57.0;38.0;15.0;14.0
B;14.0;11.0;22.0;32.0;65.0;116.0;186.0;326.0;375.0;369.0;337.0;214.0;133.0;73.0;28.0;28.0;24.0
B;19.0;14.0;22.0;26.0;31.0;75.0;93.0;111.0;138.0;161.0;144.0;112.0;65.0;39.0;16.0;12.0;13.0
B;27.0;18.0;25.0;26.0;57.0;93.0;125.0;215.0;256.0;244.0;221.0;152.0;99.0;56.0;24.0;16.0;17.0
B;15.0;18.0;18.0;11.0;11.0;8.0;3.0;14.0;13.0;10.0;7.0;13.0;21.0;12.0;9.0;10.0;4.0
B;24.0;19.0;29.0;44.0;73.0;168.0;287.0;422.0;502.0;528.0;413.0;301.0;175.0;96.0;46.0;25.0;18.0
B;18.0;26.0;30.0;47.0;60.0;145.0;242.0;312.0;431.0;449.0;344.0;220.0;164.0;93.0;51.0;25.0;19.0
B;21.0;24.0;20.0;38.0;52.0;132.0;200.0;278.0;353.0;345.0;307.0;229.0;116.0;53.0;31.0;15.0;22.0
B;21.0;21.0;26.0;43.0;59.0;142.0;215.0;275.0;392.0;383.0;330.0;227.0;132.0;66.0;42.0;28.0;20.0
B;16.0;23.0;24.0;37.0;74.0;150.0;233.0;351.0;433.0;418.0;374.0;240.0;159.0;87.0;32.0;23.0;19.0
B;16.0;23.0;17.0;47.0;74.0;154.0;286.0;385.0;533.0;521.0;407.0;264.0;157.0;86.0;39.0;19.0;21.0
B;17.0;17.0;20.0;34.0;72.0;139.0;211.0;351.0;380.0;442.0;332.0;236.0;129.0;76.0;35.0;24.0;22.0
B;16.0;20.0;19.0;35.0;52.0;98.0;140.0;202.0;271.0;248.0;259.0;144.0;114.0;58.0;30.0;23.0;15.0
B;18.0;22.0;19.0;32.0;77.0;135.0;210.0;326.0;444.0;405.0;364.0;229.0;146.0;63.0;32.0;20.0;11.0
B;11.0;11.0;12.0;10.0;11.0;20.0;9.0;16.0;19.0;14.0;13.0;13.0;18.0;5.0;11.0;10.0;6.0
B;12.0;27.0;18.0;30.0;53.0;121.0;172.0;247.0;334.0;327.0;275.0;156.0;102.0;65.0;27.0;19.0;15.0
B;19.0;25.0;25.0;39.0;69.0;142.0;247.0;359.0;453.0;422.0;357.0;267.0;147.0;68.0;38.0;23.0;15.0
B;22.0;23.0;15.0;39.0;71.0;153.0;276.0;395.0;483.0;464.0;401.0;291.0;172.0;100.0;27.0;26.0;20.0
B;25.0;18.0;16.0;14.0;18.0;9.0;14.0;17.0;13.0;15.0;15.0;11.0;14.0;13.0;11.0;11.0;11.0
B;18.0;20.0;26.0;32.0;66.0;138.0;241.0;379.0;468.0;469.0;365.0;270.0;175.0;78.0;45.0;16.0;19.0
B;19.0;13.0;17.0;23.0;24.0;73.0;132.0;174.0;191.0;212.0;191.0;118.0;82.0;44.0;24.0;15.0;9.0
B;23.0;21.0;27.0;33.0;78.0;122.0;252.0;363.0;463.0;462.0;407.0;272.0;169.0;78.0;32.0;24.0;21.0
B;16.0;17.0;16.0;11.0;16.0;12.0;12.0;17.0;8.0;11.0;12.0;12.0;12.0;16.0;12.0;13.0;9.0
B;27.0;16.0;22.0;38.0;75.0;119.0;249.0;336.0;396.0;437.0;336.0;293.0;147.0;71.0;35.0;15.0;17.0
B;20.0;24.0;32.0;41.0;84.0;157.0;275.0;409.0;468.0;469.0;394.0;255.0;152.0;88.0;63.0;24.0;22.0
B;18.0;17.0;19.0;31.0;44.0;70.0;118.0;169.0;207.0;215.0;196.0;121.0;75.0;45.0;23.0;12.0;9.0
B;20.0;12.0;28.0;34.0;53.0;98.0;191.0;244.0;285.0;310.0;247.0;183.0;128.0;61.0;29.0;12.0;19.0
B;24.0;26.0;23.0;46.0;77.0;171.0;269.0;356.0;480.0;529.0;414.0;309.0;167.0;89.0;53.0;24.0;15.0
B;25.0;21.0;25.0;27.0;58.0;104.0;189.0;261.0;335.0;329.0;262.0;204.0;127.0;61.0;23.0;11.0;17.0
B;21.0;18.0;22.0;21.0;30.0;88.0;130.0;191.0;235.0;220.0;199.0;127.0;77.0;48.0;26.0;17.0;14.0
B;20.0;17.0;20.0;22.0;49.0;80.0;128.0;155.0;249.0;233.0;203.0;130.0;86.0;41.0;20.0;22.0;14.0
B;14.0;25.0;40.0;44.0;82.0;150.0;261.0;424.0;471.0;491.0;420.0;303.0;173.0;79.0;36.0;31.0;21.0
B;20.0;15.0;29.0;42.0;57.0;124.0;243.0;312.0;340.0;374.0;348.0;243.0;119.0;58.0;40.0;22.0;17.0
B;12.0;12.0;21.0;13.0;18.0;21.0;13.0;9.0;14.0;10.0;18.0;10.0;14.0;14.0;11.0;2.0;9.0
B;26.0;17.0;26.0;50.0;82.0;177.0;292.0;404.0;466.0;519.0;437.0;307.0;197.0;82.0;36.0;22.0;18.0
B;15.0;19.0;13.0;15.0;15.0;9.0;16.0;21.0;21.0;18.0;24.0;21.0;12.0;5.0;9.0;2.0;12.0
B;23.0;16.0;26.0;38.0;37.0;104.0;153.0;238.0;286.0;290.0;208.0;181.0;99.0;52.0;24.0;15.0;12.0
B;23.0;16.0;11.0;10.0;11.0;11.0;11.0;16.0;9.0;20.0;13.0;16.0;22.0;7.0;15.0;13.0;7.0
B;9.0;19.0;21.0;16.0;18.0;10.0;16.0;13.0;19.0;15.0;18.0;14.0;14.0;11.0;9.0;5.0;7.0
B;14.0;16.0;14.0;25.0;29.0;50.0;95.0;144.0;188.0;192.0;163.0;124.0;75.0;53.0;25.0;18.0;9.0
B;22.0;17.0;21.0;40.0;80.0;169.0;320.0;418.0;500.0;539.0;409.0;311.0;180.0;90.0;48.0;25.0;18.0
B;14.0;30.0;19.0;30.0;73.0;123.0;206.0;301.0;360.0;380.0;316.0;213.0;145.0;81.0;34.0;18.0;24.0
B;14.0;25.0;23.0;38.0;63.0;116.0;243.0;326.0;429.0;403.0;366.0;228.0;152.0;79.0;42.0;24.0;16.0
B;19.0;10.0;15.0;11.0;13.0;11.0;13.0;9.0;10.0;17.0;16.0;19.0;15.0;8.0;13.0;5.0;4.0
B;16.0;26.0;24.0;21.0;40.0;79.0;132.0;166.0;220.0;173.0;170.0;136.0;69.0;37.0;22.0;11.0;10.0
B;18.0;22.0;37.0;41.0;86.0;162.0;287.0;432.0;508.0;520.0;438.0;274.0;177.0;78.0;38.0;20.0;14.0
B;7.0;15.0;15.0;17.0;13.0;14.0;3.0;14.0;22.0;19.0;18.0;9.0;19.0;9.0;5.0;8.0;6.0
B;19.0;14.0;20.0;25.0;41.0;77.0;87.0;167.0;167.0;208.0;157.0;143.0;73.0;44.0;17.0;12.0;13.0
B;20.0;23.0;17.0;15.0;11.0;6.0;15.0;15.0;17.0;17.0;11.0;4.0;15.0;8.0;13.0;11.0;8.0
B;23.0;19.0;30.0;43.0;71.0;99.0;195.0;293.0;323.0;303.0;326.0;176.0;128.0;65.0;25.0;17.0;12.0
B;16.0;13.0;22.0;39.0;63.0;114.0;198.0;256.0;334.0;360.0;306.0;204.0;120.0;76.0;39.0;24.0;17.0
B;17.0;21.0;33.0;43.0;71.0;147.0;292.0;347.0;454.0;449.0;379.0;273.0;165.0;75.0;32.0;22.0;21.0
B;21.0;22.0;22.0;40.0;51.0;103.0;175.0;252.0;323.0;327.0;274.0;168.0;131.0;67.0;29.0;22.0;10.0
B;26.0;25.0;15.0;39.0;77.0;137.0;255.0;345.0;421.0;423.0;358.0;267.0;157.0;78.0;40.0;23.0;17.0
B;12.0;17.0;19.0;38.0;63.0;114.0;198.0;267.0;315.0;297.0;253.0;200.0;118.0;58.0;25.0;17.0;16.0
B;27.0;17.0;10.0;31.0;48.0;72.0;122.0;178.0;210.0;196.0;176.0;127.0;78.0;51.0;29.0;16.0;15.0
B;25.0;23.0;21.0;15.0;13.0;11.0;14.0;9.0;17.0;20.0;17.0;19.0;9.0;16.0;12.0;2.0;6.0
B;18.0;20.0;32.0;59.0;114.0;222.0;377.0;525.0;589.0;631.0;496.0;360.0;219.0;80.0;54.0;34.0;26.0
B;16.0;18.0;18.0;8.0;17.0;14.0;8.0;8.0;13.0;20.0;14.0;13.0;10.0;9.0;10.0;11.0;4.0
B;13.0;17.0;12.0;12.0;16.0;16.0;10.0;14.0;13.0;21.0;16.0;22.0;9.0;9.0;10.0;5.0;6.0
B;13.0;16.0;23.0;33.0;45.0;92.0;140.0;225.0;278.0;301.0;250.0;179.0;100.0;52.0;26.0;22.0;22.0
B;15.0;19.0;16.0;32.0;44.0;75.0;149.0;196.0;291.0;272.0;231.0;153.0;111.0;53.0;22.0;14.0;17.0
B;17.0;15.0;23.0;35.0;63.0;103.0;155.0;258.0;360.0;352.0;272.0;207.0;106.0;82.0;37.0;27.0;12.0
B;19.0;19.0;31.0;67.0;109.0;201.0;371.0;534.0;654.0;705.0;528.0;370.0;237.0;131.0;46.0;33.0;17.0
B;17.0;18.0;17.0;29.0;32.0;52.0;94.0;129.0;169.0;175.0;122.0;88.0;73.0;45.0;13.0;10.0;8.0
B;17.0;12.0;15.0;10.0;13.0;14.0;12.0;9.0;14.0;21.0;11.0;15.0;16.0;6.0;13.0;11.0;10.0
B;20.0;24.0;27.0;36.0;77.0;113.0;209.0;305.0;358.0;368.0;294.0;219.0;147.0;71.0;29.0;18.0;17.0
Multivariate_threshold|Ca ka > -72.180511;18.048358792705745;17.082314765138896;17.527178987148474;20.392447931739063;28.462385357446927;44.74204189362455;70.80543951708613;99.13164444825384;121.0873366786735;124.12588269154608;106.01570035094869;77.07958567932602;49.45011766235701;28.641386606339267;17.071072175130634;12.002330314191378;10.539910247348956
Multivariate_threshold|Ca ka > -238.439137;17.559572514719818;16.14456135339714;15.659491025547844;15.40009184391861;17.288735529066834;20.189546753726084;26.13091407162578;33.92662344829185;41.46528295711684;42.03781749704032;39.1242850298445;30.579049351746946;22.611229121277304;16.00652536016846;11.476345856645931;9.388016844233446;8.482564497715508
Multivariate_threshold|Ca ka > -287.239935;17.416102302992186;15.86930878066683;15.111280899035847;13.934718495283075;14.009007805830144;12.982814824430129;13.017895328746391;14.787423781891562;18.094346782943802;17.943049243119418;19.490089163249095;16.93005368055846;14.733387219926072;12.297897888859659;9.834162747949353;8.620654657629537;7.878685371826146
Multivariate_threshold|Ca ka <= -238.439137;17.559572514719818;16.14456135339714;15.659491025547844;15.40009184391861;17.288735529066834;20.189546753726084;26.13091407162578;33.92662344829185;41.46528295711684;42.03781749704032;39.1242850298445;30.579049351746946;22.611229121277304;16.00652536016846;11.476345856645931;9.388016844233446;8.482564497715508
Multivariate_threshold|Ca ka <= 368.312234;19.34337014967432;19.566838928226332;22.475511684851476;33.61941055924732;58.0663330913456;109.79247698173856;189.16804588452325;271.88862746805285;332.04142536433636;341.61352808228446;283.2406889113397;200.28010370016693;120.55822162208565;62.116730625682806;31.89398036196256;18.928804699319137;15.990730433964472
Multivariate_threshold|Ca ka <= -72.180511;18.048358792705745;17.082314765138896;17.527178987148474;20.392447931739063;28.462385357446927;44.74204189362455;70.80543951708613;99.13164444825384;121.0873366786735;124.12588269154608;106.01570035094869;77.07958567932602;49.45011766235701;28.641386606339267;17.071072175130634;12.002330314191378;10.539910247348956
