Class;18.01;18.03;18.05;18.07;18.09;18.11;18.13;18.15;18.17;18.19;18.21;18.23;18.25;18.27;18.29;18.31;18.33;18.35;18.37;18.39;18.41;18.43;18.45;18.47;18.49;18.51;18.53;18.55;18.57;18.59;18.61;18.63;18.65;18.67;18.69;18.71;18.73;18.75;18.77;18.79;18.81;18.83;18.85;18.87;18.89;18.91;18.93;18.95;18.97;18.99;19.01;19.03;19.05;19.07;19.09;19.11;19.13;19.15;19.17;19.19;19.21;19.23;19.25;19.27;19.29;19.31;19.33;19.35;19.37;19.39;19.41;19.43;19.45;19.47;19.49;19.51;19.53;19.55;19.57;19.59;19.61;19.63;19.65;19.67;19.69
A;2.18;2.16;2.05;2.11;2.13;2.08;2.22;2.15;2.09;2.16;2.23;2.27;2.22;2.26;2.17;2.21;2.23;2.29;2.26;2.23;2.34;2.36;2.27;2.47;2.35;2.34;2.42;2.54;2.65;2.73;2.71;2.87;2.84;2.96;3.15;3.37;3.53;3.4;3.57;3.75;3.75;3.8;3.95;3.91;3.9;4.11;4.43;4.15;4.37;4.35;4.25;4.39;4.27;4.11;4.3;4.22;4.07;4.12;3.98;3.96;3.76;3.58;3.47;3.24;3.15;3.09;2.95;2.91;2.8;2.61;2.58;2.47;2.43;2.29;2.18;2.03;1.94;2.09;1.97;1.89;1.85;1.77;1.78;1.78;1.72
A;2.61;2.68;2.48;2.55;2.62;2.55;2.55;2.57;2.62;2.65;2.73;2.71;2.62;2.53;2.62;2.61;2.61;2.64;2.74;2.68;2.62;2.73;2.7;2.81;2.85;2.8;3.07;3.05;3.11;3.23;3.3;3.5;3.54;3.49;3.79;3.68;4.06;4.07;4.2;4.41;4.48;4.58;4.63;4.81;4.84;4.94;5.22;4.9;5.18;5.32;5.24;5.15;5.12;5.13;5.12;5.01;4.94;4.75;4.82;4.71;4.5;4.28;4.17;4.11;3.93;3.73;3.58;3.66;3.32;3.12;3.11;3.0;2.89;2.81;2.85;2.57;2.49;2.59;2.34;2.19;2.26;2.13;2.08;2.16;2.09
A;2.17;2.22;2.24;2.25;2.32;2.16;2.22;2.23;2.25;2.24;2.19;2.12;2.14;2.32;2.29;2.25;2.31;2.25;2.22;2.34;2.29;2.4;2.41;2.33;2.36;2.63;2.69;2.61;2.88;2.85;2.99;3.05;3.17;3.3;3.22;3.21;3.17;3.51;3.62;3.75;3.63;3.9;3.86;4.09;4.13;4.59;4.24;4.6;4.53;4.38;4.53;4.52;4.52;4.35;4.32;4.2;4.03;4.12;3.87;3.89;3.66;3.59;3.44;3.46;3.26;3.12;2.99;2.8;2.9;2.76;2.59;2.47;2.46;2.36;2.29;2.27;2.22;2.09;2.04;1.96;1.87;1.78;1.78;1.78;1.79
A;2.0;2.06;2.07;1.97;1.96;2.04;2.08;1.98;1.98;2.1;2.04;2.08;2.03;2.12;2.02;2.11;2.06;2.13;2.22;2.23;2.2;2.23;2.17;2.29;2.39;2.42;2.38;2.34;2.47;2.47;2.58;2.75;3.01;2.78;2.87;3.14;3.33;3.19;3.57;3.63;3.44;3.63;4.0;3.95;3.93;3.93;3.97;4.03;4.07;4.2;4.11;4.1;4.16;4.21;4.17;4.1;4.01;3.86;3.82;3.52;3.48;3.36;3.35;3.25;2.93;2.82;2.9;2.76;2.62;2.57;2.53;2.39;2.36;2.19;2.08;2.0;1.93;1.97;1.79;1.84;1.78;1.79;1.75;1.79;1.65
A;2.19;2.18;2.12;2.12;2.21;2.28;2.2;2.24;2.13;2.23;2.19;2.15;2.18;2.22;2.17;2.24;2.42;2.32;2.37;2.3;2.35;2.43;2.47;2.47;2.4;2.57;2.54;2.5;2.79;2.8;2.86;2.96;3.05;3.09;3.25;3.24;3.41;3.49;3.72;3.76;3.84;4.02;4.0;4.19;4.11;4.22;4.22;4.25;4.33;4.47;4.6;4.38;4.45;4.14;4.41;4.25;4.1;3.98;4.03;3.77;3.65;3.8;3.48;3.43;3.29;3.16;2.97;2.87;2.8;2.78;2.6;2.31;2.36;2.33;2.29;2.12;2.25;2.01;1.9;2.0;1.93;1.95;1.8;1.72;1.71
A;2.69;2.7;2.59;2.66;2.66;2.62;2.75;2.69;2.79;2.7;2.76;2.77;2.64;2.78;2.9;2.71;2.7;2.83;2.79;2.8;2.76;3.02;2.81;2.87;3.02;3.17;3.22;3.23;3.4;3.39;3.38;3.58;3.74;3.81;4.12;4.14;4.12;4.27;4.5;4.34;4.74;4.85;4.99;5.04;5.22;5.2;5.31;5.53;5.5;5.43;5.5;5.6;5.42;5.69;5.27;5.28;5.11;5.29;4.95;4.78;4.74;4.6;4.42;4.13;4.24;3.95;3.97;3.66;3.5;3.43;3.21;3.24;3.12;2.93;2.87;2.73;2.53;2.57;2.41;2.35;2.44;2.27;2.28;2.13;2.16
A;2.58;2.61;2.49;2.57;2.45;2.55;2.49;2.51;2.6;2.51;2.57;2.56;2.53;2.54;2.61;2.57;2.57;2.68;2.57;2.5;2.64;2.72;2.84;2.82;2.78;2.97;2.91;3.01;3.11;3.27;3.27;3.44;3.34;3.69;3.65;3.79;3.94;4.26;4.11;4.25;4.48;4.58;4.68;4.55;4.71;4.89;4.83;5.11;4.99;5.16;5.0;5.1;5.14;5.21;5.0;4.76;4.87;4.91;4.52;4.56;4.31;4.44;4.01;3.82;3.82;3.74;3.46;3.45;3.33;3.12;2.96;2.87;2.82;2.62;2.59;2.6;2.44;2.26;2.32;2.32;2.11;2.02;2.19;2.05;1.97
A;2.22;2.14;2.23;2.26;2.16;2.22;2.45;2.36;2.23;2.38;2.22;2.37;2.32;2.23;2.28;2.27;2.46;2.35;2.36;2.41;2.54;2.44;2.48;2.49;2.56;2.57;2.67;2.62;2.84;2.99;2.97;2.95;3.18;3.16;3.41;3.32;3.31;3.53;3.44;3.8;3.93;3.95;4.08;4.35;4.12;4.28;4.6;4.45;4.38;4.5;4.66;4.52;4.41;4.25;4.41;4.3;4.33;4.3;4.11;4.1;3.97;3.75;3.67;3.53;3.15;3.21;3.04;3.06;2.98;2.78;2.71;2.55;2.39;2.43;2.39;2.34;2.15;2.04;1.97;2.15;1.84;1.95;1.88;1.81;1.83
A;2.41;2.51;2.47;2.49;2.58;2.42;2.41;2.39;2.54;2.33;2.39;2.43;2.52;2.48;2.36;2.37;2.52;2.53;2.52;2.62;2.54;2.49;2.59;2.72;2.84;2.96;2.84;2.99;3.13;3.06;3.28;3.24;3.36;3.45;3.39;3.63;3.82;3.88;3.98;4.02;4.14;4.42;4.5;4.49;4.8;4.71;4.81;4.84;4.78;4.95;4.96;4.74;4.75;4.79;4.72;4.86;4.68;4.73;4.5;4.39;4.07;3.97;3.82;3.8;3.61;3.5;3.35;3.25;3.09;3.05;2.82;2.84;2.64;2.54;2.5;2.39;2.38;2.43;2.23;2.16;2.14;2.01;2.25;2.03;1.98
A;2.02;2.02;1.95;2.08;2.07;2.16;2.22;2.07;2.11;2.04;2.06;1.95;2.12;2.02;1.97;2.16;2.08;2.11;2.01;2.02;2.26;2.1;2.27;2.19;2.17;2.4;2.43;2.43;2.39;2.46;2.8;2.77;2.91;3.0;3.01;3.1;3.28;3.22;3.39;3.47;3.57;3.58;3.72;3.84;4.02;4.08;4.01;4.11;4.1;3.91;4.1;4.05;3.98;4.18;3.98;3.9;3.85;3.65;3.56;3.52;3.55;3.16;3.24;3.06;2.89;2.96;2.75;2.75;2.57;2.56;2.35;2.28;2.24;2.08;2.02;1.89;1.97;1.74;1.72;1.79;1.69;1.64;1.58;1.6;1.61
A;2.16;2.2;2.16;2.08;2.19;2.18;2.2;2.12;2.08;2.1;2.26;2.21;2.19;2.21;2.21;2.24;2.16;2.26;2.18;2.23;2.32;2.33;2.3;2.35;2.31;2.36;2.55;2.63;2.64;2.55;2.79;2.84;3.02;3.07;3.13;3.16;3.29;3.38;3.52;3.73;3.8;3.9;3.91;4.01;4.03;4.29;4.23;4.2;4.15;4.16;4.48;4.34;4.36;4.44;4.22;4.11;3.97;3.79;3.88;3.73;3.59;3.63;3.47;3.42;3.22;3.17;2.89;2.94;2.73;2.61;2.62;2.42;2.53;2.24;2.17;2.15;1.99;1.85;1.89;1.86;1.85;1.8;1.88;1.74;1.74
A;2.52;2.54;2.53;2.69;2.58;2.39;2.48;2.49;2.62;2.6;2.62;2.67;2.8;2.59;2.68;2.73;2.6;2.5;2.51;2.76;2.7;2.79;2.83;2.95;2.91;3.12;3.1;2.95;3.16;3.26;3.37;3.42;3.73;3.51;3.64;4.08;3.9;4.11;4.28;4.39;4.52;4.5;4.69;4.9;4.6;5.07;5.05;5.09;5.11;5.15;5.15;5.16;5.22;5.19;5.11;5.1;4.77;4.76;4.59;4.39;4.49;4.46;4.16;3.97;3.9;3.87;3.63;3.49;3.42;3.09;2.92;2.94;2.85;2.74;2.65;2.48;2.42;2.55;2.31;2.31;2.22;2.18;2.21;2.01;2.06
A;2.16;2.2;2.25;2.21;2.16;2.2;2.18;2.26;2.42;2.21;2.18;2.3;2.28;2.11;2.28;2.22;2.43;2.37;2.16;2.33;2.43;2.42;2.4;2.42;2.46;2.52;2.69;2.7;2.72;3.03;2.83;2.96;3.14;3.28;3.21;3.39;3.44;3.69;3.68;3.79;3.91;4.02;4.01;4.25;4.54;4.34;4.45;4.57;4.49;4.36;4.64;4.31;4.41;4.36;4.36;4.37;4.46;4.03;4.11;3.97;3.87;3.79;3.64;3.43;3.41;3.14;3.02;3.07;2.85;2.92;2.61;2.54;2.45;2.4;2.23;2.19;2.22;2.03;2.04;2.0;2.0;1.85;1.88;1.89;1.82
A;2.04;2.13;2.09;2.02;2.18;2.21;2.25;2.14;2.13;2.09;2.21;2.16;2.11;2.24;2.25;2.1;2.18;2.24;2.21;2.22;2.13;2.24;2.39;2.35;2.49;2.43;2.46;2.5;2.57;2.7;2.81;2.77;2.98;2.85;3.17;3.14;3.25;3.27;3.46;3.53;3.66;3.87;3.84;3.87;3.99;3.98;4.2;4.11;4.21;4.26;4.27;4.2;4.33;4.29;4.21;4.08;3.95;4.03;3.79;3.81;3.72;3.53;3.34;3.28;3.09;2.91;2.9;2.84;2.66;2.64;2.49;2.3;2.39;2.27;2.19;1.97;1.98;1.91;1.95;1.79;1.88;1.75;1.69;1.65;1.68
A;2.8;2.93;2.92;2.75;2.82;2.89;2.76;2.85;2.9;2.72;2.82;2.66;2.9;2.78;2.69;2.7;2.91;2.93;2.75;2.89;3.03;3.07;2.98;3.05;3.3;3.12;3.12;3.36;3.25;3.71;3.49;3.42;3.9;3.93;4.07;4.08;4.19;4.44;4.42;4.6;4.74;4.78;4.91;5.15;5.28;5.07;5.34;5.36;5.54;5.7;5.58;5.68;5.45;5.41;5.47;5.36;5.37;5.31;5.15;4.88;4.83;4.56;4.66;4.29;4.2;4.09;3.96;3.74;3.44;3.52;3.53;3.37;3.18;2.85;2.91;2.83;2.87;2.73;2.54;2.36;2.36;2.4;2.27;2.29;2.24
A;2.39;2.32;2.41;2.38;2.38;2.39;2.48;2.42;2.45;2.4;2.43;2.39;2.2;2.45;2.49;2.42;2.49;2.56;2.48;2.55;2.58;2.47;2.54;2.49;2.69;2.82;2.88;2.99;2.93;3.01;2.95;3.21;3.31;3.44;3.42;3.64;3.77;3.81;3.86;4.26;4.04;4.27;4.43;4.69;4.44;4.5;4.65;4.73;4.8;4.86;4.63;4.87;4.76;4.76;4.74;4.61;4.5;4.55;4.38;4.32;4.19;4.1;3.82;3.88;3.53;3.46;3.34;3.26;3.26;2.98;2.88;2.74;2.64;2.62;2.61;2.42;2.38;2.25;2.07;2.13;2.02;2.04;1.88;1.88;2.02
A;2.17;2.21;2.37;2.46;2.42;2.34;2.34;2.39;2.21;2.34;2.44;2.32;2.41;2.3;2.3;2.37;2.49;2.46;2.48;2.34;2.41;2.47;2.36;2.56;2.53;2.68;2.59;2.69;2.87;2.83;3.03;3.16;3.2;3.26;3.44;3.58;3.59;3.58;3.85;3.9;4.06;4.35;4.28;4.41;4.3;4.57;4.33;4.65;4.72;4.63;4.7;4.68;4.66;4.5;4.43;4.37;4.39;4.24;4.07;3.88;3.96;3.85;3.62;3.55;3.45;3.3;3.18;2.95;2.87;2.91;2.61;2.51;2.54;2.52;2.34;2.28;2.14;2.13;2.04;2.11;1.97;1.84;1.91;1.83;1.9
A;2.6;2.72;2.74;2.59;2.56;2.71;2.63;2.59;2.64;2.58;2.91;2.79;2.66;2.53;2.67;2.83;2.8;2.78;2.73;2.82;2.83;2.96;2.79;2.84;3.09;3.08;3.14;3.09;3.18;3.43;3.49;3.73;3.68;3.69;3.91;3.97;4.23;4.26;4.38;4.37;4.56;4.63;4.89;4.93;4.89;5.17;5.41;5.23;5.35;5.39;5.48;5.39;5.22;5.17;5.22;5.19;5.1;5.02;5.04;4.63;4.7;4.63;4.39;4.37;4.15;3.92;3.85;3.61;3.44;3.33;3.17;3.04;2.86;2.85;2.78;2.74;2.61;2.52;2.51;2.39;2.26;2.37;2.16;2.22;2.15
A;2.09;2.1;2.11;2.16;2.27;2.1;2.25;2.14;2.08;2.13;2.1;2.16;2.24;2.16;2.0;2.13;2.23;2.29;2.21;2.24;2.27;2.24;2.34;2.44;2.41;2.33;2.48;2.6;2.65;2.62;2.75;2.75;2.92;2.96;3.19;3.24;3.26;3.49;3.64;3.75;3.54;3.76;4.06;4.13;4.08;4.1;4.02;4.15;4.34;4.2;4.33;4.24;4.21;4.3;4.29;4.1;3.96;3.83;3.94;3.77;3.43;3.44;3.4;3.16;3.07;3.16;2.88;2.83;2.69;2.6;2.41;2.33;2.24;2.23;2.15;2.19;2.01;1.96;1.95;1.84;1.8;1.75;1.8;1.79;1.64
A;2.18;2.23;2.21;2.16;2.16;2.16;2.32;2.24;2.31;2.23;2.22;2.36;2.21;2.29;2.21;2.29;2.32;2.44;2.42;2.35;2.28;2.33;2.46;2.46;2.49;2.53;2.57;2.69;2.8;2.83;2.88;3.06;3.06;3.2;3.23;3.3;3.5;3.64;3.66;3.74;3.95;3.96;3.95;4.29;4.22;4.21;4.37;4.47;4.51;4.57;4.58;4.31;4.45;4.29;4.31;4.35;4.13;4.13;3.86;4.01;3.79;3.65;3.53;3.4;3.23;3.24;3.06;3.13;2.95;2.78;2.58;2.46;2.51;2.29;2.27;2.16;2.17;2.18;2.04;1.97;1.85;1.96;1.94;1.77;1.72
A;2.37;2.29;2.26;2.3;2.45;2.43;2.42;2.37;2.38;2.31;2.41;2.42;2.35;2.26;2.42;2.42;2.54;2.43;2.46;2.54;2.54;2.5;2.64;2.51;2.68;2.69;2.69;2.9;2.83;2.97;3.02;3.27;3.27;3.25;3.5;3.55;3.57;3.64;3.87;3.84;4.02;4.11;4.33;4.4;4.35;4.52;4.68;4.65;4.61;4.85;4.69;4.77;4.72;4.73;4.48;4.53;4.39;4.23;4.41;4.26;4.22;3.92;3.69;3.46;3.47;3.54;3.26;3.18;2.97;3.03;2.73;2.71;2.56;2.46;2.46;2.4;2.37;2.11;2.12;2.04;2.12;1.88;1.95;1.94;1.92
A;2.05;2.2;2.17;2.11;2.14;2.17;2.17;2.17;2.2;2.18;2.1;2.39;2.18;2.29;2.15;2.25;2.14;2.26;2.35;2.16;2.37;2.28;2.44;2.51;2.55;2.6;2.52;2.68;2.6;2.84;2.83;2.94;2.97;3.04;3.18;3.27;3.4;3.6;3.59;3.58;3.81;3.88;3.8;3.87;4.16;4.19;4.21;4.39;4.29;4.35;4.24;4.42;4.36;4.28;4.39;4.13;4.11;4.12;3.89;3.7;3.51;3.51;3.62;3.35;3.34;3.18;2.93;2.9;2.83;2.65;2.72;2.62;2.41;2.37;2.35;2.11;2.23;1.92;2.01;1.89;1.91;1.71;1.8;1.68;1.67
A;2.07;1.92;2.15;2.03;2.1;1.92;1.93;2.08;2.0;1.97;2.05;2.08;2.12;2.1;2.17;2.16;2.19;2.22;2.25;2.09;2.07;2.22;2.15;2.33;2.26;2.4;2.37;2.43;2.5;2.59;2.85;2.77;2.93;2.81;2.99;3.14;3.34;3.29;3.52;3.49;3.57;3.76;3.88;3.82;3.78;3.76;4.11;4.03;4.21;4.04;4.16;4.05;4.18;4.05;4.02;3.93;3.77;3.86;3.76;3.63;3.45;3.36;3.26;3.26;3.13;2.83;2.75;2.72;2.73;2.71;2.47;2.32;2.18;2.05;2.09;2.03;1.91;1.87;1.82;1.88;1.82;1.81;1.74;1.55;1.51
A;1.96;1.89;1.95;2.05;1.96;1.88;2.04;2.0;1.98;2.0;1.96;1.91;1.99;2.05;1.91;1.89;2.13;2.08;1.95;1.95;2.0;1.99;2.24;2.17;2.23;2.21;2.21;2.23;2.41;2.47;2.54;2.61;2.71;2.91;2.74;3.03;3.1;3.03;3.18;3.17;3.42;3.39;3.65;3.68;3.68;3.71;3.9;3.84;3.9;3.81;3.92;3.9;3.91;3.82;3.92;3.74;3.62;3.43;3.44;3.39;3.26;3.05;3.17;2.97;2.86;2.85;2.61;2.61;2.45;2.52;2.24;2.23;2.07;2.02;1.9;2.0;1.9;1.77;1.9;1.77;1.71;1.62;1.65;1.59;1.5
A;2.14;2.19;2.21;2.14;2.16;2.1;2.25;2.24;2.13;2.11;2.12;2.1;2.11;2.31;2.23;2.16;2.26;2.33;2.23;2.24;2.33;2.36;2.42;2.35;2.35;2.49;2.49;2.61;2.89;2.76;2.81;2.86;2.88;3.06;3.15;3.12;3.36;3.44;3.54;3.57;3.7;3.94;3.96;4.07;4.11;4.17;4.21;4.2;4.32;4.34;4.44;4.39;4.25;4.22;4.02;4.16;4.07;3.9;3.85;3.75;3.65;3.47;3.5;3.37;3.21;3.18;2.91;2.9;2.87;2.65;2.55;2.4;2.26;2.34;2.29;2.07;2.02;1.99;2.01;1.85;1.81;1.85;1.81;1.8;1.8
A;2.62;2.45;2.53;2.45;2.49;2.51;2.47;2.55;2.59;2.37;2.37;2.59;2.48;2.53;2.54;2.65;2.59;2.6;2.58;2.63;2.76;2.6;2.74;2.86;2.8;2.94;2.95;3.09;3.07;3.23;3.11;3.29;3.42;3.6;3.66;3.73;3.79;4.07;3.98;4.18;4.34;4.43;4.42;4.76;4.69;4.85;4.96;5.08;5.12;4.94;5.17;5.12;5.05;5.13;4.86;4.9;4.88;4.84;4.43;4.54;4.33;4.26;3.84;3.89;3.81;3.7;3.6;3.41;3.26;3.3;2.89;2.81;2.81;2.65;2.54;2.46;2.47;2.45;2.3;2.36;2.25;2.11;2.08;1.99;1.93
A;2.34;2.4;2.48;2.43;2.12;2.26;2.18;2.19;2.28;2.33;2.3;2.16;2.32;2.4;2.35;2.23;2.32;2.29;2.33;2.34;2.42;2.29;2.55;2.48;2.65;2.62;2.58;2.72;2.79;2.78;2.86;3.03;3.26;3.3;3.34;3.41;3.56;3.43;3.7;3.84;3.91;4.08;3.96;4.28;4.29;4.35;4.5;4.47;4.55;4.36;4.35;4.4;4.47;4.74;4.56;4.35;4.27;4.28;4.11;3.98;3.85;3.82;3.69;3.56;3.26;3.31;3.0;3.04;2.81;2.67;2.69;2.48;2.5;2.54;2.29;2.16;2.19;1.99;2.13;1.96;1.97;1.98;1.82;1.76;1.76
A;2.11;2.15;2.07;2.1;2.2;2.04;2.22;2.14;2.27;2.17;2.18;2.29;2.24;2.31;2.19;2.21;2.19;2.23;2.36;2.28;2.27;2.31;2.36;2.49;2.38;2.52;2.6;2.62;2.58;2.89;2.83;2.76;2.9;3.06;3.18;3.31;3.34;3.5;3.62;3.66;3.92;3.86;3.84;4.08;4.15;4.18;4.38;4.46;4.51;4.39;4.6;4.33;4.43;4.43;4.24;4.21;4.25;4.13;3.94;3.86;3.68;3.57;3.58;3.3;3.22;3.06;2.95;2.82;2.79;2.65;2.47;2.53;2.4;2.33;2.27;2.17;1.97;1.88;1.89;1.85;1.79;1.83;1.71;1.74;1.67
A;2.14;2.12;2.11;2.17;2.21;2.09;2.06;2.1;2.18;2.2;2.07;2.23;2.19;2.23;2.11;2.34;2.2;2.2;2.19;2.2;2.33;2.3;2.26;2.39;2.28;2.42;2.47;2.54;2.61;2.56;2.68;2.81;2.95;3.04;3.12;3.07;3.22;3.46;3.4;3.62;3.68;3.97;3.86;4.05;4.21;3.99;4.17;4.04;4.3;4.21;4.13;4.2;4.18;4.1;4.12;4.12;3.93;3.9;3.89;3.73;3.73;3.56;3.25;3.25;3.07;3.08;2.95;2.87;2.72;2.59;2.54;2.48;2.34;2.38;2.2;2.12;2.11;2.12;1.9;1.8;1.82;1.72;1.79;1.74;1.67
A;2.54;2.58;2.66;2.55;2.54;2.51;2.75;2.47;2.52;2.61;2.62;2.67;2.74;2.64;2.6;2.66;2.52;2.59;2.71;2.69;2.7;2.69;2.64;2.83;2.81;2.98;3.07;3.13;3.13;3.26;3.3;3.35;3.42;3.64;3.59;3.74;4.02;4.04;4.21;4.27;4.39;4.62;4.8;4.87;4.73;4.98;5.13;4.99;5.23;5.12;4.97;5.2;5.05;5.12;5.0;5.07;4.86;4.79;4.74;4.63;4.24;4.41;4.22;3.96;3.98;3.83;3.45;3.54;3.42;3.22;3.11;2.9;2.94;2.55;2.59;2.71;2.43;2.41;2.41;2.41;2.22;2.05;2.16;2.14;2.05
A;2.75;2.57;2.57;2.71;2.65;2.5;2.58;2.55;2.55;2.62;2.67;2.86;2.66;2.66;2.63;2.73;2.74;2.74;2.7;2.83;2.82;2.81;2.85;2.94;3.08;3.01;3.03;3.14;3.45;3.29;3.34;3.53;3.52;3.71;3.8;3.93;4.09;4.12;4.24;4.38;4.68;4.59;4.86;4.73;5.21;5.04;5.22;5.34;5.28;5.3;5.3;5.19;5.28;5.14;5.3;4.99;5.26;5.02;4.81;4.65;4.44;4.61;4.19;3.98;4.04;3.73;3.67;3.55;3.41;3.38;3.28;2.91;2.9;2.81;2.69;2.66;2.59;2.39;2.36;2.28;2.25;2.3;2.26;2.12;2.06
A;2.27;2.34;2.21;2.27;2.25;2.26;2.34;2.31;2.28;2.28;2.28;2.23;2.14;2.28;2.28;2.29;2.36;2.28;2.39;2.36;2.37;2.49;2.46;2.42;2.7;2.74;2.71;2.63;2.71;2.97;2.77;2.87;3.24;3.24;3.23;3.47;3.35;3.71;3.71;3.86;4.08;4.0;4.13;4.08;4.37;4.56;4.37;4.52;4.44;4.6;4.56;4.53;4.45;4.58;4.46;4.44;4.3;4.2;4.24;4.13;3.96;3.78;3.73;3.53;3.35;3.34;3.22;3.12;2.88;2.73;2.76;2.76;2.53;2.44;2.35;2.29;2.24;2.14;1.98;2.09;1.86;1.94;1.9;1.82;1.81
A;2.0;2.05;1.98;2.03;2.04;2.15;1.96;2.03;2.12;2.05;2.18;2.01;2.15;2.05;1.99;1.99;2.14;2.02;2.25;2.03;2.29;2.03;2.37;2.27;2.31;2.48;2.36;2.49;2.45;2.7;2.7;2.81;2.95;2.93;3.09;3.09;3.16;3.43;3.4;3.68;3.58;3.7;3.97;3.6;3.89;4.07;4.1;4.01;4.1;4.14;4.1;4.13;4.11;4.05;4.01;3.84;3.94;3.63;3.67;3.45;3.53;3.33;3.23;3.1;2.99;2.87;2.8;2.67;2.47;2.55;2.5;2.24;2.25;2.09;2.16;1.99;1.91;1.94;1.76;1.76;1.72;1.65;1.67;1.58;1.65
A;2.4;2.57;2.63;2.53;2.51;2.62;2.5;2.66;2.41;2.56;2.63;2.43;2.43;2.49;2.63;2.68;2.49;2.58;2.44;2.64;2.82;2.61;2.69;2.83;2.64;2.89;2.97;3.14;3.08;3.19;3.32;3.36;3.42;3.49;3.62;3.74;3.88;4.05;4.25;4.07;4.47;4.57;4.54;4.89;4.76;4.83;4.85;5.07;5.22;5.06;5.14;5.14;5.21;5.0;5.03;4.83;4.58;4.72;4.51;4.3;4.33;4.44;4.03;3.85;3.74;3.77;3.59;3.24;3.19;3.07;3.09;2.82;2.77;2.87;2.63;2.53;2.36;2.25;2.24;2.28;2.31;2.06;2.06;2.04;1.97
A;2.76;2.91;2.79;2.91;2.75;2.89;2.85;2.86;2.88;2.86;2.84;2.77;2.85;2.9;2.91;3.02;2.8;2.99;2.83;2.93;2.97;2.84;2.96;3.02;2.97;2.86;3.29;3.19;3.43;3.45;3.66;3.54;3.74;3.71;3.9;4.14;4.14;4.69;4.49;4.5;4.88;4.81;5.03;5.16;5.2;5.31;5.51;5.6;5.56;5.39;5.54;5.65;5.78;5.6;5.51;5.44;5.32;5.19;5.25;5.01;4.98;4.82;4.58;4.45;4.3;4.15;4.0;3.8;3.76;3.41;3.29;3.39;3.11;3.02;2.85;2.74;2.72;2.53;2.57;2.61;2.48;2.42;2.23;2.27;2.24
A;2.21;2.24;2.3;2.25;2.35;2.15;2.17;2.17;2.2;2.26;2.09;2.2;2.25;2.34;2.34;2.2;2.2;2.22;2.36;2.33;2.36;2.39;2.48;2.62;2.51;2.53;2.67;2.58;2.72;2.85;2.82;2.86;2.95;3.04;3.24;3.36;3.48;3.57;3.7;3.78;3.59;4.04;3.94;4.07;4.17;4.29;4.22;4.51;4.44;4.57;4.46;4.25;4.26;4.45;4.34;4.35;4.2;4.12;3.88;3.96;3.83;3.67;3.66;3.62;3.28;3.24;3.07;2.99;2.89;2.88;2.61;2.55;2.37;2.41;2.28;2.19;2.04;2.14;1.99;1.88;1.87;1.88;1.73;1.74;1.7
A;2.53;2.39;2.32;2.51;2.38;2.5;2.55;2.49;2.37;2.55;2.38;2.47;2.5;2.58;2.53;2.43;2.48;2.57;2.62;2.58;2.72;2.69;2.59;2.69;2.68;2.95;2.92;2.99;2.99;3.18;3.16;3.25;3.24;3.6;3.72;3.6;3.65;3.85;3.96;4.2;4.45;4.49;4.56;4.67;4.58;4.93;5.04;5.15;4.87;5.12;4.89;5.06;5.02;4.99;5.0;4.83;4.74;4.69;4.38;4.31;4.19;4.1;4.0;3.93;3.68;3.65;3.46;3.24;3.08;3.11;2.96;3.0;2.82;2.66;2.5;2.54;2.5;2.39;2.46;2.23;2.21;2.07;2.01;2.07;2.03
A;2.16;2.2;2.18;2.25;2.05;2.24;2.28;2.14;2.17;2.21;2.22;2.22;2.14;2.13;2.26;2.09;2.34;2.24;2.23;2.2;2.45;2.28;2.39;2.35;2.33;2.35;2.48;2.75;2.57;2.72;2.7;2.91;3.01;2.99;3.27;3.3;3.37;3.41;3.55;3.74;3.74;3.9;3.94;3.91;4.13;4.15;4.05;4.36;4.39;4.41;4.34;4.36;4.28;4.13;4.44;4.03;4.04;4.16;3.86;3.75;3.84;3.52;3.61;3.48;3.23;3.11;3.04;2.91;2.92;2.73;2.53;2.44;2.35;2.14;2.3;2.19;2.09;2.1;2.0;1.96;1.89;1.71;1.85;1.74;1.66
A;2.01;1.92;1.93;1.98;1.91;1.96;2.04;2.15;2.05;2.09;2.02;2.05;2.13;1.99;2.06;2.16;2.17;2.18;1.97;2.12;2.11;2.29;2.25;2.19;2.27;2.23;2.4;2.5;2.44;2.55;2.59;2.58;2.82;2.99;2.96;3.0;3.12;3.21;3.34;3.45;3.52;3.56;3.76;3.74;3.93;3.81;4.04;3.95;3.92;3.9;3.89;4.07;4.01;3.99;4.0;3.77;3.81;3.74;3.55;3.71;3.48;3.33;3.25;3.08;2.95;2.77;2.85;2.69;2.58;2.53;2.26;2.23;2.07;2.17;2.02;2.01;1.84;1.75;1.81;1.76;1.83;1.69;1.72;1.68;1.5
A;2.71;2.59;2.49;2.67;2.58;2.55;2.78;2.67;2.67;2.58;2.85;2.69;2.74;2.72;2.86;2.7;2.72;2.82;2.82;2.8;2.9;2.95;2.88;2.98;3.13;3.17;3.13;3.08;3.21;3.36;3.46;3.46;3.6;3.67;3.92;3.8;3.95;4.31;4.51;4.36;4.68;4.65;4.76;4.95;4.96;5.17;5.16;5.14;5.17;5.14;5.3;5.34;5.46;5.38;5.21;4.96;5.01;5.05;4.97;4.73;4.65;4.52;4.4;4.08;3.98;3.81;3.78;3.68;3.54;3.34;3.26;3.22;3.12;2.96;2.8;2.66;2.54;2.53;2.35;2.33;2.31;2.16;2.14;2.24;2.2
B;2.17;2.26;2.27;2.29;2.08;2.12;2.19;2.2;2.28;2.31;2.1;2.26;2.34;2.27;2.36;2.3;2.18;2.23;2.26;2.44;2.46;2.41;2.54;2.38;2.41;2.52;2.54;2.64;2.62;2.85;2.9;3.02;2.87;3.15;3.15;3.19;3.53;3.62;3.62;3.7;3.79;3.99;4.02;4.2;4.22;4.25;4.53;4.44;4.44;4.31;4.62;4.43;4.45;4.35;4.29;4.24;4.09;4.05;4.03;3.59;3.74;3.54;3.49;3.45;3.1;3.07;2.88;2.83;2.67;2.54;2.53;2.47;2.22;2.19;2.29;2.27;2.15;2.03;1.95;1.96;1.99;1.8;1.79;1.71;1.67
B;2.31;2.41;2.42;2.29;2.33;2.43;2.48;2.42;2.4;2.55;2.41;2.26;2.33;2.39;2.45;2.38;2.48;2.44;2.55;2.39;2.48;2.56;2.62;2.72;2.8;2.94;2.77;2.95;2.96;3.01;3.13;3.31;3.31;3.49;3.69;3.66;3.8;3.84;4.02;4.26;4.2;4.52;4.51;4.54;4.71;4.59;4.85;4.76;4.92;4.79;4.82;4.58;4.55;4.57;4.66;4.48;4.46;4.37;4.15;4.15;3.99;3.95;3.61;3.49;3.43;3.28;3.26;3.11;2.94;2.64;2.71;2.51;2.45;2.53;2.33;2.22;2.27;2.17;2.1;2.01;1.94;1.91;1.98;1.81;1.8
B;2.18;2.12;2.18;2.31;2.2;2.14;2.3;2.19;2.24;2.24;2.24;2.28;2.3;2.26;2.31;2.09;2.2;2.34;2.39;2.32;2.33;2.47;2.48;2.57;2.61;2.5;2.7;2.75;2.83;2.99;2.95;3.07;3.37;3.2;3.47;3.54;3.57;3.65;3.87;3.79;4.01;4.17;4.16;4.31;4.26;4.18;4.39;4.54;4.61;4.59;4.52;4.54;4.48;4.31;4.26;4.27;3.97;3.93;3.96;3.98;3.59;3.6;3.42;3.39;3.16;3.05;2.88;2.8;2.72;2.55;2.49;2.38;2.31;2.32;2.17;2.14;2.05;2.04;1.92;1.92;1.71;1.74;1.86;1.74;1.65
B;2.19;2.17;2.14;2.1;2.14;2.2;2.12;2.06;2.19;2.15;2.15;2.1;2.0;2.26;2.19;2.13;2.18;2.24;2.22;2.27;2.33;2.25;2.43;2.32;2.38;2.55;2.52;2.41;2.61;2.65;2.83;2.75;2.77;3.09;3.13;3.3;3.36;3.5;3.54;3.74;3.72;3.83;4.06;3.99;4.04;4.28;4.09;4.42;4.16;4.22;4.31;4.36;4.24;4.22;4.2;4.07;4.02;4.06;3.96;3.6;3.52;3.24;3.49;3.07;3.08;2.91;2.92;2.69;2.6;2.61;2.43;2.39;2.3;2.17;2.19;2.03;2.03;1.84;1.88;1.86;1.63;1.8;1.74;1.69;1.71
B;2.35;2.38;2.46;2.46;2.33;2.37;2.32;2.31;2.36;2.29;2.33;2.29;2.33;2.51;2.56;2.33;2.48;2.4;2.36;2.58;2.64;2.48;2.58;2.69;2.73;2.69;2.9;2.93;2.8;2.97;3.18;3.2;3.31;3.4;3.39;3.68;3.92;3.92;3.85;3.97;4.17;4.36;4.4;4.54;4.65;4.5;4.82;4.8;4.91;4.92;4.55;4.76;4.77;4.83;4.64;4.55;4.47;4.31;4.11;4.21;3.93;3.83;3.89;3.58;3.41;3.07;3.17;3.0;3.03;2.8;2.6;2.61;2.65;2.59;2.37;2.29;2.3;2.08;2.13;2.05;2.09;1.86;1.89;1.97;1.89
B;2.28;2.13;2.17;2.22;2.26;2.16;2.22;2.21;2.18;2.23;2.3;2.17;2.42;2.26;2.25;2.27;2.21;2.24;2.4;2.38;2.37;2.29;2.46;2.56;2.56;2.46;2.7;2.67;2.67;2.92;3.0;3.08;3.33;3.26;3.35;3.51;3.51;3.85;3.74;3.83;4.08;4.06;4.29;4.29;4.29;4.4;4.25;4.33;4.48;4.46;4.39;4.35;4.39;4.29;4.03;4.0;3.92;4.02;3.73;3.75;3.63;3.42;3.24;3.3;3.12;3.1;2.83;2.85;2.57;2.5;2.35;2.27;2.32;2.18;2.03;2.01;1.96;1.99;1.87;1.8;1.86;1.69;1.79;1.76;1.7
B;2.3;2.19;2.17;1.97;2.1;2.15;2.17;2.22;2.09;2.06;2.13;2.28;2.18;2.19;2.2;2.28;2.25;2.28;2.34;2.17;2.39;2.3;2.33;2.47;2.51;2.42;2.55;2.55;2.68;2.69;2.88;2.91;2.98;3.19;3.36;3.44;3.47;3.55;3.53;3.64;3.88;3.78;4.03;4.08;4.16;4.25;4.16;4.22;4.23;4.52;4.37;4.33;4.27;4.26;4.15;4.07;3.99;3.83;3.99;3.66;3.67;3.43;3.32;3.1;3.08;3.02;2.86;2.69;2.74;2.53;2.49;2.48;2.27;2.25;2.22;2.03;1.96;1.93;1.87;1.8;1.73;1.88;1.84;1.75;1.7
B;2.3;2.37;2.42;2.44;2.37;2.49;2.32;2.37;2.33;2.27;2.37;2.33;2.43;2.49;2.49;2.4;2.51;2.54;2.49;2.54;2.58;2.58;2.56;2.77;2.71;2.74;2.86;2.95;3.08;3.18;3.22;3.39;3.26;3.52;3.72;3.89;3.79;3.97;4.18;4.1;4.23;4.28;4.65;4.49;4.78;4.45;4.65;4.61;4.61;4.86;4.75;4.81;4.7;4.87;4.74;4.65;4.4;4.26;4.08;4.01;3.97;3.68;3.69;3.64;3.37;3.22;3.1;2.86;2.87;2.71;2.62;2.59;2.45;2.45;2.38;2.33;2.06;2.12;2.05;2.01;1.9;1.92;1.93;1.84;1.8
B;2.43;2.38;2.38;2.55;2.28;2.35;2.41;2.42;2.48;2.36;2.28;2.4;2.44;2.37;2.41;2.4;2.46;2.47;2.57;2.54;2.6;2.63;2.65;2.84;2.79;2.85;2.97;2.97;3.02;3.26;3.31;3.4;3.42;3.57;3.57;3.75;3.87;4.15;4.19;4.23;4.28;4.4;4.55;4.48;4.78;4.67;4.69;4.99;4.96;4.86;4.57;4.79;4.64;4.51;4.43;4.41;4.4;4.21;4.16;3.95;3.81;3.59;3.61;3.4;3.26;3.06;2.96;2.87;2.77;2.51;2.62;2.46;2.44;2.23;2.27;2.23;2.13;2.07;2.05;1.96;1.86;1.92;1.85;1.66;1.79
B;2.25;2.14;2.17;2.12;2.11;2.18;2.2;2.18;2.08;2.05;2.2;2.16;2.21;2.2;2.18;2.29;2.32;2.21;2.31;2.28;2.37;2.32;2.46;2.39;2.42;2.47;2.69;2.5;2.79;2.97;2.78;2.98;3.2;3.15;3.25;3.29;3.53;3.68;3.66;3.87;3.74;4.0;4.13;4.13;4.14;4.23;4.36;4.29;4.36;4.27;4.3;4.55;4.19;4.31;3.98;4.16;4.2;4.08;3.89;3.82;3.62;3.38;3.3;3.3;3.04;2.97;2.94;2.61;2.65;2.46;2.46;2.48;2.27;2.2;2.06;2.01;2.02;1.89;1.89;1.86;1.79;1.7;1.73;1.63;1.74
B;2.22;2.32;2.18;2.24;2.17;2.15;2.22;2.21;2.24;2.12;2.05;2.25;2.15;2.18;2.17;2.27;2.29;2.38;2.34;2.35;2.44;2.39;2.3;2.47;2.52;2.45;2.53;2.85;2.72;2.84;2.92;3.08;3.02;3.14;3.16;3.37;3.41;3.59;3.7;3.91;3.89;3.91;4.21;4.21;4.18;4.26;4.43;4.48;4.54;4.28;4.36;4.56;4.45;4.27;4.4;4.12;4.21;3.98;4.02;3.78;3.7;3.48;3.55;3.35;3.16;3.27;3.02;2.86;2.59;2.71;2.55;2.48;2.32;2.44;2.24;2.14;2.07;1.97;1.95;1.92;1.92;1.82;1.85;1.77;1.72
B;2.15;2.25;2.25;2.09;2.09;2.13;2.16;2.09;2.19;2.13;2.03;2.1;2.06;2.11;2.13;2.1;2.19;2.3;2.32;2.3;2.25;2.33;2.4;2.27;2.48;2.43;2.6;2.68;2.7;2.82;2.88;2.92;3.12;3.17;3.17;3.28;3.56;3.37;3.57;3.84;3.79;3.83;3.99;4.01;4.11;4.27;4.4;4.21;4.41;4.24;4.35;4.35;4.34;4.09;4.36;4.05;4.09;3.77;3.65;3.69;3.47;3.37;3.21;3.19;3.14;2.93;2.99;2.76;2.72;2.49;2.4;2.26;2.27;2.23;2.06;2.07;1.97;1.9;1.86;1.82;1.84;1.76;1.71;1.72;1.63
B;2.19;2.08;2.31;2.15;2.13;2.16;2.24;2.25;2.19;2.17;2.33;2.12;2.27;2.31;2.25;2.21;2.31;2.35;2.34;2.46;2.2;2.52;2.41;2.48;2.51;2.54;2.61;2.72;2.84;2.77;2.88;3.06;3.17;3.17;3.32;3.38;3.47;3.64;3.64;3.87;3.86;4.1;4.08;4.26;4.24;4.36;4.49;4.4;4.44;4.54;4.62;4.26;4.47;4.19;4.14;4.21;4.21;4.0;4.06;3.85;3.66;3.61;3.23;3.41;3.39;2.99;2.99;2.83;2.75;2.72;2.59;2.42;2.34;2.41;2.25;2.17;2.15;2.07;2.02;1.88;1.9;1.87;1.67;1.77;1.79
B;2.13;2.14;2.19;2.14;2.25;2.12;2.16;2.25;2.21;2.14;2.18;2.13;2.22;2.15;2.23;2.11;2.19;2.26;2.33;2.26;2.34;2.51;2.21;2.44;2.56;2.4;2.61;2.65;2.71;2.83;2.97;2.84;2.99;3.08;3.11;3.35;3.43;3.42;3.65;3.76;3.86;3.91;4.02;4.06;4.17;4.16;4.14;4.37;4.5;4.41;4.29;4.36;4.35;4.35;4.24;4.21;3.91;3.9;3.74;3.74;3.73;3.46;3.33;3.28;3.22;2.91;2.97;2.83;2.66;2.69;2.45;2.37;2.31;2.17;2.2;2.17;2.08;2.0;1.93;1.93;1.72;1.74;1.77;1.8;1.74
B;2.32;2.14;2.25;2.21;2.29;2.25;2.23;2.33;2.17;2.31;2.34;2.27;2.31;2.22;2.18;2.35;2.29;2.3;2.36;2.43;2.43;2.4;2.4;2.49;2.6;2.65;2.65;2.69;2.69;2.86;2.94;3.15;3.09;3.27;3.31;3.48;3.62;3.57;3.72;3.97;4.06;4.05;4.16;4.39;4.36;4.52;4.53;4.36;4.55;4.75;4.47;4.42;4.48;4.48;4.41;4.41;4.24;4.0;4.07;4.03;3.76;3.73;3.49;3.24;3.37;3.02;3.04;2.89;2.68;2.61;2.58;2.46;2.44;2.38;2.1;2.31;2.18;2.02;2.02;1.82;1.88;1.91;1.82;1.67;1.83
B;2.18;2.2;2.11;2.14;2.24;2.18;2.23;2.11;2.19;2.22;2.17;2.25;2.13;2.24;2.32;2.27;2.32;2.26;2.36;2.35;2.41;2.38;2.42;2.43;2.54;2.61;2.55;2.68;2.53;2.68;2.88;3.03;2.93;3.12;3.12;3.35;3.41;3.59;3.68;3.63;3.9;4.07;3.99;4.1;4.22;4.42;4.23;4.5;4.4;4.53;4.35;4.46;4.42;4.11;4.21;4.47;4.15;3.93;3.86;3.66;3.66;3.54;3.53;3.43;3.19;3.19;2.98;2.84;2.72;2.64;2.53;2.34;2.4;2.3;2.15;1.98;1.89;2.03;2.0;1.88;1.89;1.83;1.81;1.71;1.69
B;2.3;2.02;2.15;2.27;2.24;2.23;2.22;2.18;2.23;2.26;2.41;2.3;2.24;2.23;2.23;2.3;2.31;2.34;2.25;2.35;2.34;2.44;2.43;2.53;2.59;2.75;2.8;2.82;2.74;2.9;2.96;3.15;3.33;3.3;3.53;3.45;3.73;3.82;4.0;3.94;4.05;4.08;4.24;4.35;4.27;4.51;4.28;4.47;4.66;4.62;4.57;4.34;4.26;4.35;4.14;4.17;3.99;3.61;3.71;3.56;3.69;3.62;3.23;3.08;3.1;2.96;2.92;2.75;2.64;2.57;2.39;2.31;2.25;2.24;2.13;2.04;1.96;1.9;1.91;1.76;1.78;1.74;1.75;1.73;1.76
B;2.36;2.29;2.37;2.29;2.17;2.27;2.34;2.28;2.36;2.29;2.31;2.3;2.36;2.31;2.37;2.37;2.44;2.43;2.29;2.57;2.7;2.55;2.51;2.39;2.54;2.64;2.66;2.8;2.74;2.97;3.13;3.05;3.08;3.22;3.33;3.49;3.53;3.63;3.75;3.96;3.97;4.1;4.35;4.14;4.15;4.43;4.52;4.59;4.59;4.66;4.66;4.69;4.46;4.54;4.5;4.38;4.26;4.22;4.13;3.92;3.87;3.78;3.71;3.48;3.36;3.25;3.11;3.03;2.86;2.86;2.82;2.5;2.46;2.4;2.26;2.2;2.12;2.14;2.05;2.04;1.96;1.88;1.88;1.81;1.71
B;1.91;1.83;1.86;1.79;1.78;1.75;1.82;1.77;1.85;1.75;1.72;1.83;1.81;1.85;1.8;2.0;1.92;1.93;1.9;1.98;1.86;1.9;2.01;1.93;2.0;2.06;2.15;2.13;2.2;2.28;2.44;2.51;2.55;2.59;2.64;2.81;2.9;2.85;3.13;3.16;3.2;3.37;3.3;3.27;3.57;3.45;3.73;3.63;3.6;3.73;3.52;3.57;3.58;3.55;3.55;3.5;3.3;3.21;3.19;3.12;3.05;2.89;2.7;2.77;2.6;2.6;2.28;2.2;2.27;2.18;2.08;2.05;1.91;1.85;1.72;1.62;1.66;1.71;1.68;1.65;1.46;1.51;1.49;1.44;1.38
B;2.31;2.31;2.34;2.23;2.32;2.25;2.38;2.2;2.36;2.21;2.22;2.44;2.34;2.24;2.29;2.35;2.43;2.38;2.37;2.57;2.5;2.54;2.44;2.61;2.52;2.75;2.7;2.58;2.75;2.84;2.98;3.07;3.05;3.16;3.14;3.44;3.48;3.64;3.71;3.87;4.06;4.08;4.23;4.3;4.42;4.35;4.57;4.41;4.61;4.6;4.67;4.54;4.57;4.55;4.72;4.18;4.46;4.15;4.12;3.82;3.84;3.81;3.51;3.43;3.63;3.19;3.08;2.93;2.73;2.74;2.62;2.41;2.46;2.46;2.29;2.26;2.16;2.13;1.95;2.03;1.9;1.81;1.93;1.79;1.84
B;2.05;1.89;1.91;1.91;2.05;1.98;2.03;2.08;1.97;1.99;2.06;2.1;2.03;2.03;1.98;2.07;2.08;2.18;2.2;2.08;2.26;2.17;2.29;2.36;2.31;2.44;2.54;2.68;2.56;2.63;2.85;2.88;2.94;2.97;3.17;3.23;3.26;3.32;3.59;3.69;3.75;3.69;4.0;4.04;3.89;3.99;4.01;4.02;4.21;4.09;4.11;3.99;3.99;4.02;3.84;3.88;3.71;3.71;3.35;3.47;3.42;3.16;3.06;3.13;2.88;2.71;2.6;2.57;2.51;2.36;2.21;2.19;2.13;1.97;1.96;1.96;1.83;1.77;1.78;1.7;1.74;1.67;1.58;1.62;1.59
B;2.17;2.31;2.1;2.13;2.12;2.05;2.12;2.22;2.17;2.2;2.21;2.07;2.17;2.24;2.22;2.23;2.15;2.31;2.2;2.2;2.32;2.28;2.28;2.44;2.42;2.58;2.62;2.5;2.74;2.77;2.91;2.87;3.02;3.33;3.25;3.29;3.51;3.6;3.78;3.67;3.85;4.01;4.08;4.07;4.13;4.14;4.44;4.47;4.35;4.36;4.25;4.21;4.11;4.13;4.23;4.12;3.83;3.84;3.84;3.75;3.67;3.36;3.31;3.12;2.9;2.98;2.69;2.74;2.74;2.41;2.5;2.37;2.26;2.11;2.17;1.98;1.95;1.98;1.92;1.76;1.8;1.73;1.71;1.78;1.63
B;2.29;2.28;2.29;2.4;2.42;2.38;2.33;2.27;2.2;2.32;2.36;2.29;2.34;2.29;2.34;2.42;2.48;2.57;2.48;2.59;2.57;2.57;2.6;2.54;2.64;2.83;2.72;2.72;2.84;2.99;3.07;3.13;3.44;3.36;3.49;3.55;3.72;3.79;3.95;4.08;4.15;4.34;4.38;4.52;4.57;4.68;4.58;4.6;4.76;4.53;4.72;4.6;4.6;4.63;4.44;4.36;4.28;4.19;4.13;3.92;4.03;3.7;3.67;3.36;3.37;3.25;2.99;2.91;2.92;2.75;2.56;2.51;2.4;2.36;2.3;2.22;2.17;2.05;2.14;1.91;1.98;1.98;1.85;1.89;1.78
B;2.3;2.31;2.38;2.19;2.29;2.31;2.36;2.27;2.31;2.49;2.37;2.31;2.35;2.42;2.36;2.26;2.45;2.48;2.39;2.42;2.51;2.7;2.56;2.53;2.61;2.8;2.75;2.98;3.04;3.01;3.22;3.3;3.45;3.51;3.66;3.67;3.75;3.99;4.08;4.23;4.15;4.4;4.5;4.56;4.45;4.69;4.47;4.66;4.53;4.58;4.6;4.67;4.5;4.63;4.49;4.24;4.25;4.12;4.16;3.89;3.58;3.57;3.37;3.49;3.33;2.95;2.97;2.77;2.53;2.62;2.51;2.51;2.44;2.34;2.19;2.14;2.09;1.95;2.09;1.96;1.8;1.83;1.86;1.76;1.75
B;2.31;2.46;2.26;2.33;2.27;2.38;2.37;2.27;2.35;2.35;2.31;2.27;2.38;2.36;2.47;2.38;2.45;2.35;2.42;2.51;2.45;2.66;2.56;2.49;2.71;2.65;2.8;2.86;2.87;2.92;3.16;3.4;3.2;3.43;3.41;3.57;3.81;3.97;3.99;4.04;4.09;4.22;4.46;4.39;4.32;4.57;4.55;4.54;4.56;4.82;4.44;4.46;4.45;4.33;4.3;4.27;4.28;3.98;3.98;3.75;3.67;3.48;3.32;3.45;3.15;3.13;3.03;2.81;2.66;2.63;2.47;2.43;2.44;2.26;2.28;2.17;2.19;2.19;1.97;1.95;1.84;1.84;1.85;1.83;1.75
B;2.02;2.04;1.96;2.22;2.1;2.2;2.1;1.99;2.18;2.11;2.21;2.1;2.1;2.11;2.2;2.18;2.17;2.06;2.19;2.13;2.33;2.23;2.17;2.36;2.34;2.3;2.55;2.39;2.64;2.65;2.88;2.89;3.02;2.89;3.06;3.19;3.14;3.53;3.63;3.76;3.86;3.57;3.88;3.98;3.99;4.04;3.99;4.12;4.24;4.21;4.14;4.28;4.18;4.21;4.06;3.94;3.8;3.73;3.64;3.57;3.46;3.37;3.27;3.22;3.06;2.97;2.91;2.65;2.64;2.54;2.41;2.26;2.33;2.17;2.14;2.02;1.97;2.0;1.92;1.88;1.8;1.75;1.65;1.7;1.62
B;2.23;2.39;2.36;2.28;2.28;2.34;2.21;2.29;2.36;2.27;2.41;2.34;2.46;2.24;2.35;2.34;2.5;2.33;2.33;2.45;2.41;2.41;2.53;2.56;2.64;2.54;2.67;2.71;2.7;2.83;3.11;3.13;3.25;3.28;3.29;3.49;3.47;3.44;3.97;3.99;4.1;4.28;4.28;4.38;4.53;4.55;4.54;4.61;4.86;4.4;4.57;4.56;4.71;4.54;4.73;4.43;4.34;4.24;4.1;4.15;3.9;3.81;3.78;3.62;3.22;3.38;3.18;3.05;2.87;2.9;2.9;2.72;2.6;2.33;2.27;2.32;2.16;2.1;2.08;2.06;2.03;1.97;1.86;1.77;1.77
B;2.18;2.24;2.32;2.36;2.27;2.34;2.33;2.39;2.35;2.41;2.4;2.37;2.36;2.42;2.3;2.34;2.4;2.48;2.52;2.5;2.52;2.58;2.57;2.49;2.65;2.74;2.75;2.93;2.95;3.07;3.18;3.31;3.37;3.52;3.51;3.69;3.78;3.96;4.04;4.05;4.06;4.44;4.42;4.43;4.42;4.64;4.64;4.6;4.76;4.55;4.7;4.6;4.41;4.55;4.45;4.4;4.22;4.29;4.11;4.11;3.96;3.63;3.51;3.43;3.21;3.27;3.04;2.91;2.79;2.65;2.72;2.46;2.45;2.39;2.27;2.09;2.04;2.12;1.94;1.91;1.84;1.92;1.88;1.8;1.83
B;2.03;2.11;2.1;2.0;2.19;2.05;2.16;2.23;2.08;2.1;2.17;2.15;2.31;2.12;2.22;2.13;2.2;2.31;2.3;2.3;2.34;2.4;2.26;2.57;2.52;2.62;2.69;2.58;2.74;2.79;2.95;3.02;3.12;3.24;3.39;3.38;3.62;3.65;3.74;3.73;3.98;3.97;3.96;4.32;4.25;4.23;4.12;4.1;4.21;4.4;4.39;4.28;4.24;4.29;3.94;3.91;3.82;3.85;3.59;3.41;3.14;3.3;3.16;3.02;3.03;2.94;2.66;2.54;2.41;2.36;2.34;2.3;2.08;2.13;2.12;2.02;1.95;1.82;1.96;1.79;1.73;1.65;1.64;1.57;1.49
B;2.51;2.49;2.44;2.35;2.39;2.45;2.5;2.52;2.46;2.45;2.4;2.44;2.57;2.55;2.55;2.39;2.52;2.52;2.65;2.55;2.67;2.66;2.62;2.85;3.01;2.98;3.0;3.11;3.02;3.31;3.35;3.32;3.64;3.73;3.69;3.97;4.09;4.06;4.1;4.4;4.37;4.59;4.62;4.8;4.85;4.73;4.96;4.82;4.95;4.92;4.91;4.86;4.73;4.79;4.79;4.6;4.55;4.51;4.31;4.04;4.11;3.84;3.83;3.64;3.55;3.36;3.35;3.16;3.05;2.86;2.78;2.66;2.73;2.56;2.27;2.41;2.14;2.08;1.99;2.08;2.05;1.97;1.98;1.95;1.89
B;2.37;2.43;2.42;2.43;2.33;2.33;2.36;2.36;2.37;2.47;2.33;2.34;2.34;2.45;2.41;2.51;2.38;2.54;2.48;2.42;2.48;2.59;2.55;2.62;2.75;2.7;2.75;2.88;2.83;3.04;2.97;3.11;3.3;3.38;3.49;3.73;3.79;3.77;4.06;4.11;4.27;4.24;4.27;4.42;4.59;4.74;4.76;4.81;4.68;4.7;5.02;4.84;4.63;4.72;4.54;4.35;4.39;4.48;4.17;4.06;4.05;3.87;3.6;3.65;3.45;3.3;3.23;3.07;3.0;2.93;2.72;2.51;2.52;2.34;2.34;2.35;2.23;2.27;2.15;2.04;1.95;1.98;1.85;1.77;1.93
B;2.54;2.55;2.78;2.59;2.45;2.51;2.54;2.49;2.58;2.63;2.47;2.63;2.51;2.63;2.7;2.7;2.73;2.67;2.68;2.7;2.73;2.85;2.76;2.81;2.98;2.96;3.05;3.08;3.11;3.31;3.37;3.46;3.57;3.66;3.71;4.03;4.12;4.33;4.14;4.52;4.58;4.75;4.92;4.76;4.87;5.05;5.07;5.11;5.18;5.32;5.18;5.24;4.84;5.16;5.07;4.86;4.77;4.73;4.57;4.52;4.46;4.1;3.97;3.81;3.89;3.78;3.47;3.3;3.26;2.96;2.88;2.86;2.71;2.5;2.58;2.5;2.29;2.43;2.3;2.3;2.16;2.11;1.97;2.12;2.12
B;2.2;2.15;2.12;2.06;2.14;2.11;2.1;2.24;2.07;2.15;2.25;2.08;2.24;2.07;2.19;2.05;2.28;2.17;2.27;2.26;2.37;2.28;2.16;2.35;2.45;2.51;2.54;2.55;2.67;2.71;2.86;2.82;3.03;2.95;3.35;3.38;3.21;3.37;3.66;3.8;3.96;3.87;3.94;4.08;4.01;4.18;4.31;4.19;4.37;4.28;4.24;4.27;4.32;4.24;4.08;4.15;4.02;3.92;3.87;3.84;3.54;3.44;3.44;3.12;3.11;3.01;2.88;2.81;2.7;2.5;2.45;2.24;2.4;2.2;2.22;2.06;2.04;1.89;1.84;1.89;1.87;1.79;1.79;1.68;1.74
B;2.41;2.36;2.45;2.35;2.39;2.35;2.28;2.36;2.47;2.38;2.35;2.42;2.4;2.43;2.47;2.52;2.44;2.33;2.44;2.37;2.58;2.6;2.5;2.61;2.64;2.79;2.67;2.93;3.0;3.04;3.03;3.09;3.31;3.41;3.46;3.58;3.66;3.84;3.97;4.01;4.17;4.23;4.45;4.61;4.51;4.64;4.52;4.51;4.78;4.47;4.68;4.56;4.66;4.72;4.56;4.42;4.1;4.31;4.15;4.13;3.96;3.71;3.66;3.76;3.46;3.22;3.15;3.04;2.97;2.84;2.71;2.5;2.34;2.39;2.35;2.29;2.11;2.15;2.19;1.93;1.98;1.91;1.8;1.95;1.89
B;2.31;2.22;2.6;2.35;2.29;2.4;2.5;2.43;2.46;2.43;2.36;2.4;2.42;2.36;2.42;2.45;2.46;2.51;2.45;2.55;2.55;2.65;2.58;2.74;2.6;2.79;3.02;3.01;3.0;3.15;3.27;3.3;3.45;3.6;3.47;3.65;3.81;3.98;4.05;4.23;4.42;4.53;4.51;4.52;4.75;4.8;4.79;4.63;4.73;4.77;4.7;4.87;4.75;4.64;4.7;4.46;4.33;4.19;4.12;3.99;3.97;3.89;3.59;3.38;3.23;3.18;3.17;3.02;2.79;2.74;2.76;2.52;2.51;2.42;2.4;2.2;2.2;2.11;2.03;2.05;1.99;1.99;1.82;1.74;1.75
B;2.21;2.2;2.29;2.13;2.19;2.23;2.26;2.2;2.16;2.15;2.22;2.13;2.23;2.17;2.43;2.27;2.34;2.39;2.31;2.36;2.33;2.32;2.34;2.35;2.38;2.63;2.64;2.67;2.73;2.85;2.8;2.98;3.05;2.98;3.36;3.27;3.46;3.53;3.63;3.86;3.98;4.0;4.01;4.25;4.17;4.27;4.21;4.45;4.44;4.42;4.38;4.42;4.37;4.25;4.18;4.03;4.04;4.06;3.79;3.77;3.65;3.68;3.58;3.22;3.16;2.93;3.03;2.95;2.72;2.65;2.46;2.52;2.49;2.27;2.23;2.13;2.07;2.02;1.99;1.88;1.83;1.86;1.87;1.77;1.7
B;2.22;2.24;2.22;2.3;2.18;2.22;2.3;2.3;2.26;2.17;2.34;2.4;2.37;2.36;2.25;2.43;2.43;2.29;2.42;2.34;2.4;2.49;2.62;2.58;2.59;2.79;2.6;2.9;2.98;3.01;2.9;3.22;3.34;3.27;3.43;3.53;3.65;3.72;3.68;4.1;4.25;4.22;4.27;4.43;4.42;4.49;4.66;4.53;4.65;4.55;4.38;4.53;4.37;4.4;4.13;4.19;4.01;4.0;3.85;3.83;3.73;3.55;3.42;3.09;3.23;3.06;3.04;2.86;2.72;2.59;2.58;2.49;2.3;2.21;2.04;2.17;1.93;1.98;1.89;1.87;1.9;1.94;1.87;1.77;1.71
B;2.13;2.19;2.05;2.12;2.09;2.16;2.09;1.98;2.15;2.15;2.16;2.1;2.1;2.09;2.13;2.13;2.14;2.17;2.2;2.28;2.12;2.16;2.3;2.21;2.32;2.35;2.4;2.56;2.63;2.57;2.72;2.78;2.92;2.97;3.04;3.35;3.26;3.35;3.59;3.62;3.61;3.6;3.86;4.01;4.19;4.09;4.06;4.14;4.44;4.12;4.22;4.15;4.04;4.05;4.08;3.74;3.94;3.72;3.59;3.54;3.53;3.27;3.19;3.11;2.84;2.94;2.75;2.55;2.67;2.39;2.3;2.38;2.2;2.17;2.09;2.05;1.87;1.83;1.94;1.74;1.73;1.64;1.75;1.69;1.46
B;2.23;2.3;2.27;2.43;2.34;2.35;2.42;2.27;2.37;2.29;2.24;2.32;2.19;2.35;2.45;2.24;2.37;2.26;2.43;2.5;2.55;2.53;2.5;2.68;2.55;2.67;2.75;2.92;2.92;3.03;3.2;3.28;3.33;3.23;3.41;3.43;3.76;3.81;3.85;4.05;4.03;4.14;4.38;4.34;4.44;4.7;4.68;4.58;4.49;4.6;4.61;4.5;4.46;4.48;4.32;4.56;4.25;4.15;4.07;3.68;3.78;3.55;3.51;3.22;3.21;2.95;2.94;2.82;2.75;2.65;2.43;2.54;2.45;2.37;2.28;2.16;2.11;2.09;1.89;1.9;1.92;1.89;1.86;1.86;1.74
B;2.15;2.05;2.06;2.23;2.2;2.04;2.32;2.09;2.18;2.12;2.15;2.04;2.24;2.31;2.21;2.23;2.1;2.35;2.16;2.33;2.41;2.31;2.32;2.39;2.38;2.49;2.54;2.71;2.64;2.9;2.88;2.86;3.09;3.19;3.36;3.52;3.56;3.48;3.74;3.72;3.87;3.87;3.86;4.13;3.98;4.14;4.07;4.17;4.28;4.37;4.25;4.46;4.23;4.04;3.93;3.94;3.8;3.76;3.84;3.52;3.49;3.24;3.21;2.96;2.8;2.77;2.82;2.58;2.44;2.38;2.2;2.32;2.31;2.26;2.02;2.05;1.99;1.79;1.76;1.81;1.68;1.65;1.73;1.59;1.57
B;2.21;2.28;2.27;2.3;2.2;2.3;2.27;2.27;2.14;2.35;2.28;2.34;2.37;2.32;2.35;2.36;2.18;2.3;2.32;2.4;2.38;2.45;2.42;2.62;2.46;2.49;2.5;2.65;2.76;2.97;3.0;2.98;3.04;3.32;3.35;3.35;3.54;3.53;3.83;4.12;3.97;4.28;4.14;4.27;4.22;4.33;4.37;4.56;4.39;4.44;4.59;4.51;4.35;4.27;4.23;4.3;4.2;4.3;4.11;3.97;3.79;3.44;3.51;3.26;3.19;3.14;3.02;2.91;2.73;2.47;2.58;2.48;2.22;2.41;2.31;2.2;2.08;1.98;2.0;1.88;1.82;1.82;1.76;1.69;1.79
B;2.18;2.23;2.17;2.13;2.22;2.22;2.13;2.09;2.21;2.12;2.14;2.07;2.1;2.25;2.22;2.29;2.23;2.2;2.32;2.13;2.33;2.33;2.4;2.43;2.52;2.53;2.62;2.76;2.63;2.83;2.97;2.97;2.99;3.11;3.12;3.39;3.39;3.57;3.72;3.63;3.9;4.01;3.98;4.13;4.18;4.09;4.35;4.33;4.2;4.36;4.31;4.24;4.22;4.01;4.06;4.24;3.91;3.79;3.73;3.63;3.59;3.39;3.17;3.22;3.15;2.84;2.86;2.65;2.69;2.45;2.43;2.18;2.24;2.17;2.16;2.03;1.94;1.89;1.89;1.83;1.8;1.72;1.71;1.58;1.64
B;2.18;2.17;2.22;2.11;2.24;2.41;2.26;2.11;2.38;2.2;2.21;2.26;2.36;2.25;2.22;2.29;2.36;2.37;2.28;2.38;2.33;2.34;2.38;2.57;2.26;2.52;2.7;2.72;2.91;2.68;2.89;3.0;3.06;3.02;3.22;3.29;3.54;3.58;3.62;3.98;3.96;4.12;4.23;4.09;4.25;4.46;4.43;4.45;4.52;4.63;4.53;4.35;4.35;4.4;4.32;4.13;4.0;4.04;4.04;4.0;3.83;3.68;3.58;3.32;3.24;3.14;2.9;2.83;2.85;2.72;2.6;2.48;2.35;2.37;2.18;2.16;2.05;2.03;2.02;1.91;1.86;1.82;1.73;1.8;1.76
B;2.35;2.21;2.24;2.32;2.3;2.18;2.3;2.27;2.32;2.24;2.15;2.27;2.38;2.34;2.31;2.3;2.4;2.3;2.49;2.33;2.47;2.45;2.58;2.45;2.5;2.7;2.68;2.75;2.71;2.9;2.76;3.08;3.04;3.08;3.22;3.46;3.46;3.61;3.65;3.73;3.88;3.99;4.14;4.25;4.19;4.33;4.6;4.52;4.59;4.41;4.65;4.41;4.72;4.33;4.52;4.33;4.28;4.11;4.0;3.94;3.84;3.75;3.62;3.67;3.41;3.17;3.24;3.02;2.79;2.65;2.63;2.57;2.54;2.36;2.15;2.27;2.09;2.05;1.92;1.97;2.0;1.86;1.78;1.78;1.71
B;2.34;2.21;2.25;2.2;2.27;2.25;2.21;2.22;2.25;2.18;2.21;2.24;2.41;2.27;2.43;2.28;2.31;2.35;2.35;2.37;2.39;2.5;2.38;2.4;2.44;2.53;2.76;2.8;2.89;2.83;2.99;3.03;3.05;3.15;3.33;3.34;3.51;3.83;3.8;3.86;3.94;4.03;4.3;4.18;4.39;4.41;4.47;4.43;4.71;4.37;4.54;4.67;4.41;4.15;4.41;4.2;4.21;4.15;3.88;3.94;3.62;3.53;3.45;3.31;3.18;3.1;2.9;2.8;2.84;2.61;2.5;2.55;2.36;2.37;2.23;2.15;2.06;2.01;1.93;2.08;1.87;1.86;1.85;1.74;1.63
B;2.01;2.05;2.15;2.04;2.05;1.99;2.11;2.09;1.97;2.14;1.95;2.05;2.07;2.04;2.12;2.03;2.21;2.07;2.1;2.23;2.29;2.16;2.35;2.3;2.32;2.39;2.49;2.51;2.65;2.74;2.87;2.93;2.95;3.06;3.19;3.25;3.36;3.58;3.54;3.73;3.74;3.82;3.99;4.21;3.93;4.01;4.09;4.05;4.11;4.27;4.02;4.14;4.13;3.8;3.74;3.69;3.57;3.57;3.44;3.4;3.07;3.01;2.99;2.84;2.82;2.7;2.83;2.46;2.43;2.19;2.17;1.95;2.17;2.0;1.83;1.88;1.84;1.75;1.67;1.68;1.56;1.65;1.59;1.48;1.53
B;1.99;2.05;2.07;1.98;2.02;2.09;1.99;2.03;1.97;1.99;1.96;2.04;2.02;2.09;1.95;2.13;2.22;2.07;2.1;2.09;2.16;2.26;2.21;2.29;2.25;2.41;2.52;2.31;2.43;2.57;2.53;2.69;2.75;2.82;2.98;3.25;3.16;3.23;3.41;3.4;3.61;3.65;3.66;3.71;3.79;3.93;3.92;4.05;3.99;4.08;3.98;3.99;4.06;3.87;3.95;3.78;3.86;3.84;3.75;3.53;3.31;3.29;3.12;3.05;3.01;2.85;2.67;2.59;2.55;2.41;2.41;2.22;2.12;2.07;2.08;1.96;1.91;1.75;1.68;1.81;1.78;1.66;1.61;1.63;1.6
B;2.1;2.15;2.13;2.19;2.2;2.12;2.01;2.12;2.13;2.16;2.16;2.11;2.19;2.13;2.2;2.08;2.2;2.2;2.36;2.35;2.37;2.33;2.45;2.36;2.44;2.58;2.75;2.51;2.65;2.74;2.89;2.7;3.01;3.2;3.29;3.13;3.39;3.49;3.7;3.93;3.86;3.64;4.23;4.18;4.2;4.15;4.25;4.34;4.22;4.36;4.3;4.3;4.33;4.27;4.24;4.26;3.99;4.16;3.93;3.63;3.58;3.55;3.29;3.21;3.26;2.92;2.83;2.79;2.63;2.72;2.51;2.34;2.26;2.2;2.16;2.14;2.08;1.86;1.87;1.95;1.8;1.8;1.68;1.73;1.68
B;2.31;2.44;2.38;2.57;2.58;2.25;2.37;2.31;2.33;2.33;2.35;2.39;2.37;2.47;2.38;2.47;2.37;2.48;2.59;2.52;2.56;2.62;2.67;2.58;2.65;2.7;2.94;2.9;2.92;3.13;3.26;3.25;3.25;3.51;3.67;3.6;3.87;3.96;4.07;4.26;4.29;4.29;4.62;4.48;4.76;4.67;4.84;4.7;4.91;4.92;4.85;4.84;4.86;4.61;4.47;4.64;4.5;4.57;4.19;4.03;4.15;3.97;3.7;3.73;3.56;3.28;3.13;3.27;2.85;2.8;2.8;2.8;2.7;2.42;2.43;2.47;2.32;2.28;2.12;2.17;1.98;2.01;1.94;1.96;1.79
B;2.15;2.25;2.15;2.28;2.18;2.19;2.15;2.14;2.15;2.2;2.21;2.17;2.14;2.19;2.14;2.19;2.08;2.33;2.29;2.29;2.4;2.31;2.42;2.52;2.47;2.53;2.53;2.65;2.68;2.75;2.86;2.9;3.11;3.29;3.27;3.38;3.43;3.67;3.62;3.75;3.8;3.99;4.11;4.1;4.09;4.26;4.35;4.18;4.36;4.42;4.4;4.08;4.39;4.28;4.08;3.91;3.98;3.61;3.72;3.64;3.65;3.39;3.34;3.42;3.07;3.08;2.84;2.67;2.67;2.49;2.34;2.32;2.4;2.21;2.08;2.14;1.9;1.97;1.9;1.87;1.7;1.85;1.75;1.76;1.69
B;2.11;2.1;2.13;2.15;2.18;2.16;2.15;2.1;2.1;2.03;2.06;2.11;2.03;2.14;2.08;2.25;2.13;2.24;2.3;2.27;2.39;2.24;2.24;2.45;2.34;2.48;2.41;2.53;2.61;2.7;2.66;2.83;2.85;2.95;3.13;3.34;3.46;3.45;3.57;3.54;3.75;3.72;3.87;4.16;3.92;4.17;4.04;4.22;4.41;4.17;4.31;4.26;4.09;4.17;3.84;4.01;3.84;3.7;3.54;3.7;3.44;3.35;3.28;3.18;2.98;2.87;2.82;2.68;2.68;2.52;2.24;2.35;2.27;2.13;2.04;2.01;1.98;1.82;1.84;1.82;1.8;1.66;1.64;1.52;1.66
B;2.07;2.13;1.99;2.07;2.1;2.13;2.2;2.12;2.02;2.18;2.1;2.1;2.07;2.03;2.2;2.1;2.17;2.14;2.18;2.15;2.19;2.23;2.39;2.45;2.27;2.44;2.44;2.61;2.64;2.84;2.8;2.94;3.0;3.15;3.05;3.29;3.31;3.37;3.55;3.78;3.82;3.98;3.88;3.97;4.04;3.95;4.03;4.19;4.07;4.13;4.04;4.21;3.94;4.11;4.01;3.93;3.82;3.84;3.68;3.75;3.37;3.2;3.07;3.02;2.84;2.71;2.74;2.59;2.44;2.23;2.3;2.16;2.05;2.13;2.01;2.05;1.99;1.9;1.86;1.76;1.79;1.64;1.69;1.6;1.59
B;2.55;2.53;2.46;2.36;2.4;2.45;2.44;2.63;2.43;2.41;2.57;2.58;2.63;2.57;2.61;2.49;2.56;2.61;2.52;2.66;2.84;2.68;2.68;2.88;2.9;2.99;3.05;3.17;3.26;3.44;3.24;3.52;3.47;3.63;3.79;3.96;4.12;4.26;4.38;4.33;4.6;4.57;4.69;4.8;5.01;5.04;5.19;5.05;5.05;5.29;5.06;5.05;5.08;5.04;4.9;4.8;4.47;4.49;4.33;4.32;4.0;3.82;3.75;3.68;3.66;3.37;3.22;3.12;2.94;2.89;2.91;2.67;2.65;2.55;2.48;2.41;2.28;2.19;2.19;2.23;2.17;2.13;1.84;1.95;1.92
B;2.24;2.27;2.16;2.23;2.16;2.26;2.16;2.24;2.24;2.3;2.28;2.13;2.29;2.18;2.31;2.39;2.31;2.31;2.44;2.37;2.46;2.36;2.46;2.6;2.6;2.63;2.81;2.79;2.87;2.91;2.93;3.02;3.2;3.31;3.41;3.42;3.64;3.6;3.81;3.93;4.09;4.14;4.21;4.51;4.35;4.46;4.5;4.48;4.65;4.63;4.51;4.7;4.6;4.4;4.19;4.34;4.11;3.97;4.03;3.81;3.65;3.59;3.42;3.39;3.11;2.98;2.92;2.77;2.76;2.65;2.36;2.45;2.27;2.24;2.07;2.18;2.09;2.0;1.96;2.06;1.8;1.76;1.75;1.77;1.72
B;2.23;2.4;2.34;2.31;2.32;2.44;2.27;2.31;2.27;2.34;2.38;2.33;2.3;2.24;2.23;2.32;2.27;2.32;2.36;2.44;2.43;2.53;2.56;2.57;2.74;2.62;2.72;2.75;2.92;2.82;3.14;3.12;3.17;3.42;3.46;3.63;3.76;3.74;3.93;4.01;4.01;4.32;4.24;4.26;4.57;4.59;4.37;4.47;4.56;4.28;4.86;4.36;4.53;4.39;4.26;4.17;4.08;3.99;4.01;3.78;3.76;3.6;3.44;3.34;3.16;3.06;2.78;2.76;2.61;2.76;2.51;2.45;2.23;2.27;2.19;2.21;2.11;2.03;1.94;1.85;1.92;1.83;1.83;1.81;1.63
B;2.33;2.26;2.22;2.25;2.23;2.32;2.02;2.14;2.26;2.33;2.08;2.11;2.28;2.18;2.2;2.26;2.3;2.36;2.24;2.26;2.31;2.29;2.28;2.4;2.61;2.44;2.62;2.56;2.77;2.69;2.93;2.97;3.08;3.22;3.26;3.49;3.64;3.67;3.62;3.8;3.94;4.02;4.16;4.35;4.39;4.21;4.5;4.44;4.45;4.46;4.44;4.46;4.48;4.38;4.31;4.23;4.41;4.12;4.07;3.96;3.78;3.61;3.49;3.36;3.25;3.06;3.11;3.06;2.87;2.89;2.68;2.42;2.5;2.34;2.33;2.23;2.08;2.11;1.99;1.91;1.89;1.86;1.85;1.75;1.71
B;2.15;2.18;2.11;2.14;2.27;2.17;2.24;2.13;2.17;2.29;2.22;2.24;2.11;2.31;2.35;2.31;2.29;2.28;2.33;2.3;2.46;2.46;2.59;2.55;2.61;2.63;2.66;2.77;3.09;2.93;2.86;3.12;3.22;3.13;3.43;3.58;3.54;3.84;3.78;4.02;4.03;4.19;4.19;4.36;4.41;4.38;4.36;4.46;4.57;4.65;4.41;4.39;4.31;4.03;4.11;3.97;4.02;4.0;3.97;3.69;3.83;3.42;3.17;3.19;3.23;2.96;2.83;2.77;2.73;2.59;2.34;2.28;2.2;2.14;2.15;2.04;2.05;2.03;1.83;1.92;1.85;1.81;1.77;1.66;1.71
B;2.03;2.08;2.13;2.11;2.07;2.01;2.14;2.1;2.18;2.06;2.11;2.24;2.22;2.17;2.23;2.1;2.24;2.18;2.22;2.28;2.27;2.37;2.34;2.44;2.46;2.56;2.55;2.47;2.61;2.67;2.82;2.81;3.03;3.06;3.14;3.25;3.23;3.41;3.48;3.71;3.85;3.85;3.93;4.04;4.03;4.31;4.32;4.24;4.36;4.45;4.23;4.23;4.16;4.25;4.17;4.06;3.99;3.96;3.85;3.68;3.56;3.37;3.38;3.12;3.21;3.07;2.86;2.76;2.79;2.51;2.46;2.29;2.28;2.08;2.08;1.93;2.06;1.87;1.85;1.86;1.79;1.74;1.72;1.66;1.67
B;2.26;2.38;2.27;2.2;2.3;2.21;2.24;2.24;2.36;2.42;2.4;2.45;2.32;2.41;2.51;2.35;2.37;2.43;2.33;2.46;2.48;2.6;2.74;2.63;2.72;2.65;2.93;2.94;2.99;3.04;3.2;3.25;3.26;3.44;3.53;3.66;3.71;4.07;4.05;4.16;4.2;4.21;4.29;4.4;4.42;4.61;4.61;4.69;4.66;4.44;4.52;4.64;4.43;4.48;4.36;4.21;4.07;3.9;3.96;3.63;3.62;3.47;3.4;3.24;3.16;3.13;2.88;2.62;2.57;2.63;2.6;2.35;2.25;2.13;2.25;2.25;2.04;1.94;1.96;1.8;1.91;1.83;1.76;1.65;1.67
B;2.37;2.32;2.32;2.27;2.3;2.25;2.26;2.21;2.2;2.29;2.22;2.32;2.36;2.39;2.26;2.29;2.42;2.31;2.31;2.51;2.36;2.4;2.6;2.66;2.35;2.58;2.71;2.68;2.72;2.87;2.88;2.97;3.18;3.35;3.56;3.47;3.5;3.56;3.89;3.81;3.91;4.16;4.23;4.28;4.39;4.44;4.51;4.31;4.52;4.5;4.49;4.53;4.34;4.63;4.34;4.37;4.29;3.99;4.23;3.86;3.93;3.74;3.51;3.33;3.34;3.16;3.13;2.93;2.87;2.75;2.62;2.44;2.45;2.31;2.16;2.12;2.11;1.98;2.01;1.99;1.84;1.87;1.76;1.77;1.81
B;2.16;2.09;2.19;2.25;2.23;2.14;2.19;2.15;2.19;2.21;2.27;2.16;2.28;2.21;2.15;2.27;2.25;2.35;2.37;2.37;2.27;2.49;2.46;2.42;2.6;2.7;2.7;2.76;2.67;2.83;3.06;2.96;3.16;3.19;3.36;3.35;3.5;3.71;3.67;3.84;3.82;3.99;4.03;4.26;4.41;4.27;4.42;4.5;4.51;4.3;4.49;4.25;4.31;4.29;4.3;4.14;3.97;3.79;3.6;3.7;3.54;3.67;3.23;3.25;3.16;3.01;2.97;2.83;2.68;2.53;2.46;2.3;2.36;2.16;2.2;2.0;2.13;2.02;1.96;1.89;1.79;1.73;1.69;1.67;1.72
B;2.09;2.12;2.19;2.28;2.1;2.14;2.06;2.14;2.12;2.24;2.22;2.21;2.14;2.28;2.25;2.21;2.3;2.25;2.27;2.34;2.47;2.31;2.4;2.53;2.46;2.53;2.73;2.75;2.77;2.84;2.85;2.92;3.12;3.19;3.22;3.47;3.63;3.49;3.76;3.72;3.86;4.12;4.1;4.19;4.1;4.48;4.42;4.23;4.57;4.53;4.64;4.48;4.42;4.29;4.28;4.37;4.12;3.95;3.98;3.86;3.54;3.55;3.4;3.28;3.17;3.08;3.01;2.85;2.7;2.65;2.52;2.45;2.22;2.29;2.27;2.1;2.01;1.95;2.01;2.02;1.8;1.87;1.86;1.79;1.71
B;2.21;2.24;2.27;2.19;2.26;2.25;2.35;2.27;2.41;2.29;2.24;2.33;2.32;2.41;2.38;2.31;2.28;2.39;2.4;2.38;2.31;2.49;2.49;2.59;2.62;2.62;2.8;2.78;2.86;2.98;2.99;3.16;3.09;3.24;3.52;3.44;3.62;3.78;3.92;4.02;4.11;4.33;4.24;4.25;4.29;4.69;4.55;4.46;4.62;4.66;4.48;4.63;4.76;4.53;4.4;4.4;4.14;4.07;4.25;3.97;3.7;3.77;3.48;3.3;3.24;3.14;3.1;2.95;2.82;2.8;2.56;2.55;2.52;2.41;2.25;2.18;1.93;2.1;2.05;2.02;1.88;1.9;1.84;1.69;1.81
B;2.33;2.4;2.34;2.35;2.35;2.45;2.53;2.28;2.41;2.33;2.32;2.45;2.47;2.34;2.5;2.48;2.56;2.49;2.5;2.51;2.42;2.56;2.63;2.65;2.53;2.72;2.91;2.77;3.0;3.1;3.15;3.24;3.42;3.21;3.49;3.63;3.78;3.89;4.01;4.0;4.32;4.49;4.35;4.56;4.58;4.52;4.77;4.9;4.92;4.88;4.57;4.7;4.66;4.61;4.74;4.63;4.59;4.32;4.21;4.05;3.96;3.89;3.72;3.51;3.36;3.3;3.22;3.05;2.97;2.88;2.67;2.67;2.4;2.44;2.32;2.23;2.3;2.17;2.03;2.02;2.02;2.0;1.9;1.9;1.92
B;2.17;2.21;2.3;2.26;2.25;2.1;2.31;2.26;2.38;2.28;2.28;2.29;2.16;2.21;2.44;2.43;2.35;2.36;2.48;2.38;2.42;2.33;2.63;2.72;2.67;2.59;2.67;2.95;2.84;2.86;3.07;3.23;3.29;3.37;3.41;3.71;3.69;3.73;4.01;3.86;4.06;4.18;4.26;4.38;4.23;4.53;4.59;4.5;4.32;4.64;4.53;4.47;4.71;4.43;4.24;4.35;4.17;4.1;3.97;3.82;3.65;3.56;3.55;3.25;3.09;3.07;2.91;2.75;2.78;2.59;2.46;2.51;2.36;2.23;2.13;2.3;2.06;1.95;1.95;1.96;1.8;1.9;1.77;1.77;1.79
B;2.33;2.38;2.58;2.33;2.49;2.48;2.53;2.38;2.44;2.53;2.65;2.56;2.43;2.43;2.69;2.57;2.4;2.43;2.4;2.53;2.71;2.66;2.67;2.68;2.6;2.87;2.85;2.91;3.14;3.1;3.21;3.24;3.62;3.65;3.67;3.92;3.85;4.12;4.05;4.32;4.18;4.38;4.49;4.56;4.58;4.64;4.64;4.91;5.07;4.8;5.08;4.87;4.78;4.52;4.73;4.62;4.42;4.56;4.12;4.3;3.89;3.89;3.89;3.61;3.36;3.19;3.27;3.13;2.93;2.85;2.82;2.66;2.54;2.41;2.38;2.15;2.23;2.24;2.03;1.98;2.17;2.02;1.87;1.94;2.0
B;2.57;2.47;2.5;2.41;2.44;2.44;2.49;2.44;2.34;2.39;2.39;2.46;2.44;2.45;2.28;2.51;2.49;2.56;2.65;2.63;2.72;2.47;2.84;2.85;2.87;2.83;3.09;2.98;3.22;3.31;3.25;3.42;3.59;3.65;3.7;4.0;4.12;3.99;4.04;4.47;4.65;4.77;4.72;4.69;4.7;5.01;4.84;4.99;4.89;5.04;4.91;4.75;4.78;4.79;4.6;4.52;4.38;4.44;4.15;4.23;4.02;3.72;3.97;3.58;3.37;3.3;3.27;3.25;2.93;2.74;2.64;2.61;2.46;2.39;2.29;2.28;2.35;2.2;2.18;2.03;1.94;2.07;2.05;1.91;1.76
B;2.07;2.19;2.15;2.07;2.14;2.31;2.23;2.18;2.16;2.18;2.34;2.06;2.31;2.28;2.39;2.35;2.45;2.34;2.44;2.26;2.41;2.39;2.31;2.48;2.52;2.52;2.78;2.82;2.74;3.0;2.99;3.13;2.93;3.15;3.23;3.35;3.55;3.86;3.84;3.81;3.92;4.01;4.29;4.24;4.21;4.49;4.46;4.28;4.52;4.48;4.56;4.5;4.29;4.24;4.33;4.35;4.0;3.83;3.83;3.62;3.57;3.42;3.29;3.1;3.13;2.93;2.83;2.65;2.65;2.47;2.43;2.24;2.35;2.25;2.06;2.11;2.02;1.89;1.88;1.79;1.83;1.95;1.62;1.69;1.67
B;1.72;1.75;1.8;1.77;1.86;1.79;1.68;1.86;1.79;1.72;1.78;1.87;1.75;1.93;1.86;1.84;1.82;1.87;1.84;1.82;1.88;2.04;1.98;2.08;2.02;2.1;2.25;2.12;2.26;2.29;2.42;2.6;2.53;2.7;2.65;2.75;2.92;2.97;3.2;3.22;3.15;3.33;3.4;3.45;3.49;3.65;3.35;3.58;3.71;3.64;3.54;3.71;3.57;3.55;3.3;3.38;3.32;3.33;3.19;3.06;2.97;2.81;2.91;2.8;2.52;2.41;2.22;2.22;2.14;2.1;2.09;1.93;1.92;1.71;1.72;1.81;1.68;1.6;1.52;1.5;1.5;1.48;1.41;1.3;1.33
B;2.05;2.06;2.01;1.97;2.03;1.99;1.88;2.0;1.93;2.05;2.02;1.92;2.02;2.04;1.95;2.01;2.22;2.03;2.07;2.03;2.1;2.01;2.16;2.27;2.34;2.18;2.41;2.36;2.54;2.63;2.57;2.55;2.89;2.75;3.13;3.08;3.07;3.34;3.56;3.45;3.4;3.67;3.81;3.94;3.63;3.67;3.91;3.96;4.01;3.99;3.89;3.98;3.86;4.02;3.93;3.74;3.69;3.66;3.49;3.43;3.32;3.11;3.2;2.85;2.62;2.8;2.63;2.59;2.31;2.32;2.17;2.11;2.17;2.06;1.87;2.02;1.84;1.85;1.69;1.7;1.68;1.66;1.7;1.57;1.55
B;2.24;2.17;2.39;2.38;2.22;2.3;2.29;2.27;2.27;2.23;2.33;2.37;2.44;2.29;2.28;2.41;2.23;2.29;2.39;2.43;2.58;2.52;2.57;2.63;2.64;2.66;2.81;2.81;3.05;3.02;2.98;3.33;3.35;3.45;3.52;3.62;3.82;3.8;3.92;4.25;4.38;4.35;4.32;4.42;4.46;4.46;4.54;4.42;4.51;4.5;4.47;4.4;4.45;4.41;4.25;4.14;4.23;4.0;4.01;3.74;3.58;3.38;3.34;3.18;3.06;3.19;3.0;2.78;2.65;2.64;2.54;2.25;2.34;2.37;2.19;2.08;1.98;2.02;2.03;1.81;1.82;1.73;1.84;1.61;1.82
B;2.24;2.22;2.18;2.26;2.18;2.25;2.19;2.3;2.27;2.25;2.12;2.23;2.26;2.18;2.23;2.31;2.35;2.28;2.45;2.29;2.33;2.44;2.47;2.64;2.31;2.56;2.63;2.67;2.74;2.81;3.09;3.01;3.2;3.32;3.24;3.42;3.35;3.51;3.79;3.89;3.97;4.11;4.08;4.27;4.25;4.6;4.28;4.35;4.38;4.33;4.57;4.66;4.35;4.4;4.33;4.1;4.1;4.02;3.93;3.74;3.64;3.42;3.35;3.15;3.03;2.96;2.74;2.8;2.62;2.59;2.41;2.29;2.22;2.25;2.1;2.08;1.95;1.98;2.0;1.93;1.83;1.85;1.8;1.82;1.67
B;1.75;1.95;1.76;1.83;1.84;1.75;1.89;1.81;1.8;1.72;1.81;1.77;1.7;1.8;1.88;1.85;1.82;1.85;1.95;1.79;1.89;1.97;1.96;1.93;2.03;2.11;1.93;2.14;2.2;2.23;2.33;2.52;2.49;2.61;2.82;2.73;3.0;2.93;2.96;3.02;3.15;3.33;3.36;3.5;3.52;3.45;3.54;3.53;3.59;3.6;3.81;3.74;3.47;3.48;3.7;3.46;3.57;3.35;3.21;3.05;3.04;2.91;2.94;2.81;2.72;2.53;2.58;2.18;2.23;2.27;2.14;2.06;2.03;1.92;1.86;1.76;1.73;1.76;1.65;1.61;1.46;1.51;1.43;1.39;1.43
B;2.26;2.31;2.3;2.28;2.34;2.39;2.26;2.36;2.28;2.23;2.33;2.29;2.44;2.33;2.23;2.37;2.36;2.26;2.4;2.51;2.34;2.6;2.4;2.71;2.56;2.66;2.76;2.77;2.94;2.96;2.96;3.14;3.18;3.4;3.53;3.46;3.58;3.75;3.8;4.14;4.08;4.2;4.24;4.4;4.45;4.56;4.51;4.82;4.55;4.52;4.56;4.56;4.64;4.51;4.4;4.27;4.28;4.19;4.24;4.01;3.96;3.83;3.81;3.52;3.46;3.28;3.15;2.99;2.84;2.79;2.65;2.65;2.45;2.32;2.34;2.28;2.23;2.01;2.07;2.01;1.9;1.88;1.81;1.81;1.67
B;1.85;2.0;2.03;2.07;1.97;2.11;2.07;2.07;1.98;2.01;2.06;2.05;2.1;2.04;2.11;2.06;2.09;2.09;2.13;2.19;2.14;2.34;2.31;2.19;2.22;2.42;2.29;2.51;2.54;2.67;2.67;2.81;2.96;3.08;3.11;3.08;3.35;3.39;3.32;3.78;3.74;3.75;3.88;4.06;3.97;4.23;3.91;3.97;4.11;4.14;3.93;4.02;3.89;4.0;3.91;3.85;3.66;3.56;3.6;3.51;3.23;3.05;2.97;2.82;2.72;2.72;2.57;2.47;2.48;2.31;2.16;2.19;2.05;2.03;1.88;1.94;1.78;1.77;1.78;1.65;1.55;1.74;1.65;1.5;1.46
B;2.09;2.14;2.16;2.1;2.11;2.11;2.12;2.12;2.12;2.26;2.22;2.29;2.34;2.23;2.22;2.34;2.32;2.26;2.43;2.3;2.36;2.37;2.37;2.47;2.76;2.49;2.6;2.83;2.74;2.87;3.06;2.88;3.42;3.16;3.29;3.31;3.6;3.66;3.79;3.75;3.9;4.02;4.08;4.0;4.3;4.19;4.39;4.41;4.45;4.35;4.22;4.15;4.24;4.16;4.14;4.09;4.1;3.78;3.58;3.59;3.44;3.27;3.12;3.02;3.1;2.92;2.89;2.6;2.54;2.51;2.29;2.24;2.28;2.22;2.1;1.97;2.03;1.96;1.84;1.82;1.83;1.94;1.72;1.71;1.66
B;2.27;2.31;2.31;2.29;2.39;2.53;2.44;2.4;2.4;2.35;2.43;2.38;2.41;2.41;2.39;2.41;2.36;2.35;2.4;2.54;2.55;2.63;2.62;2.65;2.67;2.79;2.86;3.03;3.03;3.16;3.26;3.33;3.37;3.54;3.56;3.85;3.68;3.88;3.99;4.12;4.22;4.51;4.54;4.77;4.65;4.61;4.71;4.82;4.66;4.66;4.77;4.75;4.57;4.45;4.54;4.32;4.39;4.11;3.99;3.84;3.77;3.76;3.42;3.4;3.21;3.07;2.94;2.91;2.85;2.54;2.49;2.4;2.37;2.38;2.19;2.19;1.99;2.06;1.94;1.85;2.0;1.89;1.88;1.76;1.87
B;2.22;2.25;2.12;2.11;2.1;2.13;2.18;2.2;2.16;2.09;2.28;2.14;2.17;2.14;2.17;2.13;2.26;2.3;2.17;2.33;2.37;2.27;2.33;2.42;2.54;2.78;2.51;2.7;2.68;2.67;2.75;2.96;2.88;3.02;3.31;3.27;3.4;3.53;3.64;3.69;3.86;3.87;4.04;4.01;4.14;4.21;4.21;4.27;4.37;4.31;4.29;4.2;4.47;4.31;4.24;4.19;3.92;3.74;3.83;3.72;3.56;3.47;3.34;3.17;3.2;3.1;2.94;2.79;2.73;2.62;2.52;2.47;2.37;2.23;2.22;2.08;2.07;2.03;1.97;1.89;1.89;1.78;1.72;1.72;1.72
B;2.28;2.3;2.18;2.4;2.22;2.17;2.19;2.26;2.28;2.35;2.29;2.18;2.23;2.31;2.3;2.28;2.33;2.37;2.45;2.38;2.23;2.39;2.44;2.48;2.54;2.73;2.63;2.72;2.73;2.86;2.81;3.01;3.04;3.25;3.14;3.48;3.49;3.61;3.92;3.94;4.0;3.99;4.03;4.42;4.31;4.26;4.41;4.39;4.57;4.5;4.37;4.53;4.32;4.37;4.22;4.24;4.2;4.17;4.09;3.97;3.62;3.65;3.56;3.33;3.29;3.07;3.11;2.76;2.83;2.75;2.6;2.45;2.37;2.21;2.16;2.21;2.02;1.97;2.04;1.94;1.91;1.83;1.81;1.73;1.89
B;2.52;2.39;2.52;2.45;2.6;2.51;2.42;2.56;2.5;2.55;2.51;2.55;2.61;2.53;2.55;2.59;2.47;2.46;2.64;2.63;2.63;2.59;2.77;2.77;2.88;2.99;2.9;2.93;3.23;3.21;3.12;3.37;3.51;3.45;3.7;3.9;3.87;4.09;4.19;4.35;4.42;4.41;4.53;4.87;4.82;4.85;5.05;4.98;4.97;5.28;5.24;5.05;5.14;4.76;5.03;4.88;4.69;4.75;4.43;4.45;4.15;4.24;3.93;3.81;3.55;3.73;3.47;3.23;3.13;2.94;2.78;2.91;2.67;2.56;2.52;2.44;2.36;2.21;2.22;2.17;2.08;2.11;2.11;1.92;1.96
B;2.39;2.26;2.36;2.33;2.34;2.2;2.32;2.31;2.36;2.43;2.41;2.42;2.21;2.3;2.52;2.28;2.43;2.45;2.52;2.46;2.37;2.51;2.55;2.55;2.68;2.59;2.73;2.84;2.91;3.07;3.04;3.07;3.3;3.4;3.45;3.55;3.6;3.75;3.83;3.99;4.28;4.27;4.28;4.43;4.45;4.46;4.63;4.74;4.5;4.67;4.65;4.61;4.64;4.52;4.5;4.25;4.57;4.39;4.14;4.08;3.89;3.71;3.67;3.43;3.58;3.21;3.15;3.12;2.83;2.72;2.66;2.46;2.47;2.35;2.29;2.29;2.14;2.08;2.03;2.02;1.93;1.94;1.8;1.81;1.9
B;2.37;2.29;2.26;2.25;2.32;1.99;2.34;2.37;2.24;2.3;2.21;2.38;2.41;2.17;2.34;2.4;2.32;2.36;2.38;2.39;2.28;2.59;2.41;2.56;2.45;2.59;2.57;2.77;2.88;2.82;3.03;3.03;3.09;3.18;3.27;3.57;3.47;3.81;3.92;3.81;4.03;4.07;4.5;4.32;4.37;4.54;4.41;4.6;4.77;4.75;4.75;4.54;4.39;4.49;4.44;4.35;4.18;4.23;3.96;4.07;3.79;3.7;3.44;3.59;3.28;3.16;2.97;2.99;2.69;2.6;2.58;2.55;2.47;2.26;2.31;2.17;2.21;2.04;1.96;1.94;1.93;1.78;1.82;1.82;1.7
B;2.22;2.27;2.42;2.32;2.33;2.21;2.29;2.27;2.3;2.42;2.28;2.26;2.24;2.23;2.31;2.21;2.36;2.34;2.45;2.31;2.32;2.43;2.46;2.68;2.57;2.73;2.76;2.85;3.03;2.95;3.09;3.1;3.18;3.13;3.36;3.48;3.8;3.69;3.88;4.03;3.98;4.11;4.27;4.23;4.3;4.24;4.42;4.66;4.44;4.54;4.44;4.47;4.57;4.24;4.16;4.28;4.05;4.05;3.84;3.87;3.77;3.49;3.52;3.28;3.2;3.13;3.05;2.88;2.8;2.72;2.63;2.41;2.44;2.21;2.15;2.18;2.17;2.09;1.96;1.96;1.96;1.9;1.81;1.77;1.69
B;2.04;2.1;2.27;2.13;2.12;2.04;2.19;2.23;2.12;2.15;2.07;2.17;2.24;2.18;2.22;2.25;2.19;2.14;2.22;2.16;2.18;2.26;2.37;2.39;2.38;2.51;2.44;2.46;2.64;2.67;2.85;2.95;2.96;3.08;3.25;3.24;3.38;3.44;3.63;3.8;3.89;3.9;3.97;3.96;4.18;4.12;4.26;4.33;4.46;4.34;4.29;4.27;4.3;4.44;4.22;3.97;3.78;4.06;3.7;3.77;3.64;3.48;3.28;3.18;3.13;2.97;2.76;2.84;2.61;2.51;2.46;2.37;2.26;2.28;2.17;2.02;1.92;1.99;1.9;1.74;1.89;1.74;1.63;1.63;1.68
B;2.56;2.56;2.72;2.55;2.65;2.62;2.56;2.64;2.57;2.59;2.53;2.67;2.81;2.63;2.48;2.7;2.7;2.65;2.67;2.77;2.7;2.93;2.75;2.9;3.0;2.99;2.94;3.21;3.19;3.25;3.24;3.48;3.46;3.75;3.85;4.03;4.13;4.33;4.28;4.58;4.63;4.67;4.77;4.88;5.09;5.12;5.09;5.08;5.37;5.03;5.45;5.12;5.01;5.06;5.1;4.83;4.89;4.59;4.75;4.35;4.44;4.23;4.13;3.96;3.71;3.57;3.54;3.43;3.23;3.18;2.8;3.03;2.76;2.79;2.61;2.48;2.51;2.4;2.32;2.3;2.22;2.24;2.13;1.98;2.04
B;2.06;2.08;2.11;2.13;2.11;2.2;2.25;2.0;2.19;2.06;2.1;2.08;2.16;2.14;2.11;2.18;2.05;2.17;2.33;2.23;2.22;2.26;2.35;2.25;2.35;2.37;2.55;2.49;2.74;2.78;2.71;2.86;2.97;2.97;3.1;3.19;3.3;3.41;3.36;3.67;3.74;3.83;3.93;3.95;4.06;3.98;4.23;4.16;4.29;4.24;4.21;4.22;4.08;4.09;3.84;4.05;3.91;3.92;3.75;3.54;3.55;3.4;3.26;3.14;3.05;2.98;2.71;2.91;2.61;2.41;2.36;2.21;2.13;2.16;2.15;1.92;2.06;1.86;1.95;1.85;1.76;1.74;1.67;1.7;1.73
B;1.83;1.82;1.99;1.89;1.84;1.91;1.92;1.84;1.93;1.9;1.98;1.71;1.94;1.82;1.91;1.99;2.07;1.97;1.88;2.15;1.93;1.94;2.14;2.11;2.11;2.33;2.18;2.41;2.25;2.56;2.39;2.52;2.68;2.73;3.15;3.08;3.09;3.2;3.33;3.32;3.33;3.58;3.49;3.61;3.69;3.74;3.7;3.83;3.82;3.8;3.98;3.85;3.83;3.63;3.53;3.54;3.57;3.38;3.27;3.31;3.09;3.16;3.03;2.87;2.76;2.48;2.49;2.47;2.21;2.2;2.15;2.09;1.96;1.93;1.86;1.81;1.74;1.62;1.69;1.63;1.54;1.55;1.54;1.48;1.34
B;2.46;2.59;2.51;2.48;2.57;2.45;2.5;2.67;2.58;2.6;2.53;2.53;2.56;2.56;2.56;2.59;2.6;2.6;2.75;2.49;2.73;2.76;2.81;2.82;2.89;3.05;3.0;3.1;3.08;3.38;3.32;3.31;3.44;3.49;3.72;3.75;3.94;4.1;4.36;4.38;4.56;4.68;4.75;4.91;5.03;4.98;4.99;5.17;5.03;5.03;5.03;5.05;5.02;5.1;5.06;4.58;4.76;4.78;4.55;4.37;4.25;4.1;4.04;3.89;3.56;3.46;3.32;3.33;2.99;3.03;2.92;2.84;2.55;2.62;2.53;2.43;2.3;2.29;2.25;2.34;2.05;2.07;1.99;2.01;2.0
B;2.14;2.08;2.13;2.26;2.13;2.2;2.25;2.08;2.12;2.14;2.25;2.32;2.34;2.19;2.26;2.24;2.32;2.16;2.27;2.22;2.36;2.41;2.35;2.39;2.55;2.58;2.6;2.71;2.72;2.82;2.72;2.97;3.19;3.25;3.15;3.21;3.48;3.69;3.52;3.89;3.76;4.04;3.93;4.16;4.04;4.31;4.4;4.44;4.46;4.47;4.48;4.45;4.5;4.2;4.26;4.23;4.08;4.05;3.86;3.79;3.51;3.5;3.36;3.23;3.19;3.02;2.83;2.75;2.69;2.5;2.43;2.51;2.06;2.26;2.08;2.14;2.11;2.01;1.91;1.9;1.81;1.71;1.73;1.68;1.68
B;2.25;2.17;2.0;2.08;2.16;2.27;2.25;2.27;2.15;2.11;2.17;2.27;2.27;2.27;2.26;2.16;2.33;2.25;2.23;2.28;2.28;2.36;2.51;2.37;2.54;2.4;2.57;2.52;2.71;2.8;2.67;2.83;3.17;3.1;3.27;3.19;3.37;3.7;3.78;3.93;3.88;3.94;4.04;4.21;4.24;4.35;4.39;4.46;4.53;4.5;4.56;4.35;4.52;4.35;4.19;4.1;4.15;4.09;3.97;3.64;3.79;3.52;3.41;3.47;3.32;3.03;2.92;2.82;2.79;2.61;2.53;2.45;2.3;2.22;2.28;2.25;2.1;1.84;1.91;2.02;1.84;1.8;1.68;1.75;1.7
B;2.3;2.43;2.55;2.38;2.42;2.37;2.55;2.5;2.4;2.27;2.62;2.35;2.35;2.42;2.5;2.42;2.55;2.44;2.61;2.55;2.52;2.62;2.63;2.75;2.82;2.93;2.93;2.95;3.14;3.06;3.22;3.53;3.53;3.52;3.64;3.88;4.1;4.08;4.25;4.38;4.59;4.46;4.53;4.73;4.67;4.71;4.9;4.95;4.92;4.71;4.93;4.64;4.73;4.52;4.53;4.54;4.32;4.26;4.14;3.9;3.8;3.58;3.48;3.33;3.36;3.17;3.23;2.84;2.64;2.79;2.72;2.43;2.37;2.27;2.41;2.13;2.2;2.09;2.02;1.84;2.04;1.84;1.74;1.86;1.88
B;1.94;1.88;1.77;1.91;1.88;1.9;2.04;1.95;1.96;1.97;1.86;1.89;1.85;1.94;1.99;2.0;1.96;1.92;2.01;2.09;2.02;2.23;2.07;2.19;2.28;2.22;2.29;2.32;2.49;2.51;2.45;2.56;2.72;2.79;2.97;3.12;3.07;3.24;3.21;3.48;3.6;3.72;3.81;3.75;3.84;3.59;3.91;3.87;3.94;3.89;3.75;3.93;3.63;3.63;3.56;3.58;3.4;3.4;3.26;3.17;3.05;2.85;2.92;2.66;2.59;2.56;2.52;2.26;2.21;2.2;2.03;2.04;2.03;1.9;1.81;1.98;1.74;1.54;1.69;1.51;1.49;1.58;1.49;1.54;1.44
B;2.26;2.23;2.23;2.3;2.2;2.23;2.27;2.2;2.25;2.21;2.27;2.19;2.21;2.34;2.24;2.3;2.31;2.2;2.21;2.28;2.2;2.43;2.38;2.37;2.59;2.47;2.54;2.75;2.81;2.81;2.97;2.93;3.12;3.36;3.19;3.28;3.62;3.5;3.64;3.89;3.87;3.97;4.16;4.24;4.27;4.19;4.35;4.46;4.28;4.8;4.2;4.38;4.35;4.3;4.33;4.15;4.06;4.1;3.95;4.03;3.76;3.59;3.53;3.45;3.16;3.06;3.09;2.79;2.75;2.75;2.65;2.41;2.37;2.34;2.19;2.1;2.05;1.96;1.97;1.79;1.75;1.74;1.72;1.8;1.65
B;2.62;2.58;2.67;2.62;2.69;2.63;2.6;2.52;2.69;2.61;2.54;2.62;2.77;2.79;2.74;2.8;2.87;2.73;2.72;2.73;2.92;2.84;2.98;2.95;3.18;3.12;3.22;3.2;3.32;3.52;3.53;3.52;3.78;3.86;4.07;4.22;4.24;4.43;4.45;4.73;4.73;5.05;5.06;5.09;5.15;5.16;5.36;5.31;5.44;5.53;5.45;5.31;5.26;5.25;5.14;5.21;5.03;4.87;4.8;4.53;4.47;4.25;4.33;3.9;4.08;3.67;3.41;3.42;3.46;3.06;3.09;2.88;2.84;2.82;2.73;2.64;2.45;2.39;2.32;2.38;2.26;2.29;2.15;2.03;2.21
B;1.76;1.67;1.67;1.76;1.71;1.62;1.78;1.71;1.72;1.61;1.74;1.82;1.72;1.78;1.83;1.72;1.76;1.78;1.82;1.84;1.87;1.97;1.86;2.01;2.03;2.12;1.96;2.1;2.25;2.35;2.34;2.35;2.52;2.7;2.75;2.77;2.71;2.9;3.05;3.1;3.13;3.18;3.29;3.41;3.45;3.36;3.37;3.27;3.32;3.62;3.36;3.34;3.28;3.22;3.16;3.06;3.1;2.88;2.86;2.87;2.76;2.62;2.56;2.39;2.42;2.14;2.06;2.06;2.13;1.88;1.71;1.7;1.74;1.74;1.66;1.52;1.53;1.52;1.47;1.43;1.28;1.33;1.35;1.31;1.35
Multivariate_threshold|Compton scattering > 0.074245;2.2485783434245796;2.2563288513061783;2.2632876622849425;2.2583421218082007;2.2555871131106113;2.2517449472737896;2.2777733584074884;2.2605044598842503;2.2681786738365632;2.26480468497407;2.2758149788265714;2.2785989232716526;2.2957690154908104;2.294712748563505;2.310850388718073;2.313294769609625;2.340850045511137;2.346547960031053;2.3670420799297838;2.380349138928096;2.4204504172389822;2.444316598726661;2.472590099639217;2.528078899356723;2.5619923835896627;2.6266038307208253;2.6848313626360536;2.74278999180604;2.81481036676708;2.907178900096221;2.9724708390215886;3.061261592924539;3.1710954209024935;3.25213401611957;3.359887593149374;3.46769109768502;3.57351457178924;3.6904644775613886;3.7972281541282453;3.914348832195389;4.008151778604976;4.111921635054938;4.205711934463473;4.295715599509133;4.3362783250759955;4.410922438674177;4.471012490312897;4.5045513513145234;4.555723860788697;4.55160075242589;4.545126805965132;4.52197686673916;4.4854416341482395;4.438118769634064;4.38228433651411;4.299661025286244;4.209869079091086;4.129842051380857;4.021201607528888;3.904762862421378;3.7846435903000666;3.6510279443229408;3.533333808215533;3.39916742831408;3.2783412568083055;3.1549085322126995;3.0386777834384757;2.919671155356217;2.806736243523433;2.701005757341694;2.5892651343762823;2.4941698491594204;2.4164269045438127;2.3359151606643263;2.256771237722032;2.1934173472794707;2.116936062465561;2.0512168109221824;2.0016830693641934;1.9562207101734448;1.9017006259838687;1.8652063757081285;1.8273849907602528;1.7840338789960786;1.763106684094485
Multivariate_threshold|Compton scattering <= -0.694787;2.189646674857642;2.196145119463703;2.2016124106218014;2.1995554597003952;2.1984827655392096;2.193005745159722;2.22104166171627;2.2023380809042044;2.2080159618123125;2.205830348199182;2.2148158599238985;2.217152298132818;2.234478724085909;2.2366906939525135;2.2498681238742155;2.253080426195374;2.283707651349788;2.2871637411028596;2.3102123726216157;2.319188003688035;2.3574729727959762;2.3819579903094037;2.4143039227297103;2.4658806040474763;2.4945521179712147;2.5605027950935266;2.615606276348378;2.6732261636006798;2.7442682305009223;2.8320522131270143;2.901609233228828;2.9875801587375386;3.0968334158014934;3.17632134501715;3.2820238052278685;3.3849572517833426;3.4895401377954913;3.597418132890162;3.710082344130123;3.8255694008739476;3.907602702093641;4.012221871218117;4.104347944627518;4.191244594356302;4.22904763156094;4.299321772153209;4.3531082221757975;4.38605274309745;4.438891074542128;4.434508602769089;4.42450392401401;4.403290694729639;4.3653940610866995;4.3156609705582225;4.26041337644484;4.181944566179805;4.092299377195173;4.007948725052989;3.905174769073948;3.796349621389594;3.6743967235765567;3.5375671816115233;3.430515627875508;3.301908935449171;3.178898607707924;3.0603316987483784;2.946491057883347;2.8302385048338006;2.7254529325225096;2.623836176380419;2.5117107019192635;2.4172187544049004;2.346020374376802;2.269274774157865;2.190470717884369;2.1303988116393304;2.056600910741341;1.9902754413915886;1.9466538544656784;1.9002261624388939;1.8457222955522699;1.8128129892717062;1.778512342261121;1.7338108541254842;1.710978645476901
Multivariate_threshold|Compton scattering <= 0.074245;2.2485783434245796;2.2563288513061783;2.2632876622849425;2.2583421218082007;2.2555871131106113;2.2517449472737896;2.2777733584074884;2.2605044598842503;2.2681786738365632;2.26480468497407;2.2758149788265714;2.2785989232716526;2.2957690154908104;2.294712748563505;2.310850388718073;2.313294769609625;2.340850045511137;2.346547960031053;2.3670420799297838;2.380349138928096;2.4204504172389822;2.444316598726661;2.472590099639217;2.528078899356723;2.5619923835896627;2.6266038307208253;2.6848313626360536;2.74278999180604;2.81481036676708;2.907178900096221;2.9724708390215886;3.061261592924539;3.1710954209024935;3.25213401611957;3.359887593149374;3.46769109768502;3.57351457178924;3.6904644775613886;3.7972281541282453;3.914348832195389;4.008151778604976;4.111921635054938;4.205711934463473;4.295715599509133;4.3362783250759955;4.410922438674177;4.471012490312897;4.5045513513145234;4.555723860788697;4.55160075242589;4.545126805965132;4.52197686673916;4.4854416341482395;4.438118769634064;4.38228433651411;4.299661025286244;4.209869079091086;4.129842051380857;4.021201607528888;3.904762862421378;3.7846435903000666;3.6510279443229408;3.533333808215533;3.39916742831408;3.2783412568083055;3.1549085322126995;3.0386777834384757;2.919671155356217;2.806736243523433;2.701005757341694;2.5892651343762823;2.4941698491594204;2.4164269045438127;2.3359151606643263;2.256771237722032;2.1934173472794707;2.116936062465561;2.0512168109221824;2.0016830693641934;1.9562207101734448;1.9017006259838687;1.8652063757081285;1.8273849907602528;1.7840338789960786;1.763106684094485
Multivariate_threshold|Compton scattering <= 1.582615;2.3641662952813807;2.3743725868381036;2.384256849028702;2.373645659528686;2.367590976880393;2.3669553974641797;2.3890463086795624;2.374591380833948;2.386181181319188;2.380476325802969;2.3954580059202435;2.3991196843670757;2.415983145252844;2.4085165932211563;2.4304603584389217;2.431398546354887;2.4529285334603137;2.4630235393832507;2.4785072671900332;2.5003099431535114;2.5439737111378173;2.5666261141852957;2.586911990981571;2.650073978379715;2.6942690077728173;2.7562537033541514;2.8206087152154073;2.8792317492024537;2.953170967253846;3.0545315898761514;3.1114580436612433;3.205779579172856;3.3167521328052634;3.4008321879279673;3.512608803807721;3.629964388592249;3.7382211390680267;3.8729645945586353;3.9681550247825776;4.088479870446937;4.205367674534289;4.307471698081158;4.404526192774578;4.500623924823578;4.546599473975948;4.629814806440082;4.702268675663607;4.736973269016299;4.784878452884206;4.7812640571729235;4.781715251716643;4.754766670081009;4.720901675124374;4.678306202440089;4.621320749495161;4.530548843989239;4.4404690497524895;4.368922333305124;4.248775422144254;4.117403447521865;4.000880629452044;3.873568685096756;3.7350003004114507;3.589929208258678;3.4733870177080117;3.3404105337524244;3.2194918525870366;3.0950834108444436;2.9661644706075574;2.8523653578055725;2.741379578496276;2.6451009130866305;2.554521528660981;2.466622910411445;2.3868123765771454;2.3170212370180563;2.235276791353128;2.170746569007833;2.1096167898422125;2.066047824273108;2.0114959316369285;1.9679702100996357;1.9232432869735272;1.8825407891517172;1.8653500680786803
Multivariate_threshold|Compton scattering > -1.603092;2.120042317970403;2.1250619471755914;2.1287676001444695;2.130122370343465;2.1310366625384423;2.1236287109327807;2.154035697701711;2.133637609666625;2.1369576160896964;2.136175595773413;2.1427696317217197;2.1445775190762597;2.162088591235285;2.1681606846267627;2.177841802047561;2.1819610984950946;2.216216611416308;2.2170248757311293;2.2430906479960506;2.2469504175412514;2.2830901388214344;2.308306065278022;2.345461957826003;2.392418025271766;2.414898233551757;2.4824306789240587;2.533844335295508;2.59106413353108;2.6609507180724257;2.743319875171557;2.8179143944580605;2.9005548128440943;3.009122355994307;3.086778789302918;3.1900586697604276;3.2872400773535504;3.390357701335786;3.487520837615164;3.6071541866922074;3.720711768768643;3.7888439094721873;3.894466204147715;3.9846266556223995;4.0678536009591495;4.102397162599413;4.167509915976831;4.2138511646801025;4.246093708887961;4.300899547273563;4.296210740658692;4.282035904216526;4.2631101284056525;4.223605540211353;4.1710257250650615;4.11647124812691;4.042909330450142;3.953437476813133;3.8639801798851114;3.7681351489732116;3.6683024422823656;3.5441838440887334;3.403558360675229;3.309076790440339;3.187036660281961;3.061446619564513;2.948626738922945;2.8376090611260896;2.7246093537218927;2.6294489888795707;2.5326909706755067;2.4201109470473288;2.32633160336363;2.2628630266874126;2.190565629171912;2.1121629903617998;2.0559674447380996;1.9853388960117195;1.9182974211326427;1.881658696409528;1.834090847097733;1.779606134512521;1.7509310155089999;1.7207887218227442;1.6744923004164733;1.6494100747575975
Multivariate_threshold|Compton scattering > -0.694787;2.189646674857642;2.196145119463703;2.2016124106218014;2.1995554597003952;2.1984827655392096;2.193005745159722;2.22104166171627;2.2023380809042044;2.2080159618123125;2.205830348199182;2.2148158599238985;2.217152298132818;2.234478724085909;2.2366906939525135;2.2498681238742155;2.253080426195374;2.283707651349788;2.2871637411028596;2.3102123726216157;2.319188003688035;2.3574729727959762;2.3819579903094037;2.4143039227297103;2.4658806040474763;2.4945521179712147;2.5605027950935266;2.615606276348378;2.6732261636006798;2.7442682305009223;2.8320522131270143;2.901609233228828;2.9875801587375386;3.0968334158014934;3.17632134501715;3.2820238052278685;3.3849572517833426;3.4895401377954913;3.597418132890162;3.710082344130123;3.8255694008739476;3.907602702093641;4.012221871218117;4.104347944627518;4.191244594356302;4.22904763156094;4.299321772153209;4.3531082221757975;4.38605274309745;4.438891074542128;4.434508602769089;4.42450392401401;4.403290694729639;4.3653940610866995;4.3156609705582225;4.26041337644484;4.181944566179805;4.092299377195173;4.007948725052989;3.905174769073948;3.796349621389594;3.6743967235765567;3.5375671816115233;3.430515627875508;3.301908935449171;3.178898607707924;3.0603316987483784;2.946491057883347;2.8302385048338006;2.7254529325225096;2.623836176380419;2.5117107019192635;2.4172187544049004;2.346020374376802;2.269274774157865;2.190470717884369;2.1303988116393304;2.056600910741341;1.9902754413915886;1.9466538544656784;1.9002261624388939;1.8457222955522699;1.8128129892717062;1.778512342261121;1.7338108541254842;1.710978645476901
