Class;14.61;14.63;14.65;14.67;14.69;14.71;14.73;14.75;14.77;14.79;14.81;14.83;14.85;14.87;14.89;14.91;14.93;14.95;14.97;14.99;15.01;15.03;15.05;15.07;15.09;15.11;15.13;15.15;15.17;15.19;15.21;15.23;15.25;15.27;15.29;15.31;15.33;15.35;15.37;15.39;15.41;15.43;15.45;15.47;15.49
A;1.543051334;1.537008052;1.609527435;1.557152325;1.639743845;1.593412017;1.645787127;1.617585145;1.639743845;1.520892633;1.645787127;1.541036906;1.645787127;1.678017965;1.575282171;1.667945828;1.738450785;1.746508494;1.647801555;1.647801555;1.635714991;1.645787127;1.680032392;1.694133383;1.726364221;1.726364221;1.571253316;1.657873691;1.605498581;1.716292084;1.559166752;1.722335366;1.637729418;1.690104529;1.768667194;1.714277657;1.617585145;1.579311026;1.708234375;1.863345279;1.702191093;1.728378648;1.563195607;1.651830409;1.736436357
A;1.651047554;1.65712503;1.472774935;1.606479399;1.61053105;1.582169497;1.628763477;1.634840952;1.697641534;1.604453574;1.440361731;1.612556875;1.709796486;1.699667359;1.628763477;1.748287165;1.681434933;1.734106388;1.70371901;1.646995904;1.732080563;1.584195322;1.683460758;1.66117668;1.667254156;1.644970079;1.738158039;1.740183864;1.642944253;1.715873961;1.616608525;1.717899786;1.701693185;1.734106388;1.762467941;1.685486583;1.689538233;1.608505225;1.701693185;1.565962895;1.768545417;1.687512408;1.620660176;1.66117668;1.630789302
A;1.309249416;1.289649874;1.368048042;1.303369553;1.407247127;1.299449645;1.307289462;1.387647585;1.289649874;1.36216818;1.403327218;1.391567493;1.364128134;1.279850103;1.379807768;1.417046898;1.375887859;1.424886715;1.381767722;1.360208226;1.469965662;1.43664644;1.424886715;1.395487401;1.405287172;1.315129279;1.371967951;1.450366119;1.346488546;1.297489691;1.419006852;1.405287172;1.393527447;1.468005707;1.383727676;1.460165891;1.403327218;1.450366119;1.432726532;1.409207081;1.428806623;1.354328363;1.417046898;1.377847813;1.358248271
A;1.488095238;1.605045812;1.58488192;1.596980256;1.542537747;1.538504968;1.659488321;1.524390244;1.568750807;1.625209704;1.697799716;1.629242483;1.544554136;1.651422764;1.649406375;1.68771777;1.709898051;1.786520841;1.55866886;1.564718028;1.669570267;1.788537231;1.609078591;1.707881662;1.574799974;1.580849142;1.685701381;1.582865531;1.770389728;1.679652213;1.711914441;1.655455543;1.717963608;1.598996645;1.631258872;1.762324171;1.588914699;1.659488321;1.580849142;1.7381275;1.588914699;1.609078591;1.796602787;1.625209704;1.635291651
A;1.599746289;1.633868857;1.605767918;1.519457893;1.56562372;1.549566041;1.455227176;1.519457893;1.57164535;1.493364164;1.551573251;1.543544412;1.597739079;1.543544412;1.597739079;1.639890487;1.647919326;1.585695819;1.585695819;1.796452859;1.521465103;1.607775128;1.659962586;1.672005845;1.627847227;1.57565977;1.635876067;1.597739079;1.517450683;1.625840017;1.655948166;1.559602091;1.597739079;1.633868857;1.599746289;1.607775128;1.543544412;1.682041894;1.477306485;1.615803968;1.7643375;1.627847227;1.587703029;1.611789548;1.653940956
A;1.587033394;1.603124987;1.623239479;1.611170784;1.639331072;1.667491361;1.554850207;1.595079191;1.641342522;1.607147886;1.707720344;1.578987597;1.719789039;1.578987597;1.576976148;1.554850207;1.687605853;1.709731793;1.514621224;1.576976148;1.629273827;1.643353971;1.542781512;1.713754692;1.615193682;1.679560056;1.733869183;1.609159335;1.635308174;1.705708895;1.591056292;1.528701368;1.583010496;1.639331072;1.66950281;1.721800488;1.659445564;1.661457013;1.707720344;1.715766141;1.673525708;1.619216581;1.591056292;1.653411217;1.623239479
A;1.52940323;1.583808879;1.581793855;1.565673663;1.52940323;1.541493375;1.670454912;1.567688687;1.618064287;1.525373182;1.680530032;1.583808879;1.656349744;1.573733759;1.652319696;1.601944095;1.618064287;1.666424864;1.6946352;1.706725344;1.6946352;1.759115969;1.587838927;1.587838927;1.67448496;1.702695296;1.696650224;1.730905632;1.660379792;1.603959119;1.622094335;1.666424864;1.662394816;1.70471032;1.591868975;1.726875584;1.755085921;1.583808879;1.686575104;1.722845536;1.587838927;1.581793855;1.668439888;1.618064287;1.597914047
A;1.632985097;1.576882541;1.588904517;1.51677266;1.576882541;1.540816613;1.645007073;1.632985097;1.490725045;1.502747022;1.6650437;1.653021724;1.645007073;1.598922831;1.624970446;1.536809287;1.669051025;1.61294847;1.620963121;1.56085324;1.675062013;1.703113291;1.596919168;1.661036374;1.614952132;1.566864228;1.53881295;1.540816613;1.574878879;1.530798299;1.675062013;1.628977771;1.59090818;1.624970446;1.689087652;1.604933819;1.550834926;1.640999748;1.614952132;1.488721383;1.624970446;1.729160906;1.550834926;1.640999748;1.630981434
A;1.330042507;1.36334254;1.298701299;1.396642573;1.465201465;1.467160291;1.380971969;1.355507238;1.308495426;1.380971969;1.441695559;1.404477875;1.396642573;1.469119116;1.494583848;1.467160291;1.398601399;1.429942606;1.337877808;1.557266263;1.48478972;1.469119116;1.527883881;1.437777908;1.359424889;1.371177842;1.416230828;1.42406613;1.412313177;1.504377975;1.343754285;1.390766097;1.420148479;1.512213277;1.382930795;1.480872069;1.357466063;1.396642573;1.347671936;1.420148479;1.433860257;1.375095493;1.388807271;1.418189653;1.312413077
A;1.463909238;1.621899442;1.529905146;1.509906386;1.465909114;1.52790527;1.591901302;1.67789597;1.513906138;1.629898946;1.525905394;1.62789907;1.549903906;1.505906634;1.629898946;1.639898326;1.659897086;1.615899814;1.581901922;1.563903038;1.663896838;1.569902666;1.619899566;1.625899194;1.613899938;1.641898202;1.575902294;1.55790341;1.523905518;1.543904278;1.539904526;1.525905394;1.539904526;1.695894855;1.581901922;1.639898326;1.57790217;1.735892375;1.729892747;1.595901054;1.651897582;1.575902294;1.561903162;1.685895474;1.62789907
A;1.471883408;1.578454201;1.622691134;1.636766521;1.612637285;1.500034183;1.618669594;1.544271116;1.6448096;1.699100382;1.662906527;1.556335734;1.586497279;1.672960376;1.602583437;1.570411122;1.554324965;1.594540358;1.735294236;1.733283466;1.640788061;1.624701903;1.737305006;1.610626516;1.687035764;1.58046497;1.652852679;1.676981915;1.596551128;1.64682037;1.674971145;1.586497279;1.58046497;1.64883114;1.727251157;1.610626516;1.666928067;1.70714346;1.721218848;1.588508049;1.642798831;1.650841909;1.576443431;1.58448651;1.576443431
A;1.563346948;1.52531418;1.527315905;1.431233122;1.543329702;1.61138834;1.511302108;1.547333151;1.623398688;1.527315905;1.573355572;1.643415934;1.569352122;1.423226223;1.609386615;1.61138834;1.583364195;1.707471123;1.735495268;1.569352122;1.621396963;1.573355572;1.643415934;1.605383166;1.513303832;1.561345224;1.691457326;1.587367644;1.55534005;1.603381441;1.625400412;1.571353847;1.527315905;1.691457326;1.563346948;1.533321079;1.535322803;1.605383166;1.463260716;1.481276238;1.617393514;1.599377992;1.649421108;1.651422833;1.653424558
A;1.543824902;1.620311663;1.600183568;1.54986333;1.545837711;1.652516616;1.505581521;1.648490997;1.632388521;1.67465752;1.576029854;1.688747187;1.608234806;1.626350092;1.797438901;1.590119521;1.686734378;1.626350092;1.569991425;1.684721568;1.662580663;1.580055473;1.694785616;1.610247616;1.565965806;1.741080235;1.648490997;1.628362902;1.630375711;1.618298854;1.745105854;1.582068283;1.612260425;1.499543092;1.59414514;1.656542235;1.666606282;1.557914568;1.704849663;1.610247616;1.610247616;1.59213233;1.726990568;1.71893933;1.682708759
A;1.643586945;1.641542682;1.651763994;1.666073831;1.71718039;1.831659082;1.668118093;1.645631207;1.727401702;1.643586945;1.852101706;1.841880394;1.694693504;1.784641048;1.690604979;1.75193285;1.780552523;1.75193285;1.698782028;1.825526295;1.796906622;1.800995147;1.75193285;1.680383667;1.772375474;1.884809904;1.75193285;1.678339405;1.811216459;1.733534489;1.803039409;1.858234493;1.82961482;1.743755801;1.690604979;1.778508261;1.756021375;1.762154162;1.627232846;1.825526295;1.845968919;1.739667276;1.758065637;1.753977112;1.723313177
A;1.411852574;1.521841089;1.48984443;1.535839628;1.495843804;1.535839628;1.551837957;1.577835242;1.501843178;1.617831066;1.601832737;1.497843595;1.443849233;1.599832945;1.567836287;1.679824593;1.67582501;1.667825846;1.633829396;1.661826472;1.537839419;1.553837748;1.627830022;1.637828978;1.57383566;1.693823131;1.605832319;1.699822505;1.67582501;1.567836287;1.57383566;1.523840881;1.593833572;1.597833154;1.585834407;1.565836495;1.545838584;1.561836913;1.653827307;1.783813734;1.655827099;1.569836078;1.615831275;1.595833363;1.617831066
A;1.59965831;1.515041623;1.662113483;1.635922604;1.577496797;1.551305918;1.672186898;1.581526163;1.72053929;1.652040068;1.529144404;1.621819823;1.587570212;1.664128166;1.601672993;1.601672993;1.571452748;1.748744852;1.569438065;1.611746408;1.645996019;1.650025385;1.591599578;1.666142849;1.712480558;1.712480558;1.684274996;1.567423382;1.635922604;1.645996019;1.654054751;1.736656754;1.567423382;1.668157532;1.712480558;1.59965831;1.702407143;1.654054751;1.527129721;1.672186898;1.589584895;1.633907921;1.627863872;1.627863872;1.706436509
A;1.594401339;1.683655358;1.604543841;1.669455855;1.707997363;1.570059334;1.557888331;1.602515341;1.55383133;1.576144835;1.665398854;1.612657843;1.60048684;1.766823875;1.521375323;1.616714844;1.69176936;1.699883361;1.703940362;1.762766875;1.728282367;1.580201836;1.630914347;1.636999848;1.815507886;1.714082864;1.641056849;1.783051879;1.69582636;1.673512856;1.74045337;1.69379786;1.827678888;1.669455855;1.673512856;1.74248187;1.643085349;1.687712359;1.610629342;1.643085349;1.604543841;1.612657843;1.608600842;1.671484355;1.632942847
A;1.628572238;1.610364598;1.691287442;1.616433811;1.685218229;1.689264371;1.648802949;1.717587366;1.640710664;1.626549167;1.57799546;1.57799546;1.677125944;1.715564295;1.729725793;1.681172086;1.675102873;1.689264371;1.808625566;1.725679651;1.656895233;1.660941375;1.782325642;1.549672465;1.664987518;1.707472011;1.751979575;1.652849091;1.66903366;1.760071859;1.630595309;1.675102873;1.681172086;1.618456882;1.642733736;1.610364598;1.70544894;1.770187215;1.592156958;1.648802949;1.66903366;1.590133887;1.628572238;1.709495082;1.747933433
A;1.797370551;1.608820847;1.729738592;1.776876018;1.787123285;1.776876018;1.805568365;1.588326314;1.651859367;1.713342966;1.723590232;1.826062898;1.735886952;1.62931538;1.862953057;1.862953057;1.735886952;1.778925472;1.807617818;1.746134219;1.774826565;1.821963991;1.844507977;1.807617818;1.756381485;1.760480392;1.830161804;1.752282579;1.856804697;1.94493119;1.701046246;1.723590232;1.848606884;1.748183672;1.772777112;1.858854151;1.809667271;1.862953057;1.799420005;1.787123285;1.824013444;1.88959595;1.742035312;1.799420005;1.869101417
A;1.54669679;1.582759668;1.556714256;1.554710763;1.504623431;1.554710763;1.628840013;1.562724736;1.514640898;1.494605965;1.530668844;1.550703776;1.652881932;1.530668844;1.618822547;1.588770148;1.656888918;1.644867959;1.452532607;1.538682817;1.500616445;1.572742202;1.662899398;1.606801587;1.570738709;1.566731722;1.638857479;1.562724736;1.644867959;1.566731722;1.548700283;1.514640898;1.510633911;1.52866535;1.672916864;1.61481556;1.596784121;1.588770148;1.664902891;1.578752682;1.672916864;1.578752682;1.592777134;1.644867959;1.456539593
A;1.329031675;1.443061019;1.43716295;1.366386115;1.364420092;1.435196927;1.482381483;1.458789205;1.391944417;1.488279553;1.492211599;1.356555999;1.446993066;1.543328202;1.490245576;1.468619321;1.421434764;1.484347506;1.458789205;1.504007738;1.395876463;1.48041546;1.488279553;1.407672602;1.472551367;1.464687275;1.511871831;1.568886503;1.482381483;1.397842486;1.470585344;1.462721251;1.559056388;1.439128973;1.470585344;1.535464109;1.507939785;1.370318162;1.386046347;1.484347506;1.48631353;1.468619321;1.417502718;1.478449437;1.452891135
A;1.576949913;1.647529512;1.722142232;1.657612312;1.514436553;1.635430152;1.633413592;1.556784313;1.597115513;1.589049273;1.657612312;1.502337193;1.568883673;1.675761352;1.689877272;1.611231433;1.701976632;1.663661992;1.679794472;1.726175352;1.778605912;1.716092552;1.639463272;1.754407192;1.718109112;1.651562632;1.679794472;1.675761352;1.697943512;1.615264553;1.677777912;1.641479832;1.619297672;1.675761352;1.671728232;1.617281112;1.697943512;1.663661992;1.657612312;1.716092552;1.710042872;1.675761352;1.782639032;1.701976632;1.651562632
A;1.710765957;1.600261935;1.716905069;1.864243764;1.723044181;1.71895144;1.839687315;1.606401048;1.708719586;1.708719586;1.675977654;1.794667158;1.872429247;1.72099781;1.698487732;1.80080627;1.77420345;1.788528046;1.69234862;1.753739743;1.784435304;1.671884912;1.802852641;1.733276035;1.843780056;1.784435304;1.780342562;1.716905069;1.811038124;1.759878855;1.680070395;1.667792171;1.811038124;1.776249821;1.798759899;1.698487732;1.690302249;1.782388933;1.851965539;1.77420345;1.680070395;1.710765957;1.847872798;1.794667158;1.819223607
A;1.706936517;1.653976673;1.649902839;1.784339367;1.678419678;1.770080947;1.674345844;1.651939756;1.672308927;1.713047269;1.725268771;1.776191698;1.729342605;1.737490274;1.825077708;1.651939756;1.786376284;1.886185221;1.780265533;1.729342605;1.75378561;1.745637942;1.774154781;1.696751932;1.741564108;1.739527191;1.770080947;1.696751932;1.658050507;1.603053746;1.835262294;1.763970196;1.662124342;1.918775894;1.812856206;1.786376284;1.761933279;1.601016829;1.757859445;1.76804403;1.792487035;1.780265533;1.713047269;1.755822527;1.649902839
A;1.646219668;1.636107753;1.609816776;1.524876695;1.516787163;1.520831929;1.640152519;1.704868772;1.658353965;1.654309199;1.712958303;1.557234821;1.528921461;1.646219668;1.706891154;1.684644943;1.611839159;1.650264434;1.628018222;1.634085371;1.634085371;1.739249281;1.684644943;1.660376348;1.670488262;1.789808853;1.599704862;1.621951073;1.694756857;1.723070217;1.712958303;1.61992869;1.632062988;1.660376348;1.721047835;1.579481033;1.56330197;1.587570564;1.664421114;1.648242051;1.656331582;1.741271663;1.692734474;1.708913537;1.656331582
A;1.805891412;1.698692378;1.752291895;1.890413726;1.739922775;1.814137491;1.731676696;1.816199011;1.882167647;1.845060289;1.789399252;1.795583812;1.777030133;1.764661014;1.779091653;1.950197803;1.840937249;1.900721326;1.83681421;1.700753898;1.950197803;1.931644124;1.754353415;1.803829892;1.799706852;1.849183329;1.842998769;1.793522292;1.801768372;1.82650661;1.83681421;1.799706852;1.923398044;1.900721326;1.83475269;1.857429408;1.803829892;1.766722534;1.865675488;1.904844366;1.818260531;1.793522292;1.82650661;1.818260531;1.82856813
A;1.692098626;1.659791254;1.647675989;1.635560725;1.738540474;1.643637568;1.667868097;1.643637568;1.75469416;1.653733622;1.667868097;1.694117837;1.70219468;1.550753872;1.645656779;1.714309945;1.690079416;1.75469416;1.720367577;1.718348366;1.738540474;1.67594494;1.736521263;1.692098626;1.710271523;1.736521263;1.692098626;1.682002572;1.750655739;1.714309945;1.688060205;1.696137048;1.716329156;1.601234142;1.627483882;1.661810465;1.770847846;1.645656779;1.633541514;1.710271523;1.720367577;1.673925729;1.667868097;1.661810465;1.726425209
A;1.724337796;1.836119598;1.831979532;1.778158664;1.767808497;1.740898063;1.819559331;1.774018597;1.817489298;1.831979532;1.854749899;1.879590299;1.925131033;1.896150566;1.765738464;1.860959999;1.898220599;1.906500733;1.9106408;1.796788964;1.908570766;1.937551233;1.925131033;1.923061;1.956181534;1.958251567;1.883730366;1.914780866;1.904430699;1.920990966;2.020352568;1.978951901;1.987232034;2.026562668;1.908570766;1.865100065;1.906500733;1.999652234;1.945831367;1.898220599;1.848539798;1.937551233;1.985162001;1.829909498;2.020352568
A;1.805169199;1.729097148;1.764049171;1.801057196;1.714705139;1.817505207;1.6571371;1.801057196;1.714705139;1.735265152;1.751713163;1.799001195;1.788721188;1.854513231;1.813393204;1.741433156;1.784609185;1.817505207;1.885353252;1.879185248;1.836009219;1.766105173;1.833953218;1.687977121;1.823673211;1.681809117;1.77638518;1.749657162;1.770217175;1.766105173;1.782553184;1.778441181;1.784609185;1.764049171;1.918249274;1.899745261;1.751713163;1.850401229;1.940865289;1.751713163;1.905913266;1.786665186;1.955257298;1.805169199;1.794889192
A;1.605294855;1.617379885;1.665720006;1.456246148;1.571053935;1.657663319;1.649606632;1.504586269;1.613351541;1.621408228;1.643564117;1.562997249;1.683847551;1.532784673;1.562997249;1.550912218;1.587167309;1.768442763;1.567025592;1.617379885;1.63550743;1.637521602;1.714060127;1.710031784;1.609323198;1.77649945;1.659677491;1.573068107;1.639535774;1.637521602;1.653634976;1.61133737;1.577096451;1.617379885;1.631479087;1.599252339;1.560983077;1.585153137;1.629464915;1.649606632;1.603280683;1.683847551;1.71808847;1.677805036;1.671762521
A;1.369331672;1.339946872;1.469239992;1.412429379;1.337987886;1.479034925;1.439855192;1.404593432;1.412429379;1.363454712;1.408511405;1.269423353;1.367372685;1.537804524;1.367372685;1.537804524;1.385003565;1.471198978;1.396757485;1.410470392;1.514296685;1.529968578;1.567189324;1.410470392;1.388921539;1.465322018;1.422224312;1.404593432;1.353659779;1.410470392;1.459445058;1.510378711;1.475116952;1.428101272;1.424183298;1.320357006;1.506460738;1.426142285;1.392839512;1.471198978;1.353659779;1.455527085;1.449650125;1.453568098;1.292931193
A;1.729490564;1.590968352;1.717268016;1.705045468;1.668377823;1.727453473;1.635784362;1.694860011;1.64800691;1.700971285;1.631710179;1.625598905;1.810974219;1.705045468;1.776343665;1.625598905;1.774306574;1.664303641;1.73763893;1.758009843;1.845604772;1.774306574;1.709119651;1.733564747;1.7681953;1.717268016;1.694860011;1.776343665;1.666340732;1.721342199;1.72337929;1.719305107;1.764121117;1.829308041;1.774306574;1.778380757;1.741713112;1.753935661;1.749861478;1.762084026;1.851716046;1.827270949;1.686711646;1.670414915;1.719305107
A;1.608684513;1.497466818;1.386249124;1.537187424;1.485550637;1.551089636;1.521299182;1.592796271;1.427955759;1.479592546;1.423983699;1.527257272;1.549103605;1.499452849;1.439871941;1.555061696;1.594782301;1.537187424;1.604712453;1.642447028;1.58683818;1.600740392;1.479592546;1.606698483;1.553075666;1.549103605;1.509383;1.626558786;1.537187424;1.543145514;1.43391385;1.648405118;1.499452849;1.523285212;1.527257272;1.543145514;1.50739697;1.51136903;1.543145514;1.477606516;1.495480788;1.429941789;1.559033757;1.672237482;1.596768332
A;1.522495839;1.664406237;1.591423746;1.581287289;1.719143104;1.615751243;1.534659587;1.648187906;1.561014376;1.561014376;1.638051449;1.66846082;1.613723952;1.666433528;1.536686879;1.664406237;1.717115813;1.621833117;1.605614786;1.700897482;1.670488111;1.704952065;1.672515402;1.773879972;1.670488111;1.704952065;1.686706442;1.682651859;1.631969574;1.737388727;1.666433528;1.601560203;1.694815608;1.676569985;1.642106031;1.603587495;1.64007874;1.769825389;1.711033939;1.65426978;1.678597277;1.767798098;1.729279561;1.680624568;1.711033939
A;1.799689938;1.778908299;1.677078268;1.862034855;1.822549741;1.729032365;1.741501349;1.801768102;1.851644035;1.697859907;1.872425674;1.968021214;1.878660166;1.901519969;1.841253216;1.872425674;1.974255706;1.75812666;1.932692428;1.772673807;1.816315249;1.96594305;1.870347511;1.893207313;1.841253216;1.886972822;1.89112915;1.868269347;1.785142791;1.83294056;1.897363641;1.853722199;1.886972822;1.816315249;1.905676297;1.913988952;1.855800363;1.878660166;1.976333869;1.812158921;2.061538589;2.00335;1.926457936;1.938926919;1.96594305
A;1.240603541;1.269634825;1.230926446;1.292859852;1.238668122;1.374147448;1.300601528;1.203830581;1.227055608;1.213507676;1.31608488;1.205766;1.246409798;1.292859852;1.31608488;1.379953705;1.273505663;1.300601528;1.271570244;1.308343204;1.201895162;1.254151474;1.24253896;1.290924434;1.306407785;1.277376501;1.248345217;1.22512019;1.223184771;1.283182758;1.376082867;1.362534934;1.350922421;1.223184771;1.327697393;1.302536947;1.273505663;1.246409798;1.358664096;1.236732703;1.345116164;1.292859852;1.230926446;1.263828568;1.215443095
B;1.634255956;1.56514563;1.55904766;1.530590466;1.648484553;1.646451896;1.62612533;1.642386583;1.697268313;1.6322233;1.575308913;1.57734157;1.727758163;1.646451896;1.678974403;1.741986759;1.664745806;1.707431596;1.634255956;1.719627536;1.54075375;1.701333626;1.707431596;1.735888789;1.676941746;1.752150043;1.674909089;1.666778463;1.658647836;1.640353926;1.61392939;1.701333626;1.744019416;1.634255956;1.615962046;1.711496909;1.772476609;1.636288613;1.739954103;1.703366283;1.656615179;1.672876433;1.624092673;1.709464253;1.701333626
B;1.597233624;1.63169171;1.645880333;1.653988118;1.682365365;1.544533022;1.609395301;1.649934226;1.653988118;1.605341409;1.625610871;1.518182721;1.611422247;1.666149795;1.718850397;1.639799494;1.609395301;1.720877343;1.783712676;1.850601902;1.714796505;1.724931236;1.69047315;1.656015064;1.761416268;1.731012075;1.682365365;1.728985128;1.621556978;1.643853387;1.70668872;1.72290429;1.625610871;1.694527043;1.78168573;1.619530032;1.69047315;1.840467171;1.726958182;1.737092913;1.639799494;1.718850397;1.670203688;1.735065967;1.720877343
B;1.482498557;1.504387798;1.478518695;1.538216624;1.496428074;1.558115933;1.516327383;1.518317314;1.458619386;1.440710007;1.581995105;1.564085726;1.649652757;1.548166279;1.544186417;1.59194476;1.518317314;1.46657911;1.512347522;1.583985036;1.623783655;1.55015621;1.597914552;1.500407936;1.55015621;1.542196486;1.560105864;1.619803793;1.57204545;1.464589179;1.603884345;1.500407936;1.48846835;1.651642688;1.518317314;1.546176348;1.532246831;1.57204545;1.663582274;1.532246831;1.625773586;1.562095795;1.480508626;1.583985036;1.57204545
B;1.418979445;1.545815596;1.466543001;1.444743038;1.48239752;1.401143111;1.55572467;1.480415705;1.428888519;1.573561004;1.522033818;1.472488446;1.621124561;1.484379335;1.56761556;1.393215851;1.551761041;1.5596883;1.518070188;1.553742856;1.516088373;1.549779226;1.49032478;1.506179299;1.492306595;1.539870151;1.470506631;1.510142928;1.476452076;1.462579372;1.49428841;1.541851966;1.484379335;1.488342965;1.553742856;1.597342783;1.56365193;1.522033818;1.551761041;1.537888337;1.561670115;1.49428841;1.529961077;1.619142746;1.533924707
B;1.615407379;1.662025157;1.593111919;1.601219359;1.676213177;1.615407379;1.629595398;1.672159457;1.623514818;1.674186317;1.680266897;1.765395015;1.741072695;1.761341295;1.688374337;1.836335113;1.743099555;1.767421875;1.686347477;1.830254533;1.662025157;1.751206995;1.643783418;1.645810278;1.822147093;1.674186317;1.759314435;1.789717334;1.686347477;1.615407379;1.649863998;1.730938396;1.645810278;1.714723516;1.753233855;1.844442553;1.807959074;1.743099555;1.664052017;1.874845452;1.708642936;1.737018975;1.747153275;1.803905354;1.897140911
B;1.517234173;1.416755088;1.54938748;1.563454551;1.603646185;1.559435388;1.625751584;1.651876145;1.553406643;1.601636603;1.497138356;1.485080866;1.436850905;1.575512041;1.469004212;1.60967493;1.663933636;1.571492878;1.563454551;1.673981544;1.671971962;1.611684512;1.60967493;1.629770747;1.58555995;1.559435388;1.700106106;1.655895309;1.619722838;1.529291663;1.62173242;1.692067779;1.617713257;1.649866564;1.599627022;1.571492878;1.684029452;1.678000707;1.639818655;1.623742002;1.631780329;1.635799492;1.525272499;1.671971962;1.680010289
B;1.548814677;1.456766259;1.370720999;1.526803098;1.438756786;1.518798888;1.502790468;1.502790468;1.482779942;1.430752576;1.568825202;1.626855726;1.56682415;1.578830465;1.596839938;1.634859936;1.588835728;1.562822044;1.59884099;1.59083678;1.568825202;1.596839938;1.596839938;1.540810466;1.69289046;1.552816782;1.592837833;1.594838885;1.704896776;1.552816782;1.474775732;1.586834675;1.666876777;1.66887783;1.616850463;1.618851516;1.514796783;1.56682415;1.570826255;1.576829412;1.594838885;1.592837833;1.588835728;1.58283257;1.644865199
B;1.545733844;1.429452958;1.513656358;1.523680572;1.481578872;1.527690258;1.467544972;1.549743529;1.587835544;1.497617615;1.469549815;1.623922715;1.603874287;1.435467487;1.547738687;1.573801644;1.567787115;1.601869444;1.621917872;1.539719315;1.559767744;1.573801644;1.621917872;1.549743529;1.529695101;1.521675729;1.678053472;1.527690258;1.481578872;1.613898501;1.491603087;1.579816172;1.631942087;1.591845229;1.585830701;1.569791958;1.559767744;1.66201473;1.521675729;1.601869444;1.541724158;1.599864601;1.549743529;1.597859758;1.469549815
B;1.672927563;1.558178019;1.523954471;1.473625723;1.511875571;1.654809214;1.558178019;1.610519916;1.493757222;1.636690865;1.556164869;1.652796064;1.614546216;1.676953863;1.691045912;1.608506766;1.72728261;1.697085362;1.505836122;1.566230618;1.53804652;1.519928171;1.628638265;1.582335818;1.558178019;1.640717165;1.695072212;1.570256918;1.52596762;1.626625115;1.642730314;1.562204319;1.550125419;1.560191169;1.652796064;1.71923001;1.568243768;1.586362117;1.751440409;1.626625115;1.54408597;1.759493008;1.642730314;1.602467317;1.592401567
B;1.621971222;1.674685287;1.690904999;1.747673992;1.61588883;1.577367014;1.642245862;1.654410647;1.623998686;1.692932463;1.58547687;1.571284621;1.676712751;1.634136006;1.688877535;1.632108542;1.61588883;1.767948632;1.642245862;1.737536672;1.763893704;1.613861366;1.59561419;1.745646528;1.72131696;1.690904999;1.591559262;1.668602895;1.607778974;1.688877535;1.836882409;1.676712751;1.747673992;1.743619064;1.690904999;1.650355719;1.703069783;1.692932463;1.715234567;1.694959927;1.583449406;1.711179639;1.703069783;1.662520503;1.776058488
B;1.452292201;1.561214116;1.387745881;1.585418986;1.498684869;1.514821449;1.579367769;1.456326346;1.510787304;1.583401914;1.543060464;1.637862871;1.514821449;1.563231189;1.561214116;1.672153104;1.597521421;1.740733569;1.680221394;1.595504349;1.585418986;1.627777509;1.684255539;1.583401914;1.718545771;1.631811654;1.603572639;1.530958029;1.698375046;1.549111681;1.688289684;1.670136031;1.593487276;1.641897016;1.714511626;1.656016524;1.520872666;1.645931161;1.662067741;1.571299479;1.684255539;1.559197044;1.637862871;1.591470204;1.563231189
B;1.676655032;1.674610331;1.603045787;1.711414954;1.643939812;1.68892324;1.699146746;1.733906668;1.742085473;1.73799607;1.643939812;1.72163846;1.650073916;1.648029215;1.686878539;1.641895111;1.684833837;1.740040771;1.758443083;1.744130174;1.860678146;1.838186432;1.752308979;1.825918224;1.67256563;1.674610331;1.778890095;1.805471212;1.707325551;1.813650017;1.703236149;1.731861966;1.594866982;1.709370252;1.750264278;1.764577186;1.709370252;1.75435368;1.662342124;1.73799607;1.832052328;1.735951369;1.756398381;1.729817265;1.797292407
B;1.527141469;1.565370307;1.617683453;1.555310086;1.521105337;1.583478704;1.615671409;1.525129425;1.498972851;1.643840026;1.6015871;1.583478704;1.684080908;1.641827982;1.694141129;1.615671409;1.567382351;1.64585207;1.583478704;1.647864115;1.629755718;1.595550968;1.718285658;1.585490748;1.64585207;1.543237822;1.649876159;1.561346218;1.653900247;1.71426157;1.621707541;1.674020688;1.778646981;1.631767762;1.617683453;1.583478704;1.649876159;1.519093292;1.587502792;1.708225437;1.647864115;1.6699966;1.577442571;1.700177261;1.623719585
B;1.470493571;1.649527672;1.488598143;1.448365761;1.665620625;1.581132622;1.595213956;1.538888621;1.691771673;1.528830525;1.542911859;1.528830525;1.67567872;1.619353385;1.605272051;1.577109384;1.587167479;1.619353385;1.589179098;1.732004055;1.625388242;1.691771673;1.554981574;1.691771673;1.671655482;1.661597387;1.58515586;1.635446338;1.58515586;1.522795668;1.552969954;1.559004812;1.65355091;1.573086146;1.599237194;1.567051288;1.623376623;1.550958335;1.659585767;1.623376623;1.627399862;1.559004812;1.727980817;1.677690339;1.669643863
B;1.531857252;1.577673529;1.380464338;1.40237647;1.559745421;1.492017012;1.559745421;1.52986524;1.513929144;1.535841276;1.507953108;1.470104879;1.492017012;1.513929144;1.472096891;1.527873228;1.551777373;1.482056952;1.65735401;1.561737433;1.63743389;1.549785361;1.486040976;1.611537734;1.539825301;1.549785361;1.593609625;1.599585661;1.565721457;1.701178275;1.633449866;1.527873228;1.623489806;1.51990518;1.470104879;1.557753409;1.641417914;1.492017012;1.517913168;1.565721457;1.621497794;1.531857252;1.565721457;1.505961096;1.577673529
B;1.608121317;1.642595544;1.593926047;1.518893905;1.559451819;1.565535506;1.557423923;1.697348729;1.583786568;1.697348729;1.606093421;1.583786568;1.695320833;1.666930293;1.681125563;1.597981838;1.614205004;1.650707127;1.593926047;1.758185601;1.679097668;1.774408767;1.705460312;1.733850852;1.81091089;1.675041876;1.67301398;1.628400274;1.703432416;1.683153459;1.729795061;1.689237146;1.829161952;1.626372378;1.719655582;1.814966682;1.640567649;1.711543999;1.713571895;1.64462344;1.741962435;1.729795061;1.707488208;1.668958189;1.750074018
B;1.574866661;1.590998457;1.683756289;1.570833711;1.590998457;1.633344424;1.593014932;1.590998457;1.576883135;1.574866661;1.544619542;1.633344424;1.611163203;1.494207677;1.621245576;1.677706865;1.554701915;1.744250527;1.645443272;1.631327949;1.722069306;1.576883135;1.689805713;1.651492695;1.564784288;1.645443272;1.619229102;1.645443272;1.586965508;1.683756289;1.691822187;1.659558594;1.645443272;1.720052832;1.681739814;1.590998457;1.758365849;1.689805713;1.685772763;1.734168154;1.641410322;1.548652491;1.711986933;1.595031407;1.607130254
B;1.652466418;1.7194583;1.682917273;1.747879098;1.741788927;1.650436361;1.699157729;1.652466418;1.711338071;1.682917273;1.64434619;1.678857159;1.686977387;1.7052479;1.735698756;1.689007444;1.652466418;1.697127672;1.755999326;1.691037501;1.802690638;1.66464676;1.666676817;1.843291778;1.697127672;1.634195905;1.666676817;1.747879098;1.792540352;1.733668699;1.68494733;1.743818984;1.613895334;1.699157729;1.825021265;1.709308014;1.729608585;1.849381949;1.745849041;1.646376247;1.660586646;1.731638642;1.727578528;1.782390067;1.747879098
B;1.61505937;1.596912636;1.623124585;1.665466966;1.536423521;1.649336535;1.699744131;1.627157193;1.651352839;1.574733293;1.663450662;1.649336535;1.695711523;1.754184335;1.661434358;1.643287624;1.699744131;1.6836137;1.663450662;1.669499574;1.780396284;1.661434358;1.653369143;1.705793043;1.651352839;1.657401751;1.659418054;1.613043066;1.715874562;1.580782205;1.715874562;1.695711523;1.66748327;1.711841954;1.64127132;1.70982565;1.707809346;1.663450662;1.586831116;1.659418054;1.69369522;1.806608234;1.776363677;1.69369522;1.740070208
B;1.644939501;1.766102335;1.694226078;1.671636396;1.634671464;1.722976581;1.579224065;1.735298225;1.554580777;1.694226078;1.698333292;1.673690004;1.714762151;1.749673476;1.69217247;1.636725071;1.681904433;1.790745624;1.704494114;1.827710556;1.679850826;1.73940544;1.782531194;1.772263157;1.784584802;1.786638409;1.761995121;1.811281697;1.842085808;1.856461059;1.803067268;1.759941513;1.755834299;1.720922973;1.807174483;1.971463072;1.784584802;1.796906446;1.77842398;1.803067268;1.823603342;1.856461059;1.780477587;1.667529182;1.628510642
B;1.487220696;1.541192415;1.447241645;1.535195558;1.583170419;1.523201842;1.377278306;1.563180893;1.559182988;1.491218601;1.673123283;1.565179846;1.525200795;1.589167276;1.495216507;1.541192415;1.641140043;1.569177751;1.527199747;1.561181941;1.645137948;1.555185083;1.629146327;1.543191368;1.593165181;1.589167276;1.471229076;1.685116999;1.597163087;1.473228029;1.563180893;1.651134805;1.601160992;1.519203937;1.589167276;1.645137948;1.6471369;1.569177751;1.615153659;1.593165181;1.481223839;1.539193463;1.603159944;1.54519032;1.54519032
B;1.571968561;1.543969121;1.619967601;1.473970521;1.455970881;1.467970641;1.657966841;1.505969881;1.447971041;1.511969761;1.463970721;1.499970001;1.583968321;1.533969321;1.583968321;1.537969241;1.625967481;1.689966201;1.669966601;1.687966241;1.627967441;1.565968681;1.531969361;1.607967841;1.463970721;1.687966241;1.563968721;1.575968481;1.573968521;1.583968321;1.647967041;1.509969801;1.605967881;1.627967441;1.621967561;1.477970441;1.617967641;1.603967921;1.521969561;1.503969921;1.587968241;1.635967281;1.695966081;1.579968401;1.601967961
B;1.581429442;1.605727974;1.702922101;1.555106033;1.603703096;1.553081155;1.571305054;1.52270799;1.589528953;1.55713091;1.642175772;1.630026506;1.678623569;1.589528953;1.613827484;1.664449426;1.518658235;1.666474303;1.684698202;1.678623569;1.666474303;1.717096244;1.621926995;1.65230016;1.585479197;1.59155383;1.636101139;1.702922101;1.723170877;1.482210437;1.75556892;1.662424548;1.670524059;1.711021612;1.708996734;1.704946979;1.476135804;1.601678219;1.623951873;1.642175772;1.593578708;1.579404564;1.668499181;1.706971856;1.737345021
B;1.460510055;1.669154349;1.426404738;1.504646348;1.432423323;1.600943714;1.592918934;1.580881763;1.514677324;1.530726885;1.498627763;1.612980885;1.474553421;1.584894153;1.534739275;1.584894153;1.518689714;1.621005665;1.530726885;1.538751665;1.572856982;1.490602982;1.486590592;1.530726885;1.558813616;1.554801226;1.560819812;1.578875568;1.534739275;1.598937519;1.526714494;1.546776446;1.556807421;1.500633958;1.572856982;1.661129568;1.484584397;1.544770251;1.560819812;1.598937519;1.627024251;1.590912739;1.657117178;1.576869373;1.490602982
B;1.672666671;1.525977267;1.737861961;1.737861961;1.595247263;1.615620792;1.711376374;1.697114905;1.666554612;1.574873735;1.758235489;1.717488433;1.684890788;1.741936667;1.668591965;1.758235489;1.733787256;1.813244016;1.631919614;1.644143731;1.780646371;1.703226963;1.717488433;1.741936667;1.691002846;1.74397402;1.876401953;1.705264316;1.774534312;1.768422254;1.709339022;1.652293142;1.648218437;1.754160784;1.796945193;1.688965493;1.801019899;1.711376374;1.660442554;1.71545108;1.821393427;1.796945193;1.619695497;1.676741376;1.772496959
B;1.637803894;1.575430527;1.696153173;1.621707541;1.649876159;1.525129425;1.496960807;1.631767762;1.627743674;1.605611189;1.607623233;1.688104997;1.583478704;1.613659365;1.720297702;1.766574716;1.607623233;1.732369967;1.607623233;1.569394395;1.728345878;1.661948423;1.720297702;1.611647321;1.613659365;1.657924335;1.706213393;1.593538924;1.619695497;1.525129425;1.688104997;1.64585207;1.643840026;1.706213393;1.702189305;1.613659365;1.555310086;1.708225437;1.667984556;1.63579185;1.672008644;1.696153173;1.62573163;1.750478363;1.621707541
B;1.385849312;1.423411562;1.439227246;1.508420863;1.403641957;1.425388522;1.445158127;1.57366056;1.488651258;1.445158127;1.385849312;1.427365483;1.567729678;1.419457641;1.516328705;1.458996851;1.585522323;1.458996851;1.45504293;1.504466942;1.419457641;1.522259587;1.567729678;1.526213508;1.435273325;1.391780194;1.45504293;1.544006152;1.619130651;1.350264023;1.557844876;1.510397824;1.589476244;1.460973811;1.4965591;1.488651258;1.478766456;1.381895391;1.45504293;1.41748068;1.53412135;1.478766456;1.397711075;1.526213508;1.526213508
B;1.768176941;1.821820583;1.778493026;1.836263101;1.799125196;1.737228687;1.669142527;1.757860857;1.89815961;1.825947017;1.75579764;1.78261946;1.875464224;1.685648263;1.858958488;1.840389535;1.949740035;1.794998762;1.908475695;1.838326318;1.799125196;1.832136667;1.912602129;1.772303375;1.770240158;1.861021705;1.749607989;1.728975819;1.658826442;1.885780309;1.873401007;1.811504498;1.778493026;1.863084922;1.873401007;1.840389535;1.846579186;1.91879178;1.908475695;1.867211356;1.8238838;1.825947017;1.813567715;1.7145333;1.869274573
Multivariate_threshold|Zr > 0.537875;1.6553776366771331;1.6561735869471468;1.659864674481037;1.6745527577655128;1.6599831393814943;1.6602976588869953;1.6607210452948176;1.6665930321522677;1.6774605000881426;1.6678134535475684;1.6782362365325034;1.696042252326367;1.708570100549461;1.6957366664193914;1.702679454804782;1.7103622848283655;1.7261797993783434;1.7454971506147217;1.7227168630406986;1.726725930728246;1.7425750370951363;1.733199065417052;1.7294071346027224;1.7247923286965554;1.7291507525137828;1.7341420526129856;1.7301943521556122;1.71447119546047;1.7158707407581688;1.721151407559082;1.730912173420015;1.7152882579250126;1.7236351004077224;1.7343303286603702;1.745996087883755;1.7392900066093053;1.720752643113467;1.737115019642352;1.735647813354523;1.7352234721877187;1.7415550569402118;1.741873520276417;1.7373248567189798;1.727351499596091;1.7494007924925798
Multivariate_threshold|Zr <= -0.423612;1.5112315558836484;1.5311599441967632;1.5211529136893187;1.5206519371768532;1.5229946452626717;1.5398530106684503;1.5441219310001417;1.543272440168332;1.5256539117948045;1.5331003690445708;1.5484089451776475;1.5385634679025018;1.562545093808598;1.5592554335918667;1.5711383117999802;1.5823830851768885;1.5799038231949676;1.6072034937880142;1.5694441528680498;1.6013779940689756;1.5937483740202478;1.5878346181873102;1.594697340853634;1.586365557658824;1.5777629705120346;1.5810551117755087;1.5847833311801818;1.5848164969099532;1.5751406475303131;1.5638843958173365;1.587116114333062;1.5812669935005168;1.5869978206890034;1.5860721775414774;1.592585316783114;1.591767886939251;1.577018442948651;1.5760536950105295;1.5818880139402154;1.5843531628704517;1.5937825662954201;1.5813002283113151;1.5804972360930032;1.5967194346481144;1.5746590691408646
Multivariate_threshold|Zr > 0.177734;1.6013853694014573;1.6093476866151437;1.6079079204595668;1.616906693485253;1.6086718630190633;1.6151831500308214;1.6170469439356236;1.6204012916183679;1.620598864695605;1.6173544689953827;1.629607305548587;1.6370560032930448;1.6538740508928589;1.6446153930530014;1.6534085727123418;1.6624255867560171;1.6713897450207906;1.6936970042575292;1.665306067768609;1.679774815156412;1.686829581330726;1.678750439106819;1.6789493826561244;1.6729423222389688;1.6724459878534066;1.6768008402774628;1.675728280888767;1.665906911928433;1.6631579873800513;1.6622444814403459;1.6770510124874831;1.6650884058749353;1.6724553771312793;1.6787978183281809;1.6885335796376917;1.6840331888695905;1.6669146524498666;1.676786871700859;1.6780545708568273;1.6787125353673682;1.6862044586654197;1.6817281729357854;1.6785825117142814;1.678421127527568;1.6839484279226757
Multivariate_threshold|Zr <= -0.102696;1.5593433014389249;1.5728858415491977;1.567450842179631;1.5720195295536312;1.568717397742413;1.5800539112873684;1.5830393048755582;1.584433246695965;1.5763225106868377;1.578063656349345;1.5917414976370128;1.5911252799535005;1.611283969887298;1.6048088770897568;1.6150428978106413;1.6250987986815884;1.6287264655328253;1.653361871404175;1.620602100359935;1.6432154689502372;1.64342236103595;1.636353018822292;1.6396595298010066;1.6325683649050884;1.628291784113847;1.63215105489699;1.6333172767692115;1.6280914429394986;1.622112236352414;1.6163755243413076;1.6351110328806893;1.6259993714985401;1.6326033480748667;1.635556411895009;1.6437893449745375;1.6410064555237776;1.6249927147974168;1.6298112541951164;1.6332085375738061;1.6347092592260475;1.6431047013880657;1.6348948964665055;1.6328417087145402;1.6403205969935666;1.6329827452721148
Multivariate_threshold|Zr > -0.423612;1.5112315558836484;1.5311599441967632;1.5211529136893187;1.5206519371768532;1.5229946452626717;1.5398530106684503;1.5441219310001417;1.543272440168332;1.5256539117948045;1.5331003690445708;1.5484089451776475;1.5385634679025018;1.562545093808598;1.5592554335918667;1.5711383117999802;1.5823830851768885;1.5799038231949676;1.6072034937880142;1.5694441528680498;1.6013779940689756;1.5937483740202478;1.5878346181873102;1.594697340853634;1.586365557658824;1.5777629705120346;1.5810551117755087;1.5847833311801818;1.5848164969099532;1.5751406475303131;1.5638843958173365;1.587116114333062;1.5812669935005168;1.5869978206890034;1.5860721775414774;1.592585316783114;1.591767886939251;1.577018442948651;1.5760536950105295;1.5818880139402154;1.5843531628704517;1.5937825662954201;1.5813002283113151;1.5804972360930032;1.5967194346481144;1.5746590691408646
Multivariate_threshold|Zr <= 0.177734;1.6013853694014573;1.6093476866151437;1.6079079204595668;1.616906693485253;1.6086718630190633;1.6151831500308214;1.6170469439356236;1.6204012916183679;1.620598864695605;1.6173544689953827;1.629607305548587;1.6370560032930448;1.6538740508928589;1.6446153930530014;1.6534085727123418;1.6624255867560171;1.6713897450207906;1.6936970042575292;1.665306067768609;1.679774815156412;1.686829581330726;1.678750439106819;1.6789493826561244;1.6729423222389688;1.6724459878534066;1.6768008402774628;1.675728280888767;1.665906911928433;1.6631579873800513;1.6622444814403459;1.6770510124874831;1.6650884058749353;1.6724553771312793;1.6787978183281809;1.6885335796376917;1.6840331888695905;1.6669146524498666;1.676786871700859;1.6780545708568273;1.6787125353673682;1.6862044586654197;1.6817281729357854;1.6785825117142814;1.678421127527568;1.6839484279226757
Multivariate_threshold|Zr > -0.102696;1.5593433014389249;1.5728858415491977;1.567450842179631;1.5720195295536312;1.568717397742413;1.5800539112873684;1.5830393048755582;1.584433246695965;1.5763225106868377;1.578063656349345;1.5917414976370128;1.5911252799535005;1.611283969887298;1.6048088770897568;1.6150428978106413;1.6250987986815884;1.6287264655328253;1.653361871404175;1.620602100359935;1.6432154689502372;1.64342236103595;1.636353018822292;1.6396595298010066;1.6325683649050884;1.628291784113847;1.63215105489699;1.6333172767692115;1.6280914429394986;1.622112236352414;1.6163755243413076;1.6351110328806893;1.6259993714985401;1.6326033480748667;1.635556411895009;1.6437893449745375;1.6410064555237776;1.6249927147974168;1.6298112541951164;1.6332085375738061;1.6347092592260475;1.6431047013880657;1.6348948964665055;1.6328417087145402;1.6403205969935666;1.6329827452721148
Multivariate_threshold|Zr <= 0.537875;1.6553776366771331;1.6561735869471468;1.659864674481037;1.6745527577655128;1.6599831393814943;1.6602976588869953;1.6607210452948176;1.6665930321522677;1.6774605000881426;1.6678134535475684;1.6782362365325034;1.696042252326367;1.708570100549461;1.6957366664193914;1.702679454804782;1.7103622848283655;1.7261797993783434;1.7454971506147217;1.7227168630406986;1.726725930728246;1.7425750370951363;1.733199065417052;1.7294071346027224;1.7247923286965554;1.7291507525137828;1.7341420526129856;1.7301943521556122;1.71447119546047;1.7158707407581688;1.721151407559082;1.730912173420015;1.7152882579250126;1.7236351004077224;1.7343303286603702;1.745996087883755;1.7392900066093053;1.720752643113467;1.737115019642352;1.735647813354523;1.7352234721877187;1.7415550569402118;1.741873520276417;1.7373248567189798;1.727351499596091;1.7494007924925798
