Class;7.3;7.32;7.34;7.36;7.38;7.4;7.42;7.44;7.46;7.48;7.5;7.52;7.54;7.56;7.58;7.6;7.62;7.64;7.66;7.68;7.7;7.72;7.74;7.76;7.78;7.8;7.82;7.84;7.86;7.88;7.9
A;0.93;0.83;0.88;0.965;0.93;1.03;1.14;1.295;1.25;1.355;1.385;1.19;1.065;1.01;0.875;0.84;0.765;0.77;0.745;0.73;0.74;0.69;0.705;0.725;0.7;0.71;0.78;0.76;0.765;0.75;0.84
A;1.01;0.97;0.97;0.88;1.105;0.995;1.195;1.275;1.32;1.25;1.265;1.235;1.085;1.05;0.945;0.93;0.88;0.715;0.78;0.845;0.73;0.765;0.76;0.75;0.78;0.765;0.76;0.85;0.825;0.805;0.825
A;0.91;0.84;0.88;0.89;0.945;1.055;1.16;1.23;1.3;1.375;1.275;1.29;1.145;1.04;0.875;0.875;0.745;0.805;0.74;0.69;0.63;0.66;0.72;0.68;0.74;0.68;0.71;0.715;0.75;0.765;0.825
A;0.92;0.895;0.93;0.88;0.935;0.955;1.145;1.25;1.305;1.175;1.325;1.225;1.17;1.055;0.935;0.81;0.76;0.775;0.655;0.7;0.675;0.73;0.6;0.69;0.735;0.72;0.7;0.715;0.72;0.745;0.825
A;0.98;0.86;0.885;0.925;1.025;1.18;1.3;1.315;1.335;1.37;1.395;1.25;1.23;1.065;0.9;0.8;0.815;0.74;0.73;0.745;0.775;0.705;0.725;0.72;0.775;0.755;0.74;0.8;0.85;0.85;0.78
A;0.895;0.93;0.875;0.98;1.06;1.165;1.31;1.405;1.43;1.435;1.455;1.275;1.165;1.02;1.015;0.88;0.8;0.79;0.67;0.77;0.725;0.76;0.71;0.705;0.735;0.77;0.745;0.8;0.84;0.84;0.85
A;1.06;1.0;0.94;0.87;0.965;1.025;1.21;1.315;1.4;1.31;1.255;1.265;1.095;1.055;0.91;0.855;0.77;0.685;0.675;0.65;0.805;0.705;0.75;0.695;0.77;0.825;0.77;0.825;0.79;0.81;0.855
A;1.0;0.83;0.88;0.925;0.99;1.035;1.11;1.315;1.355;1.46;1.48;1.32;1.08;0.995;0.895;0.805;0.795;0.77;0.73;0.72;0.695;0.71;0.685;0.745;0.75;0.725;0.775;0.74;0.825;0.82;0.885
A;1.04;0.93;0.88;0.9;1.025;1.1;1.105;1.19;1.205;1.4;1.335;1.305;1.11;1.06;0.99;0.86;0.835;0.735;0.775;0.775;0.715;0.74;0.71;0.77;0.795;0.84;0.815;0.77;0.86;0.79;0.88
A;0.97;0.86;0.85;0.89;0.895;0.955;1.115;1.28;1.33;1.235;1.28;1.22;1.095;0.975;0.86;0.79;0.79;0.745;0.755;0.78;0.705;0.745;0.705;0.705;0.7;0.695;0.715;0.735;0.82;0.76;0.81
A;1.005;0.875;0.985;0.88;1.015;1.035;1.135;1.23;1.325;1.355;1.36;1.285;1.235;0.995;0.875;0.845;0.795;0.855;0.77;0.79;0.64;0.755;0.73;0.7;0.715;0.765;0.805;0.82;0.775;0.815;0.85
A;1.04;0.785;0.775;0.79;0.875;0.99;1.025;1.18;1.15;1.15;1.225;1.195;1.075;0.97;0.85;0.81;0.71;0.675;0.685;0.65;0.65;0.59;0.665;0.68;0.68;0.675;0.675;0.625;0.75;0.735;0.745
A;0.925;0.88;0.915;0.965;0.955;0.95;1.185;1.215;1.265;1.27;1.295;1.205;1.095;1.035;0.93;0.795;0.8;0.73;0.765;0.705;0.67;0.76;0.68;0.68;0.71;0.715;0.755;0.82;0.795;0.745;0.8
A;0.96;0.92;0.845;0.945;0.955;1.175;1.115;1.365;1.355;1.415;1.38;1.25;1.26;0.96;0.93;0.85;0.795;0.79;0.68;0.695;0.755;0.765;0.73;0.695;0.79;0.76;0.71;0.745;0.83;0.815;0.86
A;0.985;0.955;0.925;0.915;1.005;1.09;1.27;1.35;1.37;1.37;1.395;1.25;1.235;1.105;0.93;0.845;0.78;0.705;0.765;0.77;0.74;0.745;0.755;0.755;0.765;0.78;0.755;0.785;0.74;0.815;0.85
A;0.965;0.89;0.895;0.925;0.96;1.035;1.195;1.23;1.325;1.44;1.285;1.225;1.1;0.995;0.84;0.855;0.825;0.73;0.73;0.715;0.715;0.77;0.77;0.705;0.77;0.73;0.73;0.745;0.75;0.805;0.86
A;0.85;0.82;0.795;0.895;0.95;1.03;1.16;1.315;1.31;1.365;1.21;1.2;1.115;0.965;0.88;0.775;0.745;0.71;0.72;0.7;0.69;0.715;0.71;0.71;0.675;0.695;0.74;0.755;0.81;0.72;0.85
A;0.94;0.865;0.81;0.835;0.95;0.99;1.02;1.12;1.2;1.21;1.225;1.185;1.045;0.945;0.85;0.855;0.8;0.715;0.66;0.625;0.605;0.69;0.66;0.715;0.685;0.67;0.66;0.72;0.73;0.695;0.78
A;1.01;0.945;0.945;0.965;1.06;1.145;1.325;1.385;1.44;1.475;1.55;1.48;1.235;1.17;1.105;0.855;0.85;0.8;0.86;0.78;0.74;0.74;0.83;0.795;0.765;0.75;0.845;0.825;0.77;0.805;0.955
A;0.98;0.875;0.95;0.91;1.04;1.03;1.235;1.245;1.415;1.42;1.39;1.255;1.08;1.01;0.915;0.855;0.785;0.79;0.745;0.75;0.745;0.73;0.675;0.79;0.73;0.71;0.74;0.795;0.75;0.82;0.86
A;0.905;0.81;0.8;0.945;0.9;1.04;1.065;1.21;1.205;1.3;1.205;1.17;1.09;1.03;0.86;0.82;0.73;0.745;0.705;0.685;0.675;0.67;0.735;0.67;0.745;0.655;0.77;0.695;0.765;0.69;0.8
A;0.935;0.855;0.86;0.91;1.045;1.12;1.145;1.29;1.44;1.31;1.335;1.285;1.235;1.0;0.95;0.855;0.76;0.8;0.765;0.67;0.69;0.725;0.78;0.73;0.645;0.73;0.81;0.795;0.755;0.805;0.83
A;0.875;0.865;0.82;0.94;0.95;1.14;1.145;1.36;1.41;1.425;1.33;1.23;1.11;0.935;0.86;0.865;0.795;0.73;0.68;0.75;0.63;0.69;0.67;0.7;0.745;0.805;0.695;0.775;0.775;0.78;0.815
A;0.955;0.935;0.915;0.86;1.0;0.96;1.105;1.295;1.21;1.345;1.305;1.16;1.17;1.035;0.915;0.77;0.66;0.745;0.75;0.71;0.7;0.725;0.725;0.635;0.75;0.825;0.715;0.715;0.8;0.82;0.795
A;0.935;0.925;0.885;0.885;0.92;1.15;1.245;1.24;1.315;1.395;1.365;1.25;1.13;1.0;0.95;0.835;0.72;0.745;0.705;0.735;0.775;0.77;0.75;0.685;0.745;0.82;0.76;0.85;0.835;0.825;0.905
A;0.91;0.96;0.9;0.895;0.965;1.045;1.11;1.22;1.285;1.35;1.3;1.25;1.14;1.01;0.925;0.825;0.725;0.76;0.745;0.705;0.72;0.685;0.7;0.69;0.8;0.77;0.735;0.735;0.785;0.855;0.85
A;0.925;0.895;0.78;0.875;0.975;0.985;1.235;1.17;1.255;1.42;1.32;1.26;1.105;1.045;0.95;0.88;0.725;0.84;0.71;0.675;0.695;0.7;0.735;0.755;0.73;0.71;0.745;0.69;0.76;0.815;0.815
A;0.95;0.88;0.89;0.985;1.02;1.085;1.255;1.29;1.46;1.32;1.31;1.145;1.215;1.025;0.96;0.895;0.845;0.79;0.705;0.73;0.78;0.725;0.75;0.76;0.78;0.75;0.775;0.785;0.845;0.795;0.845
A;0.92;0.865;0.815;0.94;0.97;1.06;1.22;1.28;1.28;1.34;1.32;1.225;1.115;1.07;0.895;0.84;0.78;0.8;0.745;0.795;0.755;0.705;0.7;0.675;0.67;0.69;0.705;0.795;0.805;0.84;0.885
A;1.01;0.97;0.94;0.93;0.955;0.99;1.065;1.14;1.33;1.345;1.37;1.22;1.2;1.085;0.93;0.815;0.815;0.71;0.78;0.73;0.72;0.76;0.795;0.71;0.77;0.76;0.79;0.795;0.81;0.82;0.825
A;0.915;0.8;0.87;0.885;0.84;0.885;1.045;1.125;1.225;1.11;1.175;1.105;0.96;0.945;0.875;0.72;0.73;0.68;0.73;0.705;0.695;0.64;0.655;0.705;0.65;0.715;0.735;0.72;0.76;0.725;0.74
A;0.915;0.885;0.87;0.825;0.925;1.01;1.18;1.2;1.22;1.26;1.245;1.14;1.08;0.93;0.91;0.75;0.745;0.72;0.67;0.7;0.73;0.685;0.72;0.68;0.71;0.76;0.7;0.72;0.735;0.75;0.775
A;0.995;0.795;0.95;0.945;1.03;1.165;1.235;1.27;1.375;1.32;1.395;1.21;1.075;1.01;0.83;0.805;0.755;0.685;0.745;0.755;0.72;0.715;0.78;0.76;0.76;0.72;0.79;0.795;0.77;0.775;0.745
A;1.01;0.85;0.89;0.9;0.98;1.05;1.18;1.19;1.29;1.29;1.23;1.18;1.02;0.92;0.79;0.82;0.71;0.7;0.7;0.61;0.69;0.64;0.7;0.65;0.7;0.78;0.7;0.7;0.77;0.76;0.69
A;0.92;0.91;0.905;0.85;0.92;0.99;1.095;1.23;1.225;1.335;1.24;1.215;1.21;1.025;0.88;0.78;0.745;0.78;0.685;0.775;0.745;0.65;0.705;0.705;0.745;0.705;0.735;0.785;0.8;0.805;0.855
A;0.99;0.89;0.94;0.99;0.99;1.08;1.15;1.3;1.44;1.46;1.4;1.22;1.1;0.98;0.91;0.79;0.76;0.89;0.74;0.83;0.76;0.75;0.77;0.74;0.67;0.74;0.8;0.79;0.87;0.92;0.92
A;0.89;0.885;0.965;0.915;1.095;1.115;1.25;1.345;1.415;1.435;1.36;1.275;1.18;0.995;0.965;0.865;0.76;0.755;0.775;0.7;0.66;0.75;0.73;0.745;0.75;0.755;0.775;0.74;0.87;0.795;0.795
A;0.99;0.8;0.8;0.88;0.92;1.04;1.13;1.36;1.38;1.33;1.32;0.98;1.15;1.14;0.96;0.77;0.68;0.61;0.64;0.71;0.65;0.7;0.68;0.74;0.59;0.62;0.74;0.66;0.72;0.7;0.74
A;0.975;0.945;0.895;0.98;0.965;1.065;1.135;1.265;1.285;1.345;1.34;1.29;1.11;1.015;1.01;0.87;0.83;0.82;0.755;0.725;0.795;0.77;0.765;0.74;0.75;0.745;0.76;0.795;0.765;0.87;0.835
A;0.91;0.85;0.87;0.81;0.87;1.04;1.16;1.17;1.31;1.41;1.28;1.24;1.2;1.01;0.88;0.8;0.79;0.73;0.8;0.69;0.75;0.73;0.74;0.76;0.7;0.65;0.77;0.84;0.73;0.85;0.87
A;0.96;0.8;0.84;1.02;0.92;1.14;0.97;1.18;1.25;1.36;1.27;1.12;1.09;1.0;0.84;0.83;0.79;0.72;0.78;0.7;0.65;0.75;0.65;0.74;0.68;0.7;0.68;0.77;0.9;0.79;0.77
A;1.01;0.9;0.92;0.99;1.12;1.09;1.23;1.3;1.53;1.52;1.41;1.36;1.19;1.14;0.91;0.82;0.92;0.85;0.74;0.8;0.82;0.78;0.87;0.81;0.82;0.79;0.79;0.8;0.82;0.91;0.92
A;0.98;0.91;0.9;0.95;1.01;1.08;1.27;1.37;1.31;1.32;1.28;1.35;1.17;1.02;1.02;0.79;0.75;0.69;0.76;0.77;0.68;0.76;0.79;0.72;0.84;0.83;0.78;0.9;0.83;0.9;0.73
A;0.95;0.95;0.9;1.04;1.06;1.22;1.15;1.34;1.32;1.33;1.44;1.28;1.16;0.99;0.94;0.85;0.78;0.91;0.61;0.8;0.78;0.7;0.81;0.83;0.69;0.74;0.77;0.87;0.8;0.82;0.89
A;0.97;0.96;0.8;1.06;1.06;1.11;1.17;1.32;1.31;1.35;1.49;1.38;1.12;0.91;1.02;0.9;0.84;0.76;0.8;0.76;0.73;0.73;0.77;0.73;0.69;0.83;0.83;0.78;0.8;0.83;0.9
A;0.93;0.86;0.93;0.975;1.065;1.025;1.145;1.2;1.345;1.4;1.44;1.325;1.21;1.045;1.0;0.855;0.845;0.785;0.805;0.83;0.75;0.765;0.725;0.77;0.715;0.74;0.785;0.755;0.825;0.74;0.82
A;0.9;0.775;0.845;0.91;1.05;1.07;1.145;1.25;1.27;1.265;1.285;1.235;1.1;0.855;0.815;0.755;0.72;0.66;0.67;0.655;0.69;0.71;0.715;0.745;0.755;0.73;0.725;0.81;0.76;0.75;0.8
A;0.94;0.915;0.885;0.94;0.975;1.11;1.225;1.27;1.405;1.23;1.29;1.23;1.045;0.925;0.885;0.805;0.805;0.8;0.72;0.685;0.72;0.725;0.68;0.71;0.71;0.805;0.76;0.79;0.795;0.785;0.855
A;0.99;0.94;1.03;0.91;0.99;0.95;1.28;1.32;1.47;1.25;1.29;1.16;1.17;1.05;0.92;0.9;0.76;0.72;0.7;0.66;0.77;0.64;0.76;0.8;0.78;0.83;0.72;0.74;0.79;0.86;0.87
A;1.1;0.81;0.92;0.92;0.97;1.07;1.34;1.29;1.29;1.39;1.4;1.39;1.13;1.0;0.9;0.86;0.72;0.72;0.77;0.74;0.75;0.76;0.8;0.74;0.77;0.9;0.81;0.9;0.93;0.81;0.85
A;0.88;0.78;0.93;0.91;0.95;1.03;1.12;1.07;1.17;1.29;1.25;1.25;1.09;0.91;0.93;0.76;0.71;0.67;0.7;0.64;0.65;0.63;0.74;0.7;0.74;0.69;0.77;0.79;0.68;0.73;0.81
A;0.93;0.91;0.9;0.91;1.11;1.34;1.22;1.31;1.4;1.34;1.38;1.22;1.07;1.01;0.81;0.8;0.8;0.83;0.73;0.77;0.58;0.8;0.77;0.77;0.75;0.75;0.77;0.86;0.82;0.79;0.85
A;0.865;0.88;0.855;0.865;0.96;0.99;1.085;1.12;1.295;1.295;1.305;1.155;1.135;0.915;0.92;0.85;0.715;0.685;0.7;0.73;0.755;0.665;0.655;0.675;0.695;0.71;0.78;0.835;0.85;0.77;0.745
A;0.95;0.85;0.88;0.99;0.91;0.99;1.03;1.31;1.35;1.3;1.38;1.28;1.25;0.96;0.93;0.83;0.79;0.69;0.7;0.72;0.75;0.68;0.81;0.75;0.7;0.81;0.7;0.82;0.92;0.83;0.87
A;0.96;0.84;0.845;1.0;1.05;1.17;1.205;1.33;1.355;1.49;1.52;1.305;1.23;1.04;1.035;0.8;0.845;0.845;0.75;0.775;0.78;0.785;0.745;0.785;0.845;0.755;0.825;0.775;0.82;0.78;0.85
A;1.11;0.94;0.95;1.06;1.09;1.11;1.31;1.37;1.61;1.49;1.44;1.35;1.28;1.19;1.07;0.93;0.86;0.78;0.72;0.79;0.77;0.78;0.76;0.82;0.79;0.82;0.76;0.89;0.84;0.96;0.9
A;1.02;0.89;0.91;0.95;1.03;1.2;1.31;1.28;1.49;1.42;1.46;1.35;1.13;0.99;0.95;0.79;0.83;0.76;0.78;0.75;0.78;0.74;0.74;0.73;0.8;0.79;0.81;0.79;0.85;0.82;0.97
A;1.09;0.78;0.8;0.8;1.03;1.13;1.18;1.29;1.4;1.52;1.29;1.37;1.06;1.05;0.88;0.87;0.87;0.73;0.7;0.78;0.73;0.74;0.63;0.72;0.79;0.81;0.76;0.72;0.85;0.73;0.88
A;0.94;0.88;0.82;0.93;1.02;1.18;1.1;1.14;1.25;1.3;1.19;1.11;1.04;1.02;0.94;0.81;0.76;0.72;0.65;0.73;0.72;0.72;0.69;0.71;0.66;0.68;0.68;0.81;0.74;0.74;0.75
A;1.0;0.93;0.88;0.82;0.93;1.06;1.22;1.23;1.19;1.45;1.41;1.22;1.14;0.92;0.87;0.9;0.81;0.61;0.73;0.71;0.68;0.82;0.71;0.73;0.69;0.78;0.76;0.82;0.78;0.82;0.84
A;0.92;0.93;0.98;1.05;1.13;1.21;1.33;1.3;1.56;1.42;1.38;1.36;1.16;1.1;0.87;0.97;0.88;0.74;0.75;0.79;0.74;0.74;0.77;0.83;0.82;0.81;0.71;0.86;0.88;0.94;0.94
A;0.975;0.96;0.935;1.01;1.075;1.185;1.28;1.36;1.445;1.42;1.455;1.325;1.125;1.04;0.895;0.875;0.785;0.79;0.79;0.78;0.76;0.745;0.72;0.76;0.74;0.815;0.82;0.83;0.815;0.85;0.845
A;0.91;0.76;0.85;0.93;0.96;0.98;1.13;1.26;1.3;1.27;1.31;1.13;1.13;0.88;0.83;0.72;0.82;0.79;0.78;0.65;0.7;0.76;0.71;0.75;0.73;0.81;0.79;0.69;0.72;0.84;0.77
A;1.02;0.88;0.95;0.86;0.99;1.07;1.13;1.3;1.56;1.28;1.5;1.37;1.2;1.19;0.88;0.97;0.86;0.76;0.8;0.75;0.78;0.73;0.76;0.66;0.74;0.78;0.81;0.7;0.79;0.89;0.96
A;0.94;1.05;0.93;0.91;1.11;1.14;1.27;1.27;1.4;1.22;1.34;1.09;1.08;1.06;0.96;0.83;0.7;0.73;0.7;0.86;0.65;0.8;0.74;0.8;0.73;0.81;0.75;0.71;0.84;0.68;0.89
A;0.93;0.85;0.87;0.81;1.07;1.01;1.02;1.11;1.27;1.31;1.26;1.05;0.98;1.04;0.88;0.79;0.79;0.7;0.71;0.7;0.68;0.7;0.7;0.68;0.79;0.7;0.74;0.67;0.71;0.8;0.91
A;0.95;1.02;0.91;1.03;0.99;1.06;1.14;1.28;1.26;1.38;1.45;1.35;1.31;1.09;1.0;0.86;0.75;0.78;0.84;0.74;0.76;0.74;0.78;0.81;0.88;0.84;0.74;0.93;0.89;0.93;0.85
A;0.93;0.895;0.915;0.95;0.935;1.145;1.27;1.295;1.445;1.49;1.52;1.365;1.17;1.055;0.95;0.885;0.84;0.75;0.74;0.75;0.72;0.77;0.78;0.77;0.67;0.745;0.785;0.795;0.87;0.81;0.825
A;0.99;0.86;0.81;0.94;0.98;1.07;1.17;1.19;1.25;1.45;1.32;1.36;1.21;0.95;1.01;0.82;0.87;0.82;0.71;0.73;0.76;0.74;0.7;0.73;0.75;0.78;0.7;0.77;0.89;0.88;0.76
A;1.0;1.04;0.99;1.0;0.91;1.22;1.09;1.46;1.38;1.44;1.33;1.31;1.12;1.06;0.96;0.96;0.81;0.73;0.78;0.62;0.77;0.71;0.68;0.76;0.85;0.79;0.76;0.79;0.82;0.93;0.93
A;0.95;0.89;0.9;0.96;1.09;1.28;1.35;1.52;1.38;1.43;1.48;1.29;1.17;1.06;1.03;0.95;0.83;0.78;0.81;0.75;0.75;0.74;0.85;0.71;0.81;0.8;0.82;0.8;0.81;0.97;0.97
A;1.05;0.93;0.97;0.78;0.92;1.1;1.25;1.38;1.39;1.43;1.32;1.19;1.05;1.08;0.97;0.85;0.84;0.77;0.85;0.78;0.81;0.81;0.76;0.56;0.78;0.78;0.72;0.75;0.76;0.83;0.8
A;0.96;0.825;0.775;0.84;0.785;0.925;1.02;1.06;1.165;1.195;1.23;1.085;1.035;0.88;0.78;0.755;0.71;0.69;0.635;0.68;0.625;0.6;0.655;0.645;0.62;0.62;0.675;0.695;0.74;0.72;0.725
A;0.96;0.99;1.05;0.94;1.17;1.18;1.31;1.28;1.55;1.36;1.49;1.18;1.08;1.01;0.92;0.86;0.76;0.77;0.77;0.7;0.75;0.81;0.79;0.79;0.82;0.8;0.78;0.85;0.73;0.81;1.0
A;0.97;0.885;0.885;0.81;0.855;0.99;1.14;1.185;1.195;1.245;1.23;1.22;1.04;0.965;0.905;0.735;0.66;0.67;0.64;0.655;0.645;0.68;0.645;0.755;0.65;0.765;0.695;0.69;0.8;0.745;0.795
A;0.86;0.96;0.9;0.97;1.03;1.19;1.22;1.3;1.45;1.45;1.48;1.44;1.23;1.15;0.94;0.81;0.9;0.76;0.74;0.68;0.72;0.75;0.85;0.75;0.68;0.79;0.92;0.8;0.83;0.91;0.9
A;0.97;0.915;0.955;0.93;1.055;1.085;1.165;1.275;1.36;1.455;1.42;1.26;1.16;1.07;1.005;0.835;0.775;0.75;0.82;0.745;0.715;0.705;0.73;0.655;0.765;0.775;0.8;0.795;0.78;0.885;0.81
B;1.0;0.89;0.97;0.915;1.025;0.95;1.15;1.205;1.3;1.335;1.29;1.26;1.08;1.0;0.91;0.835;0.785;0.73;0.715;0.7;0.795;0.715;0.71;0.73;0.73;0.655;0.74;0.805;0.75;0.82;0.84
B;0.92;0.89;0.875;0.905;0.975;0.99;1.085;1.22;1.285;1.27;1.26;1.135;1.06;0.975;0.87;0.78;0.77;0.745;0.735;0.67;0.67;0.7;0.67;0.71;0.685;0.71;0.79;0.77;0.785;0.825;0.77
B;0.89;0.895;0.875;0.92;1.005;1.095;1.27;1.34;1.36;1.35;1.36;1.31;1.225;1.125;0.875;0.895;0.79;0.74;0.68;0.785;0.705;0.705;0.69;0.725;0.71;0.825;0.75;0.72;0.83;0.745;0.755
B;1.01;0.91;0.92;0.935;1.075;1.125;1.25;1.425;1.355;1.44;1.365;1.23;1.13;1.05;0.895;0.81;0.785;0.745;0.775;0.735;0.775;0.76;0.75;0.74;0.795;0.76;0.83;0.83;0.815;0.86;0.94
B;0.97;0.895;0.91;0.92;0.925;1.02;1.14;1.19;1.265;1.31;1.245;1.16;1.205;1.0;0.895;0.78;0.78;0.8;0.755;0.72;0.77;0.675;0.745;0.7;0.73;0.745;0.755;0.83;0.71;0.815;0.835
B;1.01;0.87;0.9;0.9;0.96;0.945;1.145;1.235;1.28;1.365;1.325;1.24;1.115;1.015;0.85;0.905;0.85;0.775;0.74;0.76;0.72;0.765;0.71;0.715;0.76;0.665;0.78;0.775;0.77;0.845;0.93
B;1.045;0.95;0.97;0.995;1.055;1.135;1.175;1.32;1.425;1.425;1.385;1.285;1.16;1.025;1.02;0.885;0.79;0.695;0.765;0.785;0.715;0.76;0.75;0.775;0.785;0.785;0.775;0.825;0.785;0.81;0.9
B;1.035;0.895;0.895;0.96;0.985;1.04;1.12;1.205;1.235;1.41;1.31;1.235;1.12;1.12;0.935;0.835;0.79;0.745;0.745;0.71;0.76;0.705;0.71;0.74;0.75;0.755;0.79;0.78;0.78;0.745;0.79
B;0.955;0.805;0.88;0.955;0.96;1.07;1.185;1.19;1.3;1.28;1.325;1.25;1.22;1.01;0.855;0.855;0.8;0.745;0.75;0.705;0.785;0.695;0.735;0.695;0.76;0.73;0.765;0.76;0.83;0.82;0.85
B;1.005;0.98;0.925;0.93;1.035;0.975;1.1;1.325;1.29;1.35;1.28;1.33;1.255;1.155;0.955;0.86;0.87;0.795;0.84;0.79;0.745;0.765;0.71;0.75;0.77;0.755;0.78;0.88;0.84;0.87;0.8
B;0.9;0.905;0.825;0.9;1.005;1.065;1.24;1.2;1.415;1.39;1.4;1.225;1.185;1.045;0.96;0.77;0.78;0.785;0.755;0.735;0.73;0.735;0.74;0.74;0.715;0.765;0.74;0.83;0.74;0.805;0.86
B;1.0;0.92;0.905;0.945;0.96;1.12;1.155;1.345;1.34;1.405;1.335;1.255;1.08;1.045;0.965;0.82;0.8;0.79;0.765;0.73;0.77;0.775;0.69;0.755;0.74;0.73;0.725;0.775;0.82;0.8;0.81
B;0.97;0.865;0.895;0.96;1.05;1.1;1.23;1.24;1.335;1.285;1.31;1.235;1.16;1.09;0.915;0.81;0.84;0.695;0.775;0.64;0.75;0.76;0.78;0.775;0.72;0.765;0.675;0.74;0.78;0.835;0.915
B;0.975;0.865;0.855;0.96;1.01;1.065;1.245;1.33;1.375;1.405;1.405;1.285;1.22;1.01;0.975;0.795;0.79;0.745;0.755;0.72;0.71;0.735;0.745;0.68;0.775;0.745;0.71;0.78;0.74;0.845;0.89
B;0.96;0.915;0.87;0.895;0.98;1.015;1.14;1.145;1.295;1.385;1.315;1.175;1.065;0.965;0.945;0.84;0.725;0.72;0.715;0.755;0.725;0.705;0.695;0.68;0.775;0.705;0.665;0.735;0.77;0.8;0.825
B;0.865;0.89;0.865;0.865;0.89;1.015;1.035;1.235;1.25;1.325;1.285;1.175;1.08;0.985;0.86;0.785;0.74;0.72;0.655;0.745;0.71;0.655;0.685;0.72;0.695;0.73;0.735;0.745;0.765;0.755;0.8
B;0.92;0.825;0.835;0.915;0.98;1.07;1.14;1.175;1.255;1.295;1.24;1.19;1.17;1.015;0.9;0.83;0.835;0.815;0.64;0.72;0.74;0.76;0.645;0.795;0.77;0.755;0.78;0.765;0.77;0.82;0.86
B;1.01;0.995;0.915;0.91;0.99;1.06;1.1;1.22;1.27;1.36;1.35;1.305;1.12;1.005;0.995;0.865;0.78;0.77;0.755;0.795;0.72;0.68;0.7;0.695;0.735;0.87;0.82;0.775;0.8;0.845;0.895
B;0.99;0.845;0.87;0.935;1.01;1.105;1.19;1.35;1.445;1.46;1.335;1.27;1.135;1.07;1.01;0.805;0.86;0.775;0.79;0.77;0.725;0.85;0.76;0.765;0.71;0.8;0.795;0.85;0.865;0.795;0.92
B;0.905;0.83;0.93;0.935;1.055;1.05;1.215;1.3;1.36;1.525;1.405;1.38;1.215;1.045;0.975;0.95;0.785;0.755;0.695;0.72;0.765;0.745;0.73;0.74;0.78;0.76;0.74;0.83;0.83;0.86;0.895
B;0.975;0.965;0.855;0.91;0.94;1.025;1.07;1.265;1.295;1.345;1.37;1.325;1.18;1.08;0.99;0.905;0.825;0.7;0.78;0.775;0.665;0.77;0.705;0.705;0.8;0.78;0.72;0.81;0.8;0.865;0.88
B;0.94;0.905;0.89;0.875;0.905;1.025;1.085;1.275;1.345;1.34;1.33;1.195;1.22;0.96;0.805;0.765;0.82;0.76;0.715;0.765;0.62;0.615;0.745;0.68;0.755;0.715;0.755;0.76;0.745;0.76;0.84
B;0.92;0.97;0.915;1.01;0.97;1.03;1.075;1.28;1.335;1.345;1.22;1.28;1.13;1.025;0.9;0.86;0.82;0.75;0.73;0.795;0.785;0.695;0.685;0.85;0.745;0.795;0.69;0.82;0.825;0.875;0.865
B;0.98;0.885;0.975;0.98;1.045;1.105;1.21;1.285;1.505;1.37;1.395;1.305;1.125;0.955;0.925;0.855;0.78;0.765;0.76;0.73;0.83;0.72;0.74;0.735;0.73;0.71;0.775;0.8;0.84;0.855;0.865
B;0.97;0.835;0.865;0.875;0.96;1.06;1.075;1.24;1.295;1.38;1.27;1.235;1.08;1.015;0.87;0.855;0.79;0.725;0.745;0.695;0.64;0.665;0.69;0.655;0.74;0.69;0.665;0.725;0.73;0.81;0.865
B;0.96;0.855;0.88;0.965;0.875;1.175;1.22;1.31;1.255;1.385;1.295;1.21;1.08;0.985;0.83;0.84;0.785;0.73;0.775;0.77;0.765;0.72;0.68;0.675;0.73;0.76;0.755;0.82;0.81;0.815;0.87
B;1.01;0.915;0.875;0.885;0.95;0.915;1.17;1.26;1.285;1.23;1.305;1.185;1.135;1.055;1.0;0.8;0.765;0.78;0.745;0.745;0.74;0.74;0.665;0.76;0.74;0.715;0.76;0.74;0.76;0.845;0.8
B;1.0;0.865;0.94;0.95;1.015;1.055;1.165;1.255;1.38;1.47;1.29;1.325;1.215;1.01;1.005;0.935;0.87;0.79;0.765;0.705;0.73;0.72;0.775;0.69;0.71;0.71;0.73;0.725;0.825;0.91;0.855
B;0.95;0.8;0.87;0.97;1.03;1.1;1.23;1.33;1.275;1.375;1.385;1.265;1.11;1.015;0.815;0.745;0.685;0.775;0.735;0.67;0.665;0.66;0.68;0.715;0.69;0.675;0.82;0.775;0.7;0.81;0.88
B;0.925;0.93;0.96;1.055;1.03;1.145;1.28;1.365;1.425;1.505;1.385;1.34;1.19;1.085;0.95;0.845;0.78;0.825;0.825;0.81;0.765;0.755;0.73;0.79;0.78;0.705;0.825;0.86;0.755;0.835;0.905
B;0.93;0.88;0.85;0.89;0.99;1.05;1.23;1.24;1.2;1.39;1.36;1.24;1.2;1.04;0.95;0.92;0.83;0.69;0.75;0.75;0.73;0.69;0.82;0.76;0.8;0.76;0.73;0.76;0.8;0.75;1.01
B;1.06;0.9;0.85;0.96;0.92;1.04;1.105;1.205;1.3;1.34;1.415;1.285;1.18;1.13;0.96;0.84;0.82;0.72;0.725;0.765;0.71;0.71;0.71;0.745;0.755;0.735;0.765;0.85;0.755;0.89;0.8
B;0.94;0.85;1.04;0.88;1.14;1.07;1.15;1.44;1.37;1.42;1.42;1.28;1.17;1.0;0.89;0.87;0.84;0.79;0.81;0.77;0.68;0.68;0.85;0.75;0.75;0.75;0.74;0.84;0.72;0.85;0.85
B;0.965;0.88;0.83;1.02;0.99;1.08;1.11;1.28;1.365;1.245;1.28;1.125;1.17;1.025;0.94;0.89;0.775;0.74;0.705;0.735;0.72;0.67;0.725;0.705;0.725;0.815;0.86;0.81;0.77;0.845;0.825
B;0.94;0.825;0.83;0.935;0.895;1.045;1.07;1.21;1.215;1.33;1.285;1.26;1.115;1.005;0.92;0.845;0.805;0.75;0.795;0.765;0.75;0.735;0.665;0.7;0.69;0.76;0.74;0.845;0.895;0.81;0.87
B;0.92;0.915;0.81;0.81;0.96;1.0;1.27;1.38;1.41;1.355;1.335;1.215;1.145;0.96;0.8;0.745;0.785;0.745;0.675;0.665;0.71;0.67;0.67;0.735;0.765;0.705;0.675;0.75;0.755;0.77;0.745
B;0.99;0.88;1.03;0.83;0.89;1.14;1.12;1.16;1.33;1.36;1.35;1.22;1.21;1.07;0.92;0.78;0.79;0.8;0.66;0.7;0.82;0.75;0.75;0.7;0.69;0.63;0.8;0.85;0.7;0.78;0.92
B;0.945;0.91;0.83;0.835;1.02;1.0;1.105;1.25;1.34;1.39;1.3;1.21;1.115;1.02;0.895;0.855;0.76;0.69;0.68;0.665;0.685;0.745;0.725;0.675;0.685;0.635;0.705;0.715;0.69;0.81;0.8
B;0.95;0.78;0.87;0.85;0.91;0.97;1.15;1.33;1.39;1.34;1.28;1.22;1.19;1.01;0.91;0.79;0.84;0.76;0.65;0.7;0.74;0.65;0.67;0.82;0.75;0.64;0.66;0.83;0.77;0.8;0.86
B;0.91;0.75;0.87;0.85;1.04;1.08;1.2;1.29;1.48;1.4;1.29;1.21;1.14;1.05;0.88;0.91;0.74;0.73;0.7;0.76;0.72;0.79;0.76;0.75;0.69;0.65;0.83;0.8;0.81;0.73;0.87
B;0.92;0.88;0.95;0.89;1.04;0.96;1.2;1.26;1.34;1.28;1.34;1.19;1.07;1.01;0.88;0.78;0.77;0.66;0.75;0.75;0.69;0.7;0.68;0.76;0.8;0.75;0.75;0.94;0.79;0.69;0.85
B;0.94;0.96;0.85;1.0;0.98;1.08;1.16;1.32;1.49;1.46;1.57;1.31;1.31;0.97;0.92;0.86;0.84;0.77;0.81;0.71;0.7;0.75;0.65;0.76;0.73;0.82;0.78;0.79;0.73;0.78;0.79
B;0.94;0.88;0.94;0.96;0.93;1.04;1.19;1.35;1.44;1.5;1.58;1.39;1.36;1.0;0.87;0.92;0.8;0.7;0.64;0.73;0.71;0.73;0.7;0.76;0.69;0.7;0.72;0.78;0.85;0.81;0.84
B;1.07;0.97;0.95;0.92;0.98;1.08;1.26;1.35;1.42;1.3;1.44;1.35;1.3;0.97;0.9;0.95;0.79;0.79;0.84;0.78;0.8;0.76;0.75;0.81;0.76;0.7;0.79;0.69;0.74;0.88;0.84
B;0.94;0.9;0.99;0.89;1.05;0.96;1.23;1.36;1.32;1.45;1.41;1.17;1.19;0.96;1.02;0.95;0.85;0.86;0.7;0.71;0.72;0.69;0.8;0.7;0.72;0.78;0.82;0.78;0.79;0.78;0.94
B;0.95;1.0;0.85;0.84;1.0;0.99;1.12;1.09;1.34;1.41;1.34;1.38;1.09;1.03;0.96;0.89;0.89;0.86;0.8;0.77;0.73;0.74;0.73;0.82;0.7;0.76;0.72;0.76;0.84;0.82;0.86
B;1.05;0.96;0.92;0.88;1.13;1.1;1.26;1.34;1.51;1.54;1.35;1.18;1.18;1.1;1.04;0.89;0.88;0.83;0.69;0.85;0.7;0.7;0.7;0.77;0.85;0.71;0.81;0.85;0.81;0.78;0.92
B;0.94;0.77;0.92;1.03;1.03;1.06;1.36;1.43;1.45;1.46;1.52;1.27;1.24;1.08;0.96;0.87;0.73;0.75;0.82;0.79;0.74;0.89;0.67;0.72;0.7;0.78;0.85;0.8;0.93;0.8;0.91
B;0.95;0.95;0.92;0.89;1.11;1.03;1.18;1.22;1.39;1.3;1.33;1.26;1.07;0.95;0.87;0.85;0.69;0.68;0.68;0.72;0.74;0.68;0.75;0.75;0.78;0.73;0.86;0.74;0.76;0.79;0.77
B;0.96;1.0;0.92;0.83;1.06;0.99;1.17;1.28;1.45;1.45;1.21;1.33;1.2;1.04;0.96;0.8;0.88;0.81;0.78;0.69;0.76;0.65;0.7;0.74;0.88;0.81;0.77;0.87;0.94;0.81;0.85
B;0.94;0.87;0.92;0.99;1.01;1.1;1.25;1.35;1.48;1.58;1.4;1.22;1.24;1.05;0.91;0.94;0.83;0.77;0.77;0.71;0.69;0.73;0.7;0.73;0.79;0.74;0.82;0.76;0.87;0.79;0.81
B;0.9;0.77;0.95;0.95;1.1;1.06;1.23;1.24;1.37;1.49;1.32;1.37;1.18;1.11;0.94;0.86;0.9;0.77;0.72;0.73;0.63;0.68;0.68;0.74;0.68;0.75;0.79;0.8;0.93;0.89;0.94
B;0.875;0.905;0.89;0.87;1.045;0.975;1.13;1.265;1.23;1.295;1.34;1.165;1.145;0.96;0.85;0.785;0.695;0.755;0.675;0.65;0.725;0.72;0.68;0.705;0.705;0.65;0.75;0.79;0.78;0.785;0.79
B;1.03;0.98;0.92;0.89;0.95;1.08;1.2;1.35;1.33;1.41;1.3;1.12;1.02;1.05;0.91;0.87;0.82;0.7;0.74;0.7;0.74;0.7;0.8;0.78;0.72;0.77;0.71;0.78;0.74;0.84;0.79
B;0.92;0.96;0.84;1.01;1.0;1.01;1.16;1.16;1.47;1.37;1.42;1.32;1.0;1.0;0.86;0.87;0.81;0.78;0.76;0.73;0.75;0.81;0.78;0.76;0.76;0.69;0.87;0.78;0.8;0.81;0.87
B;0.89;0.95;0.88;0.91;0.89;1.08;1.23;1.39;1.38;1.46;1.33;1.22;1.09;1.02;1.03;0.98;0.83;0.69;0.71;0.74;0.69;0.72;0.76;0.76;0.61;0.72;0.71;0.7;0.76;0.83;0.83
B;0.86;0.83;0.79;0.86;0.92;1.03;1.11;1.18;1.25;1.36;1.27;1.33;1.17;0.98;0.88;0.92;0.76;0.75;0.68;0.8;0.81;0.7;0.69;0.76;0.76;0.68;0.73;0.81;0.88;0.83;0.74
B;0.95;0.92;0.9;0.92;0.99;1.07;1.19;1.23;1.29;1.44;1.38;1.49;1.27;0.96;1.01;0.88;0.84;0.77;0.79;0.62;0.78;0.74;0.76;0.82;0.77;0.77;0.79;0.81;0.8;0.77;0.9
B;0.99;0.9;0.87;0.95;0.89;1.01;1.12;1.3;1.24;1.48;1.34;1.27;1.26;1.06;0.93;0.95;0.81;0.78;0.91;0.75;0.69;0.82;0.83;0.73;0.72;0.91;0.83;0.84;0.88;0.95;0.79
B;0.98;0.85;0.79;0.98;0.95;0.99;1.19;1.31;1.4;1.41;1.32;1.22;1.21;0.93;0.84;0.81;0.83;0.73;0.71;0.68;0.75;0.85;0.74;0.72;0.7;0.68;0.79;0.84;0.76;0.73;0.76
B;0.95;0.94;0.98;0.88;1.09;1.1;1.19;1.26;1.46;1.39;1.42;1.32;1.17;1.01;0.93;0.74;0.82;0.69;0.72;0.76;0.84;0.74;0.77;0.82;0.81;0.77;0.79;0.8;0.99;0.9;0.88
B;1.03;0.95;0.94;0.9;1.01;1.02;1.06;1.28;1.32;1.38;1.33;1.31;1.25;0.97;0.9;0.92;0.75;0.78;0.66;0.75;0.77;0.81;0.7;0.73;0.76;0.69;0.69;0.76;0.8;0.82;0.92
B;1.11;0.87;0.91;0.91;1.01;1.04;1.26;1.28;1.43;1.34;1.41;1.36;1.27;1.11;0.96;0.98;0.8;0.76;0.76;0.79;0.78;0.8;0.74;0.76;0.67;0.73;0.74;0.8;0.78;0.85;0.74
B;0.935;0.99;0.875;0.99;1.02;1.17;1.325;1.46;1.44;1.585;1.415;1.205;1.205;1.045;0.965;0.85;0.73;0.83;0.755;0.72;0.735;0.775;0.725;0.725;0.795;0.795;0.86;0.825;0.86;0.91;0.875
B;0.92;0.89;0.98;0.9;1.04;1.15;1.23;1.31;1.35;1.5;1.4;1.23;1.0;0.91;0.86;0.82;0.7;0.81;0.67;0.69;0.7;0.7;0.78;0.7;0.7;0.77;0.74;0.79;0.75;0.74;0.89
B;0.86;0.84;0.95;0.93;0.98;1.04;1.2;1.24;1.35;1.27;1.23;1.36;1.04;1.09;0.99;0.87;0.85;0.83;0.76;0.66;0.73;0.72;0.68;0.77;0.81;0.7;0.75;0.82;0.87;0.92;0.84
B;0.97;0.82;0.915;0.97;0.985;1.23;1.29;1.37;1.455;1.445;1.45;1.285;1.16;1.12;0.915;0.92;0.84;0.73;0.715;0.775;0.755;0.71;0.71;0.675;0.705;0.735;0.69;0.825;0.775;0.86;0.82
B;0.97;0.98;0.87;0.84;0.93;0.97;1.17;1.28;1.26;1.35;1.4;1.37;1.21;1.05;0.97;0.81;0.83;0.69;0.77;0.75;0.75;0.73;0.76;0.72;0.72;0.65;0.65;0.74;0.83;0.91;0.95
B;0.91;0.84;0.89;0.95;1.07;1.1;1.15;1.1;1.23;1.33;1.26;1.26;1.08;1.02;0.79;0.83;0.73;0.82;0.72;0.76;0.73;0.7;0.7;0.76;0.82;0.78;0.71;0.83;0.8;0.87;0.89
B;0.95;0.905;0.835;0.89;0.9;0.945;1.08;1.08;1.23;1.315;1.19;1.245;1.06;0.995;0.84;0.825;0.74;0.71;0.665;0.7;0.715;0.67;0.685;0.665;0.685;0.65;0.7;0.695;0.73;0.8;0.785
B;1.13;0.92;0.99;0.97;1.1;1.14;1.3;1.35;1.45;1.47;1.48;1.41;1.22;1.1;1.0;0.87;0.89;0.9;0.86;0.76;0.83;0.72;0.79;0.79;0.84;0.79;0.76;0.82;0.84;0.95;0.96
Multivariate_threshold|background1 <= -0.141474;0.9499499597396125;0.8760855514685649;0.8762535312705881;0.8998282919799654;0.9634941068049983;1.033731036844659;1.1395115530471762;1.2332197150007138;1.2976794892977275;1.328782993114312;1.302564181729903;1.218373550814916;1.1195382582347777;0.9995033659558048;0.8972948588194269;0.8244999727554984;0.7722586264451068;0.7384347968162753;0.7191776614934384;0.7161761934727597;0.7112763452131761;0.7086944281109302;0.7094862683217651;0.7187317889478093;0.7245496189037702;0.7276302244308358;0.7407998394377289;0.7663420709699929;0.7820766286456001;0.7916966885759548;0.8222363467716938
Multivariate_threshold|background1 <= -0.035533;0.9581335723995423;0.8876436519004093;0.8904939837251034;0.9162744532501151;0.984885933773007;1.0570705218122405;1.1675539598338587;1.2619765131776732;1.3323306193059905;1.3595466504067648;1.3351765782378138;1.2458008194021657;1.139971095159418;1.0160410526656254;0.9147779990375259;0.8393198974331977;0.7868342643235527;0.750308176612893;0.7326451348964986;0.7277170148949006;0.7224891834955784;0.72189130058921;0.7230262281555734;0.7293708268839675;0.7368025093341418;0.7415734156746583;0.7532043561641197;0.7802632358196839;0.7943851888811786;0.809602462692815;0.8402945730618464
Multivariate_threshold|background1 > 0.066156;0.9659887298898019;0.8987378596730865;0.9041628853961813;0.9320605360298857;1.0054191844070282;1.0794732597936672;1.194470864490634;1.2895791366133673;1.3655910013330028;1.3890755862264934;1.3664800527972538;1.2721272748727914;1.1595838455039842;1.0319149874458335;0.9315594408706532;0.8535450137937401;0.8008248985109199;0.7617050097866781;0.7455720815853252;0.7387946371633345;0.7332519864630684;0.7345585071156547;0.7360227519802071;0.7395828593940794;0.748563621209919;0.7549569869271585;0.7651110087056628;0.7936256647231952;0.8061997362145616;0.8267895757097397;0.8576280194746325
Multivariate_threshold|background1 <= 0.066156;0.9659887298898019;0.8987378596730865;0.9041628853961813;0.9320605360298857;1.0054191844070282;1.0794732597936672;1.194470864490634;1.2895791366133673;1.3655910013330028;1.3890755862264934;1.3664800527972538;1.2721272748727914;1.1595838455039842;1.0319149874458335;0.9315594408706532;0.8535450137937401;0.8008248985109199;0.7617050097866781;0.7455720815853252;0.7387946371633345;0.7332519864630684;0.7345585071156547;0.7360227519802071;0.7395828593940794;0.748563621209919;0.7549569869271585;0.7651110087056628;0.7936256647231952;0.8061997362145616;0.8267895757097397;0.8576280194746325
Multivariate_threshold|background1 > -0.035533;0.9581335723995423;0.8876436519004093;0.8904939837251034;0.9162744532501151;0.984885933773007;1.0570705218122405;1.1675539598338587;1.2619765131776732;1.3323306193059905;1.3595466504067648;1.3351765782378138;1.2458008194021657;1.139971095159418;1.0160410526656254;0.9147779990375259;0.8393198974331977;0.7868342643235527;0.750308176612893;0.7326451348964986;0.7277170148949006;0.7224891834955784;0.72189130058921;0.7230262281555734;0.7293708268839675;0.7368025093341418;0.7415734156746583;0.7532043561641197;0.7802632358196839;0.7943851888811786;0.809602462692815;0.8402945730618464
Multivariate_threshold|background1 <= 0.149517;0.9724281005188142;0.9078324851815023;0.9153681507343672;0.945001388956802;1.0222515918049475;1.0978382044998607;1.216536357828698;1.3122067571105882;1.3928566452618552;1.4132823271173456;1.3921414956027036;1.2937087395771927;1.1756616604528962;1.044927858227518;0.9453162527215572;0.8652062435781137;0.8122939083912565;0.7710477165234976;0.7561691193829834;0.7478756664823647;0.7420749384408794;0.7449426194341116;0.7466768265674297;0.7479543099079203;0.7582049502948316;0.7659283488306606;0.7748716467019017;0.8045796949027599;0.8158848697319991;0.8408789419504467;0.8718373444777863
Multivariate_threshold|background1 > -0.141474;0.9499499597396125;0.8760855514685649;0.8762535312705881;0.8998282919799654;0.9634941068049983;1.033731036844659;1.1395115530471762;1.2332197150007138;1.2976794892977275;1.328782993114312;1.302564181729903;1.218373550814916;1.1195382582347777;0.9995033659558048;0.8972948588194269;0.8244999727554984;0.7722586264451068;0.7384347968162753;0.7191776614934384;0.7161761934727597;0.7112763452131761;0.7086944281109302;0.7094862683217651;0.7187317889478093;0.7245496189037702;0.7276302244308358;0.7407998394377289;0.7663420709699929;0.7820766286456001;0.7916966885759548;0.8222363467716938
