Class;5.09;5.11;5.13;5.15;5.17;5.19;5.21;5.23;5.25;5.27;5.29;5.31;5.33;5.35;5.37;5.39;5.41;5.43;5.45;5.47;5.49;5.51;5.53;5.55;5.57;5.59;5.61;5.63;5.65;5.67;5.69;5.71
A;0.054389538;0.052375111;0.040288547;0.052375111;0.040288547;0.046331829;0.038274119;0.052375111;0.038274119;0.042302974;0.050360683;0.028201983;0.038274119;0.046331829;0.046331829;0.040288547;0.03021641;0.042302974;0.054389538;0.042302974;0.026187555;0.028201983;0.034245265;0.048346256;0.034245265;0.054389538;0.03021641;0.042302974;0.024173128;0.034245265;0.042302974;0.024173128
A;0.066852232;0.032413204;0.05064563;0.038490679;0.05064563;0.056723106;0.038490679;0.038490679;0.038490679;0.034439029;0.048619805;0.044568155;0.04254233;0.044568155;0.04659398;0.054697281;0.036464854;0.044568155;0.032413204;0.030387378;0.034439029;0.040516504;0.032413204;0.040516504;0.034439029;0.032413204;0.044568155;0.038490679;0.040516504;0.034439029;0.030387378;0.032413204
A;0.054878718;0.041159039;0.043118993;0.043118993;0.029399313;0.027439359;0.035279176;0.041159039;0.035279176;0.047038901;0.033319222;0.027439359;0.047038901;0.03723913;0.035279176;0.043118993;0.019599542;0.035279176;0.031359267;0.029399313;0.03723913;0.031359267;0.03723913;0.033319222;0.029399313;0.025479405;0.027439359;0.029399313;0.031359267;0.033319222;0.035279176;0.039199084
A;0.048393341;0.036295006;0.036295006;0.036295006;0.042344173;0.046376952;0.05040973;0.052426119;0.044360563;0.030245838;0.046376952;0.044360563;0.040327784;0.038311395;0.032262227;0.040327784;0.054442509;0.052426119;0.032262227;0.032262227;0.040327784;0.048393341;0.040327784;0.032262227;0.038311395;0.036295006;0.05040973;0.038311395;0.030245838;0.040327784;0.054442509;0.018147503
A;0.060216297;0.026093729;0.052187457;0.042151408;0.052187457;0.050180247;0.040144198;0.028100939;0.042151408;0.022079309;0.042151408;0.058209087;0.030108148;0.052187457;0.054194667;0.030108148;0.040144198;0.036129778;0.060216297;0.032115358;0.048173038;0.034122568;0.024086519;0.034122568;0.038136988;0.044158618;0.052187457;0.038136988;0.042151408;0.044158618;0.036129778;0.040144198
A;0.046263331;0.052297678;0.034194636;0.062354924;0.044251882;0.034194636;0.050286229;0.044251882;0.038217534;0.028160288;0.040228983;0.056320577;0.034194636;0.056320577;0.04827478;0.038217534;0.034194636;0.036206085;0.034194636;0.046263331;0.038217534;0.040228983;0.02413739;0.034194636;0.046263331;0.036206085;0.044251882;0.042240433;0.022125941;0.038217534;0.022125941;0.020114492
A;0.056420673;0.036270432;0.032240384;0.052390624;0.042315504;0.044330528;0.052390624;0.038285456;0.046345552;0.052390624;0.042315504;0.032240384;0.052390624;0.048360576;0.054405649;0.052390624;0.048360576;0.036270432;0.034255408;0.032240384;0.03022536;0.034255408;0.052390624;0.044330528;0.028210336;0.04030048;0.034255408;0.036270432;0.034255408;0.032240384;0.0503756;0.052390624
A;0.038069591;0.042076917;0.034062266;0.054098893;0.044080579;0.048087905;0.03005494;0.048087905;0.044080579;0.042076917;0.056102555;0.046084242;0.056102555;0.034062266;0.050091567;0.036065929;0.05209523;0.036065929;0.036065929;0.044080579;0.038069591;0.050091567;0.036065929;0.048087905;0.044080579;0.034062266;0.042076917;0.034062266;0.036065929;0.042076917;0.046084242;0.05209523
A;0.048970637;0.029382382;0.048970637;0.029382382;0.043094161;0.047011812;0.043094161;0.041135335;0.025464731;0.037217684;0.043094161;0.045052986;0.041135335;0.029382382;0.031341208;0.062682416;0.031341208;0.043094161;0.047011812;0.033300033;0.035258859;0.031341208;0.033300033;0.027423557;0.02154708;0.025464731;0.043094161;0.037217684;0.027423557;0.03917651;0.035258859;0.025464731
A;0.051996776;0.025998388;0.037997644;0.02999814;0.047997024;0.0499969;0.043997272;0.047997024;0.02999814;0.03999752;0.045997148;0.043997272;0.043997272;0.045997148;0.055996528;0.037997644;0.055996528;0.031998016;0.041997396;0.0499969;0.041997396;0.033997892;0.041997396;0.033997892;0.035997768;0.041997396;0.01999876;0.025998388;0.027998264;0.047997024;0.027998264;0.037997644
A;0.040215394;0.042226163;0.050269242;0.050269242;0.048258472;0.048258472;0.044236933;0.046247703;0.038204624;0.052280012;0.052280012;0.026140006;0.042226163;0.046247703;0.052280012;0.056301551;0.036193854;0.040215394;0.056301551;0.036193854;0.046247703;0.040215394;0.022118467;0.042226163;0.034183085;0.040215394;0.052280012;0.038204624;0.034183085;0.028150776;0.030161545;0.024129236
A;0.040034493;0.054046565;0.064055189;0.05604829;0.040034493;0.036031044;0.046039667;0.038032768;0.040034493;0.042036218;0.036031044;0.040034493;0.032027594;0.042036218;0.03002587;0.036031044;0.034029319;0.044037942;0.034029319;0.060051739;0.02602242;0.044037942;0.052044841;0.050043116;0.040034493;0.040034493;0.048041392;0.028024145;0.038032768;0.028024145;0.034029319;0.036031044
A;0.042269;0.048307428;0.044281809;0.04025619;0.048307428;0.054345857;0.026166524;0.04025619;0.066422714;0.048307428;0.058371476;0.04025619;0.054345857;0.022140905;0.024153714;0.028179333;0.042269;0.036230571;0.048307428;0.036230571;0.034217762;0.052333048;0.032204952;0.042269;0.030192143;0.030192143;0.036230571;0.04025619;0.024153714;0.030192143;0.028179333;0.050320238
A;0.049062297;0.055195084;0.044973772;0.069504921;0.051106559;0.055195084;0.055195084;0.04292951;0.038840985;0.036796723;0.053150822;0.036796723;0.04292951;0.069504921;0.065416396;0.059283609;0.04292951;0.047018034;0.047018034;0.055195084;0.022486886;0.038840985;0.032708198;0.038840985;0.051106559;0.053150822;0.044973772;0.036796723;0.024531148;0.032708198;0.04292951;0.040885247
A;0.03399645;0.037996032;0.04999478;0.055994153;0.043995406;0.039995824;0.041995615;0.051994571;0.043995406;0.059993735;0.057993944;0.041995615;0.035996241;0.025997285;0.039995824;0.04999478;0.047994988;0.041995615;0.037996032;0.045995197;0.031996659;0.027997077;0.025997285;0.043995406;0.017998121;0.057993944;0.041995615;0.031996659;0.03399645;0.045995197;0.017998121;0.021997703
A;0.034249611;0.050367075;0.042308343;0.032234928;0.056411124;0.054396441;0.04029366;0.046337709;0.046337709;0.04029366;0.036264294;0.050367075;0.050367075;0.048352392;0.052381758;0.036264294;0.050367075;0.042308343;0.042308343;0.036264294;0.050367075;0.024176196;0.030220245;0.048352392;0.022161513;0.04029366;0.046337709;0.06044049;0.036264294;0.026190879;0.04029366;0.036264294
A;0.030427506;0.062883513;0.044627009;0.040570009;0.054769512;0.050712511;0.024342005;0.024342005;0.040570009;0.056798012;0.04665551;0.050712511;0.04665551;0.028399006;0.038541508;0.042598509;0.038541508;0.040570009;0.032456007;0.036513008;0.032456007;0.034484507;0.034484507;0.030427506;0.026370506;0.042598509;0.040570009;0.026370506;0.038541508;0.024342005;0.044627009;0.056798012
A;0.046530635;0.056645991;0.052599849;0.03641528;0.048553706;0.046530635;0.050576778;0.064738275;0.034392209;0.040461422;0.048553706;0.052599849;0.056645991;0.032369138;0.048553706;0.05462292;0.040461422;0.022253782;0.05462292;0.044507564;0.046530635;0.052599849;0.046530635;0.03641528;0.03641528;0.058669062;0.034392209;0.034392209;0.048553706;0.01820764;0.030346067;0.022253782
A;0.059434146;0.047137426;0.040989066;0.053285786;0.049186879;0.034840706;0.071730866;0.053285786;0.051236333;0.0307418;0.049186879;0.043038519;0.053285786;0.040989066;0.038939613;0.026642893;0.040989066;0.040989066;0.043038519;0.03689016;0.032791253;0.022543986;0.026642893;0.040989066;0.047137426;0.034840706;0.038939613;0.040989066;0.01229672;0.026642893;0.032791253;0.034840706
A;0.048083838;0.052090825;0.058101304;0.038066372;0.054094318;0.060104798;0.044076852;0.044076852;0.042073358;0.042073358;0.038066372;0.038066372;0.046080345;0.048083838;0.046080345;0.040069865;0.044076852;0.040069865;0.028048906;0.030052399;0.048083838;0.030052399;0.016027946;0.032055892;0.034059385;0.036062879;0.040069865;0.024041919;0.036062879;0.042073358;0.032055892;0.038066372
A;0.037354441;0.047184556;0.033422394;0.039320464;0.041286487;0.037354441;0.029490348;0.039320464;0.031456371;0.031456371;0.055048649;0.031456371;0.033422394;0.019660232;0.039320464;0.019660232;0.025558301;0.051116603;0.033422394;0.045218533;0.039320464;0.039320464;0.023592278;0.047184556;0.023592278;0.025558301;0.023592278;0.037354441;0.015728185;0.031456371;0.031456371;0.041286487
A;0.05444712;0.03831464;0.03428152;0.04436432;0.04234776;0.050414;0.0302484;0.05243056;0.04638088;0.05444712;0.05848024;0.04436432;0.050414;0.05243056;0.03428152;0.07259616;0.0403312;0.0403312;0.0403312;0.0403312;0.02823184;0.03226496;0.03831464;0.05243056;0.03226496;0.03428152;0.0302484;0.03831464;0.03226496;0.04234776;0.0302484;0.04839744
A;0.055252011;0.069576606;0.055252011;0.045020157;0.047066528;0.045020157;0.045020157;0.057298381;0.040927415;0.061391123;0.057298381;0.047066528;0.042973786;0.040927415;0.045020157;0.05320564;0.049112898;0.02660282;0.051159269;0.038881044;0.034788303;0.038881044;0.034788303;0.036834674;0.036834674;0.034788303;0.024556449;0.036834674;0.028649191;0.034788303;0.045020157;0.030695561
A;0.061107513;0.052959844;0.050922927;0.030553756;0.054996761;0.054996761;0.052959844;0.04888601;0.040738342;0.044812176;0.040738342;0.038701425;0.050922927;0.030553756;0.067218264;0.038701425;0.054996761;0.03462759;0.050922927;0.052959844;0.052959844;0.036664508;0.04888601;0.030553756;0.059070595;0.054996761;0.020369171;0.028516839;0.028516839;0.040738342;0.054996761;0.040738342
A;0.070783401;0.042470041;0.046514806;0.042470041;0.034380509;0.036402892;0.068761018;0.034380509;0.048537189;0.044492423;0.050559572;0.046514806;0.056626721;0.032358126;0.042470041;0.044492423;0.034380509;0.066738635;0.038425275;0.032358126;0.036402892;0.062693869;0.034380509;0.030335743;0.034380509;0.048537189;0.038425275;0.040447658;0.042470041;0.02831336;0.032358126;0.020223829
A;0.053599517;0.026799758;0.039168878;0.051537997;0.053599517;0.057722557;0.043291917;0.041230398;0.045353437;0.043291917;0.030922798;0.055661037;0.055661037;0.053599517;0.055661037;0.041230398;0.049476477;0.057722557;0.041230398;0.039168878;0.032984318;0.053599517;0.047414957;0.049476477;0.037107358;0.045353437;0.030922798;0.039168878;0.053599517;0.063907116;0.037107358;0.026799758
A;0.048461059;0.044422637;0.048461059;0.056537902;0.05249948;0.044422637;0.042403426;0.050480269;0.042403426;0.034326583;0.054518691;0.05249948;0.046441848;0.030288162;0.040384215;0.032307372;0.030288162;0.054518691;0.058557112;0.042403426;0.036345794;0.036345794;0.032307372;0.032307372;0.038365005;0.030288162;0.032307372;0.022211318;0.046441848;0.042403426;0.032307372;0.032307372
A;0.045540734;0.066241068;0.051750834;0.033120534;0.076591235;0.051750834;0.057960934;0.049680801;0.051750834;0.057960934;0.066241068;0.076591235;0.068311101;0.060030968;0.064171034;0.041400667;0.051750834;0.049680801;0.049680801;0.043470701;0.041400667;0.084871368;0.033120534;0.031050501;0.028980467;0.060030968;0.043470701;0.041400667;0.047610767;0.047610767;0.033120534;0.026910434
A;0.065792044;0.057568038;0.051400034;0.047288031;0.049344033;0.049344033;0.061680041;0.03084002;0.043176029;0.057568038;0.057568038;0.053456035;0.051400034;0.041120027;0.053456035;0.055512037;0.053456035;0.063736042;0.053456035;0.061680041;0.039064026;0.041120027;0.028784019;0.069904046;0.039064026;0.039064026;0.034952023;0.043176029;0.047288031;0.03084002;0.041120027;0.04523203
A;0.048340121;0.044311778;0.050354293;0.052368465;0.056396808;0.046325949;0.046325949;0.042297606;0.038269263;0.032226747;0.038269263;0.054382636;0.038269263;0.030212576;0.040283434;0.046325949;0.036255091;0.046325949;0.030212576;0.016113374;0.042297606;0.034240919;0.026184232;0.050354293;0.034240919;0.040283434;0.040283434;0.026184232;0.034240919;0.028198404;0.022155889;0.040283434
A;0.031343786;0.025466827;0.039179733;0.045056693;0.037220746;0.060728586;0.04113872;0.0293848;0.039179733;0.039179733;0.045056693;0.050933653;0.033302773;0.03526176;0.027425813;0.02350784;0.045056693;0.027425813;0.037220746;0.04701568;0.043097706;0.03526176;0.033302773;0.027425813;0.0293848;0.03526176;0.025466827;0.027425813;0.021548853;0.025466827;0.031343786;0.04113872
A;0.04481601;0.063149832;0.052964375;0.042778919;0.038704736;0.057038558;0.04481601;0.061112741;0.046853101;0.046853101;0.057038558;0.048890193;0.042778919;0.036667644;0.042778919;0.042778919;0.040741827;0.063149832;0.040741827;0.048890193;0.028519279;0.032593462;0.042778919;0.012222548;0.050927284;0.032593462;0.028519279;0.036667644;0.032593462;0.04481601;0.034630553;0.038704736
A;0.039720605;0.051636787;0.047664726;0.045678696;0.055608847;0.039720605;0.045678696;0.051636787;0.037734575;0.031776484;0.047664726;0.027804424;0.043692666;0.031776484;0.023832363;0.039720605;0.031776484;0.037734575;0.037734575;0.039720605;0.035748545;0.027804424;0.043692666;0.035748545;0.031776484;0.027804424;0.031776484;0.039720605;0.017874272;0.043692666;0.027804424;0.027804424
A;0.056764159;0.044600411;0.062846033;0.026354788;0.060818742;0.042573119;0.064873325;0.048654994;0.040545828;0.034463954;0.042573119;0.046627702;0.054736868;0.07298249;0.060818742;0.042573119;0.050682285;0.036491245;0.034463954;0.038518537;0.042573119;0.038518537;0.032436662;0.032436662;0.044600411;0.030409371;0.030409371;0.032436662;0.034463954;0.030409371;0.030409371;0.030409371
A;0.066501245;0.054032261;0.049875934;0.049875934;0.056110425;0.045719606;0.058188589;0.045719606;0.033250622;0.045719606;0.049875934;0.041563278;0.056110425;0.060266753;0.054032261;0.056110425;0.054032261;0.03740695;0.043641442;0.035328786;0.039485114;0.045719606;0.041563278;0.035328786;0.04779777;0.035328786;0.060266753;0.03740695;0.04779777;0.03740695;0.033250622;0.045719606
A;0.030966703;0.032902122;0.038708379;0.029031284;0.03677296;0.032902122;0.038708379;0.01741877;0.040643798;0.025160446;0.029031284;0.042579217;0.03677296;0.030966703;0.025160446;0.03677296;0.027095865;0.034837541;0.034837541;0.029031284;0.044514636;0.029031284;0.023225027;0.032902122;0.019354189;0.013547933;0.023225027;0.029031284;0.023225027;0.029031284;0.032902122;0.023225027
B;0.06707767;0.052849073;0.056914387;0.038620477;0.046751103;0.050816417;0.040653133;0.050816417;0.04878376;0.050816417;0.040653133;0.04268579;0.04268579;0.032522507;0.050816417;0.038620477;0.058947043;0.026424537;0.034555163;0.044718447;0.0609797;0.03048985;0.040653133;0.03048985;0.044718447;0.04268579;0.04268579;0.034555163;0.02439188;0.050816417;0.038620477;0.02439188
B;0.060808387;0.044592817;0.01621557;0.03243114;0.050673656;0.046619763;0.056754494;0.036485032;0.034458086;0.036485032;0.028377247;0.034458086;0.050673656;0.030404193;0.048646709;0.044592817;0.052700602;0.048646709;0.038511978;0.034458086;0.03243114;0.038511978;0.038511978;0.028377247;0.028377247;0.028377247;0.036485032;0.048646709;0.042565871;0.038511978;0.040538924;0.03243114
B;0.057707998;0.057707998;0.037808688;0.029848964;0.027859033;0.053728136;0.033828826;0.037808688;0.019899309;0.04178855;0.033828826;0.039798619;0.031838895;0.043778481;0.04178855;0.037808688;0.031838895;0.045768412;0.04178855;0.037808688;0.033828826;0.027859033;0.027859033;0.023879171;0.025869102;0.029848964;0.013929517;0.033828826;0.029848964;0.039798619;0.031838895;0.031838895
B;0.039636297;0.031709038;0.047563557;0.049545372;0.037654482;0.027745408;0.051527187;0.049545372;0.057472631;0.037654482;0.039636297;0.043599927;0.045581742;0.049545372;0.039636297;0.033690853;0.055490816;0.041618112;0.035672668;0.037654482;0.037654482;0.015854519;0.037654482;0.039636297;0.041618112;0.041618112;0.021799964;0.027745408;0.039636297;0.015854519;0.033690853;0.033690853
B;0.050671499;0.046617779;0.044590919;0.058778938;0.066886378;0.052698359;0.044590919;0.048644639;0.052698359;0.036483479;0.042564059;0.054725219;0.052698359;0.034456619;0.048644639;0.056752079;0.020268599;0.036483479;0.036483479;0.042564059;0.028376039;0.038510339;0.034456619;0.032429759;0.038510339;0.028376039;0.036483479;0.044590919;0.024322319;0.024322319;0.020268599;0.030402899
B;0.026124562;0.044210797;0.058277869;0.044210797;0.038182052;0.030143725;0.032153307;0.04822996;0.052249124;0.054258706;0.020095817;0.038182052;0.040191634;0.03617247;0.040191634;0.028134144;0.030143725;0.03617247;0.028134144;0.03617247;0.040191634;0.030143725;0.02411498;0.03617247;0.03617247;0.042201215;0.034162889;0.042201215;0.034162889;0.040191634;0.032153307;0.046220379
B;0.048025261;0.052027366;0.038019999;0.056029472;0.040021051;0.052027366;0.052027366;0.044023156;0.030015788;0.020010526;0.046024209;0.052027366;0.032016841;0.040021051;0.060031577;0.036018946;0.046024209;0.044023156;0.046024209;0.042022104;0.046024209;0.032016841;0.034017893;0.038019999;0.034017893;0.032016841;0.030015788;0.032016841;0.044023156;0.036018946;0.032016841;0.040021051
B;0.0561356;0.050121071;0.040096857;0.034082329;0.036087171;0.0280678;0.046111386;0.038092014;0.044106543;0.0421017;0.030072643;0.050121071;0.032077486;0.0280678;0.040096857;0.034082329;0.048116229;0.030072643;0.050121071;0.0280678;0.048116229;0.052125914;0.046111386;0.052125914;0.046111386;0.024058114;0.038092014;0.036087171;0.034082329;0.038092014;0.038092014;0.036087171
B;0.058381347;0.052341897;0.056368197;0.040262998;0.050328747;0.044289298;0.032210398;0.044289298;0.048315597;0.030197248;0.056368197;0.024157799;0.034223548;0.046302448;0.054355047;0.044289298;0.042276148;0.044289298;0.054355047;0.024157799;0.042276148;0.048315597;0.042276148;0.024157799;0.022144649;0.036236698;0.026170949;0.034223548;0.038249848;0.040262998;0.030197248;0.028184099
B;0.058796457;0.042576745;0.050686601;0.056768993;0.052714065;0.046631673;0.062851385;0.048659137;0.044604209;0.054741529;0.042576745;0.052714065;0.046631673;0.034466888;0.042576745;0.032439424;0.034466888;0.050686601;0.062851385;0.038521817;0.036494352;0.03041196;0.046631673;0.03041196;0.050686601;0.03041196;0.034466888;0.036494352;0.036494352;0.046631673;0.03041196;0.038521817
B;0.052443885;0.052443885;0.042358523;0.036307305;0.050426813;0.052443885;0.042358523;0.04034145;0.04840974;0.04840974;0.058495103;0.044375595;0.04840974;0.02420487;0.030256088;0.044375595;0.04840974;0.026221943;0.038324378;0.050426813;0.050426813;0.036307305;0.036307305;0.042358523;0.034290233;0.046392668;0.03227316;0.020170725;0.038324378;0.038324378;0.038324378;0.04840974
B;0.040894025;0.04907283;0.055206934;0.047028129;0.051117531;0.061341038;0.047028129;0.042938726;0.036804623;0.059296337;0.038849324;0.042938726;0.034759921;0.040894025;0.036804623;0.04907283;0.030670519;0.040894025;0.04907283;0.03271522;0.055206934;0.03271522;0.034759921;0.042938726;0.057251635;0.04907283;0.03271522;0.022491714;0.026581116;0.036804623;0.044983428;0.044983428
B;0.042252926;0.036216794;0.036216794;0.040240882;0.032192706;0.028168617;0.042252926;0.056337235;0.040240882;0.040240882;0.038228838;0.052313146;0.022132485;0.036216794;0.046277014;0.032192706;0.03420475;0.048289058;0.03420475;0.040240882;0.056337235;0.03420475;0.038228838;0.03420475;0.026156573;0.032192706;0.030180661;0.030180661;0.036216794;0.028168617;0.04426497;0.030180661
B;0.04626724;0.04626724;0.060348573;0.036209144;0.052302097;0.056325335;0.042244001;0.028162668;0.04626724;0.06839505;0.056325335;0.02212781;0.048278859;0.042244001;0.034197525;0.04425562;0.034197525;0.038220763;0.052302097;0.042244001;0.04626724;0.020116191;0.032185906;0.036209144;0.040232382;0.038220763;0.038220763;0.026151048;0.032185906;0.034197525;0.030174287;0.036209144
B;0.045816277;0.041832253;0.047808289;0.043824265;0.053784325;0.051792313;0.047808289;0.049800301;0.043824265;0.039840241;0.027888168;0.041832253;0.045816277;0.055776337;0.01992012;0.037848229;0.037848229;0.045816277;0.041832253;0.035856217;0.035856217;0.025896156;0.045816277;0.025896156;0.039840241;0.02988018;0.031872193;0.025896156;0.047808289;0.035856217;0.023904144;0.027888168
B;0.050697393;0.044613706;0.064892663;0.040557915;0.046641602;0.054753185;0.030418436;0.032446332;0.030418436;0.048669498;0.048669498;0.030418436;0.038530019;0.034474227;0.044613706;0.040557915;0.032446332;0.040557915;0.046641602;0.050697393;0.048669498;0.036502123;0.050697393;0.044613706;0.026362645;0.04258581;0.032446332;0.032446332;0.024334749;0.036502123;0.02839054;0.036502123
B;0.058477763;0.040329492;0.046378916;0.050411865;0.036296543;0.028230644;0.060494238;0.054444814;0.044362441;0.040329492;0.042345967;0.046378916;0.044362441;0.032263594;0.032263594;0.024197695;0.040329492;0.034280068;0.038313017;0.034280068;0.042345967;0.028230644;0.042345967;0.036296543;0.028230644;0.044362441;0.030247119;0.032263594;0.038313017;0.034280068;0.034280068;0.042345967
B;0.048721369;0.066991882;0.044661255;0.046691312;0.042631198;0.038571083;0.034510969;0.050751426;0.048721369;0.028420798;0.042631198;0.050751426;0.036541026;0.058871654;0.048721369;0.038571083;0.04060114;0.058871654;0.050751426;0.036541026;0.046691312;0.034510969;0.042631198;0.042631198;0.052781483;0.044661255;0.02030057;0.052781483;0.034510969;0.034510969;0.026390741;0.028420798
B;0.046374988;0.040326077;0.030244557;0.040326077;0.04234238;0.04234238;0.04234238;0.032260861;0.036293469;0.048391292;0.048391292;0.024195646;0.04234238;0.06855433;0.062505419;0.044358684;0.054440203;0.0524239;0.036293469;0.034277165;0.028228254;0.044358684;0.028228254;0.034277165;0.036293469;0.04234238;0.050407596;0.022179342;0.02621195;0.044358684;0.024195646;0.058472811
B;0.043125755;0.036964933;0.080090687;0.053393792;0.03901854;0.043125755;0.06982265;0.047232969;0.03901854;0.063661828;0.051340184;0.043125755;0.051340184;0.043125755;0.032857718;0.045179362;0.041072147;0.047232969;0.036964933;0.041072147;0.045179362;0.053393792;0.043125755;0.043125755;0.047232969;0.028750503;0.053393792;0.020536074;0.041072147;0.053393792;0.049286577;0.036964933
B;0.041978004;0.033982193;0.029984288;0.075960197;0.039979051;0.037980098;0.043976956;0.041978004;0.047974861;0.049973814;0.053971719;0.039979051;0.059968576;0.033982193;0.037980098;0.023987431;0.041978004;0.037980098;0.027985336;0.031983241;0.029984288;0.023987431;0.045975909;0.031983241;0.055970671;0.027985336;0.029984288;0.035981146;0.027985336;0.027985336;0.043976956;0.025986383
B;0.04199916;0.05399892;0.04799904;0.03399932;0.0399992;0.04199916;0.0299994;0.04799904;0.0399992;0.04199916;0.0399992;0.0599988;0.0299994;0.0399992;0.02399952;0.03399932;0.03799924;0.05399892;0.049999;0.03199936;0.0399992;0.03199936;0.0399992;0.03199936;0.03599928;0.03799924;0.02599948;0.03199936;0.03199936;0.0299994;0.03399932;0.02399952
B;0.054671696;0.064796085;0.032398042;0.03442292;0.060746329;0.046572186;0.046572186;0.046572186;0.050621941;0.044547308;0.058721452;0.046572186;0.03442292;0.040497553;0.046572186;0.036447798;0.060746329;0.032398042;0.070870718;0.040497553;0.044547308;0.03442292;0.044547308;0.032398042;0.014174144;0.032398042;0.020248776;0.046572186;0.052646819;0.040497553;0.054671696;0.036447798
B;0.042130098;0.034105317;0.044136293;0.034105317;0.038117707;0.064198244;0.046142488;0.030092927;0.038117707;0.048148683;0.046142488;0.034105317;0.040123903;0.046142488;0.034105317;0.032099122;0.026080537;0.050154878;0.046142488;0.038117707;0.032099122;0.050154878;0.042130098;0.034105317;0.028086732;0.026080537;0.034105317;0.022068146;0.024074342;0.050154878;0.032099122;0.036111512
B;0.034634998;0.052971173;0.057045879;0.040747057;0.067232643;0.050933821;0.042784409;0.040747057;0.036672351;0.038709704;0.044821762;0.055008526;0.044821762;0.038709704;0.042784409;0.052971173;0.02852294;0.030560292;0.059083232;0.036672351;0.038709704;0.024448234;0.046859115;0.038709704;0.046859115;0.024448234;0.036672351;0.026485587;0.032597645;0.055008526;0.048896468;0.042784409
B;0.04426497;0.036216794;0.046277014;0.040240882;0.040240882;0.032192706;0.046277014;0.042252926;0.050301102;0.042252926;0.046277014;0.046277014;0.032192706;0.050301102;0.036216794;0.058349279;0.048289058;0.058349279;0.038228838;0.04426497;0.042252926;0.052313146;0.046277014;0.042252926;0.036216794;0.030180661;0.032192706;0.026156573;0.032192706;0.04426497;0.056337235;0.032192706
B;0.053377934;0.035585289;0.03756225;0.051400973;0.029654408;0.033608329;0.03953921;0.019769605;0.033608329;0.033608329;0.035585289;0.041516171;0.053377934;0.035585289;0.027677447;0.027677447;0.047447052;0.03953921;0.031631368;0.03756225;0.033608329;0.03756225;0.021746566;0.027677447;0.031631368;0.049424013;0.031631368;0.021746566;0.033608329;0.027677447;0.043493131;0.023723526
B;0.061896509;0.063959726;0.043327556;0.043327556;0.053643641;0.057770075;0.045390773;0.053643641;0.04745399;0.041264339;0.035074688;0.059833292;0.030948255;0.030948255;0.053643641;0.045390773;0.037137905;0.051580424;0.053643641;0.051580424;0.051580424;0.028885038;0.022695387;0.06808616;0.053643641;0.04745399;0.057770075;0.043327556;0.035074688;0.051580424;0.035074688;0.039201122
Multivariate_threshold|background1 > 0.001759;0.04934711471296908;0.046442729091494814;0.04628888143926805;0.04419521641809145;0.04716589513860847;0.046206416402836396;0.045585430689041216;0.043854266088179585;0.04205693936672519;0.04308396037425301;0.04562452451621111;0.0443480138367549;0.04399766797055339;0.04143314179968578;0.04384269822019569;0.0418149209450404;0.04161316834237962;0.04247913109770648;0.04306726686064798;0.039574754904102616;0.039632619909404705;0.03765324391292201;0.036320838282966623;0.037904782481844944;0.036856980238791553;0.03793832476757894;0.03571853922102199;0.034392538688214215;0.03410061521366283;0.03717588191162493;0.03581937092714977;0.03531801020060388
Multivariate_threshold|background1 > 0.012347;0.05153700068047518;0.048701283015921575;0.04760944803789502;0.04457713877003544;0.04999015439910065;0.04795344383331409;0.04804763980222406;0.045451843902184166;0.04280561704427508;0.04457191279380723;0.04750660194303042;0.04608640381858677;0.045912179285333046;0.0439924265216848;0.0476332331472101;0.04420551130659633;0.04395056956563533;0.04329120033753669;0.04506063600113445;0.04091775237582982;0.03992000253457281;0.0401777054998161;0.037048297353206056;0.03900810153232685;0.03886389321648891;0.04027530534746373;0.03759156223609824;0.0354325948578751;0.03613975807957699;0.03859038110414688;0.036556747496728846;0.03570694292673253
Multivariate_threshold|background1 > -0.016658;0.04553805201394094;0.04251422613064208;0.04399190294493079;0.04353090503096855;0.042253410762183724;0.043167656796924185;0.04130269221343345;0.04107545744224364;0.04075469794526985;0.04049583289028764;0.04235086048550156;0.04132427811059703;0.04066758880469648;0.03698155111623989;0.03724948495973688;0.0376567553099462;0.037547519288376414;0.041066627115141564;0.03960002329130921;0.03723876040468541;0.039132749845794394;0.03326222419388231;0.03505550426528975;0.03598568189730454;0.033366178673334614;0.03387340737586207;0.03246062433092702;0.032583476837719345;0.030553753347887926;0.03471551813379011;0.03453678652412735;0.034641505048504516
Multivariate_threshold|background1 <= 0.012347;0.05153700068047518;0.048701283015921575;0.04760944803789502;0.04457713877003544;0.04999015439910065;0.04795344383331409;0.04804763980222406;0.045451843902184166;0.04280561704427508;0.04457191279380723;0.04750660194303042;0.04608640381858677;0.045912179285333046;0.0439924265216848;0.0476332331472101;0.04420551130659633;0.04395056956563533;0.04329120033753669;0.04506063600113445;0.04091775237582982;0.03992000253457281;0.0401777054998161;0.037048297353206056;0.03900810153232685;0.03886389321648891;0.04027530534746373;0.03759156223609824;0.0354325948578751;0.03613975807957699;0.03859038110414688;0.036556747496728846;0.03570694292673253
Multivariate_threshold|background1 <= -0.016658;0.04553805201394094;0.04251422613064208;0.04399190294493079;0.04353090503096855;0.042253410762183724;0.043167656796924185;0.04130269221343345;0.04107545744224364;0.04075469794526985;0.04049583289028764;0.04235086048550156;0.04132427811059703;0.04066758880469648;0.03698155111623989;0.03724948495973688;0.0376567553099462;0.037547519288376414;0.041066627115141564;0.03960002329130921;0.03723876040468541;0.039132749845794394;0.03326222419388231;0.03505550426528975;0.03598568189730454;0.033366178673334614;0.03387340737586207;0.03246062433092702;0.032583476837719345;0.030553753347887926;0.03471551813379011;0.03453678652412735;0.034641505048504516
Multivariate_threshold|background1 > -0.002438;0.04847903002138677;0.045547423986114915;0.045765400461037706;0.0440438199746167;0.04604634084880914;0.045513883645115154;0.044609395374717246;0.04322097610663399;0.04176015878524561;0.04249412659460244;0.0448784570830949;0.04365890501847845;0.043238743538468;0.04041862509811618;0.04234010612550476;0.04086727575825734;0.0406866076674853;0.04215722169874161;0.042277082686127;0.03904238218545927;0.03951869961344552;0.036652531323048666;0.036032468892049564;0.03746741981005925;0.03606142720126925;0.0370119308383857;0.03497606101416782;0.0339802538237669;0.03329228604396398;0.036615165457205064;0.0355270701765714;0.03516383480032395
Multivariate_threshold|background1 <= -0.002438;0.04847903002138677;0.045547423986114915;0.045765400461037706;0.0440438199746167;0.04604634084880914;0.045513883645115154;0.044609395374717246;0.04322097610663399;0.04176015878524561;0.04249412659460244;0.0448784570830949;0.04365890501847845;0.043238743538468;0.04041862509811618;0.04234010612550476;0.04086727575825734;0.0406866076674853;0.04215722169874161;0.042277082686127;0.03904238218545927;0.03951869961344552;0.036652531323048666;0.036032468892049564;0.03746741981005925;0.03606142720126925;0.0370119308383857;0.03497606101416782;0.0339802538237669;0.03329228604396398;0.036615165457205064;0.0355270701765714;0.03516383480032395
Multivariate_threshold|background1 <= 0.001759;0.04934711471296908;0.046442729091494814;0.04628888143926805;0.04419521641809145;0.04716589513860847;0.046206416402836396;0.045585430689041216;0.043854266088179585;0.04205693936672519;0.04308396037425301;0.04562452451621111;0.0443480138367549;0.04399766797055339;0.04143314179968578;0.04384269822019569;0.0418149209450404;0.04161316834237962;0.04247913109770648;0.04306726686064798;0.039574754904102616;0.039632619909404705;0.03765324391292201;0.036320838282966623;0.037904782481844944;0.036856980238791553;0.03793832476757894;0.03571853922102199;0.034392538688214215;0.03410061521366283;0.03717588191162493;0.03581937092714977;0.03531801020060388
