Class;0.997;1.002;1.007;1.012;1.017;1.022;1.027;1.032;1.037;1.042;1.047;1.052;1.057;1.062;1.067;1.072;1.077;1.082;1.087;1.092;1.097;1.102;1.107;1.112;1.117;1.122;1.127;1.132;1.137;1.142;1.147;1.152;1.157;1.162;1.167;1.172;1.177;1.182;1.187;1.192;1.197;1.202;1.207;1.212;1.217;1.222;1.227;1.232;1.237;1.242;1.247;1.252;1.257;1.262;1.267;1.272;1.277;1.282;1.287;1.292;1.297;1.302;1.307;1.312;1.317;1.322;1.327;1.332;1.337;1.342;1.347;1.352;1.357;1.362;1.367;1.372;1.377;1.382;1.387;1.392;1.397;1.402;1.407;1.412;1.417;1.422;1.427;1.432;1.437;1.442;1.447;1.452;1.457;1.462;1.467;1.472;1.477;1.482;1.487;1.492;1.497;1.502;1.507;1.512;1.517;1.522;1.527;1.532;1.537;1.542;1.547;1.552;1.557;1.562;1.567;1.572;1.577;1.582;1.587;1.592;1.597;1.602;1.607;1.612;1.617;1.622;1.627;1.632;1.637;1.642;1.647;1.652;1.657;1.662;1.667;1.672;1.677;1.682;1.687;1.692;1.697;1.702;1.708;1.713;1.718;1.723;1.728;1.733;1.738;1.743;1.748;1.753;1.758;1.763;1.768;1.773;1.778;1.783;1.788;1.793;1.798;1.803;1.808;1.813;1.818;1.823;1.828;1.833;1.838;1.843;1.848;1.853;1.858;1.863;1.868;1.873;1.878;1.883;1.888;1.893;1.898;1.903;1.908;1.913;1.918
A;290.0;341.0;329.0;340.0;336.0;319.0;344.0;342.0;382.0;377.0;357.0;388.0;348.0;345.0;348.0;348.0;343.0;364.0;370.0;346.0;386.0;351.0;348.0;323.0;345.0;308.0;319.0;292.0;295.0;288.0;285.0;280.0;277.0;235.0;247.0;245.0;266.0;309.0;252.0;258.0;240.0;266.0;248.0;246.0;244.0;245.0;230.0;259.0;246.0;264.0;247.0;251.0;259.0;243.0;240.0;227.0;243.0;221.0;212.0;221.0;229.0;239.0;238.0;225.0;239.0;241.0;247.0;244.0;204.0;268.0;269.0;247.0;214.0;240.0;228.0;232.0;235.0;233.0;235.0;268.0;242.0;282.0;260.0;264.0;249.0;250.0;292.0;228.0;273.0;280.0;282.0;283.0;264.0;290.0;319.0;301.0;319.0;315.0;313.0;301.0;283.0;296.0;320.0;321.0;332.0;315.0;299.0;313.0;285.0;333.0;351.0;333.0;293.0;357.0;310.0;334.0;331.0;357.0;353.0;361.0;404.0;476.0;477.0;514.0;586.0;758.0;802.0;1007.0;1236.0;1536.0;1883.0;2180.0;2715.0;3215.0;3780.0;4505.0;5179.0;5973.0;6881.0;7642.0;8585.0;9330.0;10200.0;10888.0;11581.0;12261.0;12609.0;13152.0;12917.0;13262.0;12906.0;12642.0;12344.0;11674.0;10926.0;10235.0;9427.0;8682.0;7691.0;6898.0;6138.0;5355.0;4949.0;4222.0;3439.0;3078.0;2643.0;2197.0;1973.0;1712.0;1403.0;1221.0;1116.0;949.0;844.0;777.0;716.0;551.0;532.0;516.0;444.0;417.0;382.0;365.0;315.0
A;159.0;173.0;165.0;178.0;188.0;190.0;174.0;200.0;187.0;207.0;198.0;174.0;207.0;190.0;179.0;200.0;211.0;216.0;176.0;176.0;201.0;158.0;196.0;203.0;168.0;161.0;156.0;150.0;159.0;146.0;159.0;141.0;150.0;155.0;147.0;147.0;131.0;158.0;145.0;138.0;142.0;142.0;121.0;129.0;160.0;129.0;132.0;139.0;131.0;119.0;138.0;133.0;109.0;129.0;135.0;111.0;118.0;119.0;125.0;149.0;137.0;141.0;134.0;123.0;116.0;116.0;106.0;106.0;134.0;111.0;97.0;112.0;125.0;113.0;127.0;109.0;109.0;137.0;103.0;105.0;135.0;126.0;126.0;127.0;119.0;119.0;109.0;111.0;128.0;124.0;93.0;120.0;134.0;116.0;123.0;142.0;119.0;124.0;129.0;133.0;131.0;126.0;141.0;127.0;145.0;132.0;147.0;138.0;134.0;125.0;122.0;135.0;127.0;125.0;126.0;121.0;135.0;157.0;135.0;141.0;148.0;146.0;157.0;178.0;198.0;214.0;220.0;286.0;267.0;339.0;409.0;478.0;527.0;636.0;751.0;857.0;983.0;1091.0;1313.0;1376.0;1558.0;1655.0;1817.0;1845.0;1965.0;1996.0;2087.0;2130.0;2114.0;2161.0;2148.0;1989.0;1937.0;1838.0;1836.0;1635.0;1471.0;1311.0;1282.0;1141.0;988.0;880.0;757.0;659.0;587.0;523.0;498.0;409.0;368.0;327.0;279.0;276.0;242.0;218.0;207.0;203.0;176.0;171.0;159.0;150.0;159.0;158.0;125.0;135.0;109.0
A;153.0;131.0;143.0;136.0;122.0;157.0;132.0;137.0;154.0;131.0;129.0;154.0;153.0;141.0;151.0;122.0;120.0;131.0;126.0;129.0;134.0;118.0;153.0;141.0;134.0;112.0;112.0;127.0;135.0;104.0;120.0;101.0;97.0;128.0;106.0;106.0;130.0;102.0;121.0;139.0;112.0;108.0;114.0;121.0;116.0;121.0;102.0;105.0;115.0;103.0;101.0;90.0;112.0;118.0;114.0;100.0;94.0;95.0;78.0;87.0;107.0;101.0;106.0;87.0;116.0;110.0;86.0;100.0;85.0;82.0;96.0;99.0;117.0;101.0;86.0;92.0;99.0;93.0;88.0;106.0;120.0;113.0;96.0;110.0;96.0;124.0;97.0;118.0;103.0;113.0;127.0;112.0;112.0;111.0;122.0;122.0;128.0;123.0;117.0;143.0;123.0;138.0;131.0;122.0;126.0;121.0;128.0;131.0;143.0;137.0;144.0;125.0;143.0;161.0;123.0;158.0;174.0;174.0;177.0;199.0;210.0;222.0;275.0;322.0;393.0;430.0;572.0;695.0;914.0;1079.0;1307.0;1646.0;1922.0;2207.0;2698.0;3169.0;3676.0;4153.0;4653.0;5339.0;5809.0;6329.0;7003.0;7597.0;7684.0;8254.0;8401.0;8511.0;8664.0;8416.0;8245.0;8113.0;7630.0;7216.0;6687.0;6338.0;5683.0;5158.0;4645.0;4193.0;3604.0;3106.0;2765.0;2358.0;2061.0;1806.0;1442.0;1302.0;1052.0;909.0;770.0;674.0;604.0;480.0;455.0;391.0;343.0;312.0;280.0;234.0;216.0;201.0;164.0;168.0;161.0
A;124.0;130.0;130.0;143.0;150.0;156.0;115.0;113.0;137.0;136.0;101.0;129.0;141.0;115.0;122.0;164.0;116.0;133.0;136.0;128.0;130.0;121.0;99.0;112.0;87.0;99.0;114.0;143.0;123.0;118.0;124.0;126.0;104.0;96.0;118.0;125.0;99.0;107.0;86.0;108.0;94.0;116.0;131.0;116.0;91.0;113.0;95.0;120.0;91.0;102.0;105.0;122.0;120.0;112.0;91.0;118.0;102.0;98.0;94.0;103.0;90.0;89.0;88.0;113.0;100.0;86.0;90.0;103.0;94.0;85.0;89.0;90.0;76.0;80.0;99.0;103.0;106.0;98.0;88.0;120.0;88.0;99.0;102.0;113.0;94.0;108.0;99.0;109.0;128.0;128.0;126.0;122.0;127.0;146.0;131.0;133.0;136.0;133.0;144.0;146.0;143.0;170.0;171.0;158.0;203.0;159.0;172.0;191.0;207.0;186.0;210.0;195.0;201.0;205.0;243.0;222.0;194.0;240.0;230.0;230.0;254.0;314.0;264.0;345.0;392.0;402.0;467.0;571.0;677.0;781.0;1004.0;1153.0;1408.0;1739.0;1974.0;2328.0;2582.0;3043.0;3422.0;3876.0;4304.0;4703.0;5058.0;5464.0;5755.0;5880.0;6072.0;6304.0;6283.0;6207.0;6052.0;5916.0;5665.0;5338.0;5007.0;4735.0;4244.0;3849.0;3547.0;3060.0;2825.0;2534.0;2153.0;1753.0;1543.0;1360.0;1172.0;996.0;859.0;784.0;680.0;586.0;472.0;387.0;384.0;344.0;314.0;300.0;292.0;279.0;290.0;278.0;284.0;313.0;316.0
A;142.0;136.0;118.0;143.0;114.0;141.0;145.0;114.0;144.0;121.0;156.0;108.0;119.0;122.0;127.0;125.0;129.0;134.0;120.0;118.0;121.0;126.0;107.0;123.0;119.0;111.0;126.0;112.0;119.0;101.0;132.0;106.0;92.0;117.0;106.0;108.0;106.0;106.0;112.0;116.0;114.0;99.0;114.0;117.0;104.0;93.0;90.0;89.0;108.0;91.0;104.0;101.0;95.0;108.0;90.0;114.0;101.0;99.0;100.0;104.0;91.0;86.0;85.0;93.0;110.0;94.0;104.0;82.0;92.0;80.0;94.0;74.0;80.0;81.0;73.0;94.0;104.0;92.0;87.0;106.0;117.0;85.0;95.0;83.0;91.0;105.0;131.0;108.0;111.0;117.0;93.0;112.0;114.0;112.0;109.0;111.0;117.0;117.0;129.0;142.0;139.0;131.0;146.0;144.0;153.0;155.0;163.0;171.0;155.0;192.0;146.0;174.0;177.0;200.0;188.0;185.0;170.0;174.0;184.0;193.0;194.0;217.0;256.0;303.0;328.0;371.0;436.0;546.0;631.0;736.0;933.0;1150.0;1432.0;1565.0;1802.0;2116.0;2415.0;2825.0;3187.0;3590.0;3998.0;4373.0;4662.0;4875.0;5319.0;5450.0;5593.0;5783.0;5694.0;5672.0;5434.0;5321.0;5028.0;4895.0;4562.0;4172.0;3914.0;3546.0;3120.0;2699.0;2439.0;2150.0;1809.0;1593.0;1356.0;1209.0;1042.0;881.0;727.0;634.0;571.0;513.0;409.0;366.0;318.0;291.0;248.0;254.0;218.0;221.0;186.0;168.0;179.0;174.0;157.0
A;219.0;231.0;184.0;228.0;209.0;183.0;196.0;179.0;213.0;241.0;248.0;227.0;251.0;191.0;219.0;214.0;248.0;228.0;209.0;231.0;222.0;219.0;211.0;221.0;199.0;211.0;210.0;208.0;203.0;168.0;201.0;194.0;171.0;165.0;170.0;196.0;156.0;166.0;168.0;157.0;156.0;177.0;171.0;182.0;151.0;171.0;139.0;176.0;163.0;166.0;150.0;163.0;172.0;146.0;155.0;175.0;188.0;141.0;158.0;134.0;150.0;150.0;160.0;156.0;174.0;162.0;189.0;181.0;157.0;175.0;170.0;182.0;148.0;152.0;179.0;189.0;184.0;169.0;171.0;162.0;184.0;160.0;177.0;160.0;190.0;182.0;173.0;205.0;180.0;190.0;188.0;218.0;194.0;218.0;222.0;224.0;226.0;205.0;269.0;247.0;241.0;235.0;241.0;243.0;250.0;269.0;239.0;216.0;261.0;234.0;233.0;265.0;264.0;262.0;288.0;294.0;292.0;295.0;344.0;320.0;430.0;452.0;520.0;615.0;758.0;842.0;998.0;1279.0;1531.0;1920.0;2355.0;2890.0;3576.0;4195.0;5064.0;5945.0;6812.0;7934.0;9057.0;10215.0;11351.0;12395.0;13561.0;14522.0;15278.0;16014.0;16651.0;17186.0;17141.0;17183.0;16875.0;16855.0;16072.0;15268.0;14472.0;13669.0;12277.0;11080.0;10160.0;8929.0;7934.0;7015.0;6026.0;5270.0;4624.0;3892.0;3249.0;2756.0;2360.0;2086.0;1798.0;1519.0;1410.0;1089.0;997.0;865.0;771.0;663.0;601.0;516.0;445.0;390.0;322.0;318.0;290.0
A;195.0;225.0;218.0;216.0;192.0;243.0;254.0;219.0;234.0;225.0;231.0;221.0;226.0;229.0;240.0;234.0;217.0;213.0;224.0;206.0;201.0;238.0;213.0;203.0;201.0;202.0;196.0;201.0;166.0;181.0;194.0;185.0;167.0;152.0;142.0;185.0;171.0;171.0;143.0;158.0;134.0;152.0;164.0;157.0;149.0;142.0;152.0;150.0;137.0;145.0;162.0;139.0;142.0;142.0;136.0;133.0;126.0;140.0;137.0;137.0;137.0;125.0;129.0;147.0;148.0;117.0;137.0;129.0;133.0;129.0;119.0;147.0;157.0;142.0;123.0;145.0;121.0;144.0;154.0;134.0;138.0;131.0;124.0;164.0;147.0;157.0;137.0;134.0;161.0;155.0;170.0;159.0;166.0;160.0;152.0;142.0;170.0;146.0;138.0;160.0;159.0;156.0;137.0;150.0;161.0;152.0;141.0;167.0;173.0;141.0;166.0;166.0;148.0;148.0;172.0;159.0;178.0;178.0;189.0;167.0;198.0;193.0;244.0;269.0;303.0;346.0;444.0;500.0;634.0;772.0;909.0;1083.0;1308.0;1574.0;1832.0;2054.0;2524.0;2783.0;3201.0;3529.0;3867.0;4266.0;4804.0;4949.0;5096.0;5231.0;5514.0;5744.0;5712.0;5734.0;5640.0;5387.0;5178.0;4758.0;4628.0;4256.0;3966.0;3516.0;3150.0;2823.0;2458.0;2242.0;2016.0;1661.0;1339.0;1209.0;1050.0;966.0;794.0;705.0;607.0;552.0;425.0;410.0;379.0;324.0;302.0;237.0;239.0;219.0;186.0;198.0;179.0;188.0;164.0
A;362.0;337.0;318.0;391.0;341.0;341.0;342.0;325.0;347.0;363.0;326.0;325.0;343.0;316.0;293.0;289.0;326.0;289.0;323.0;313.0;278.0;301.0;282.0;302.0;267.0;288.0;287.0;291.0;309.0;279.0;287.0;255.0;255.0;260.0;281.0;266.0;255.0;269.0;270.0;294.0;265.0;248.0;232.0;264.0;227.0;275.0;227.0;246.0;241.0;234.0;219.0;221.0;224.0;231.0;208.0;205.0;230.0;236.0;224.0;236.0;201.0;229.0;225.0;211.0;222.0;245.0;193.0;222.0;214.0;204.0;231.0;237.0;219.0;207.0;202.0;207.0;228.0;232.0;232.0;209.0;249.0;249.0;226.0;227.0;229.0;218.0;232.0;233.0;274.0;239.0;262.0;260.0;245.0;230.0;251.0;280.0;260.0;265.0;274.0;273.0;262.0;245.0;273.0;267.0;288.0;282.0;287.0;299.0;243.0;308.0;299.0;300.0;301.0;312.0;297.0;314.0;294.0;333.0;355.0;381.0;399.0;416.0;490.0;585.0;637.0;748.0;901.0;1135.0;1343.0;1585.0;1933.0;2386.0;2721.0;3294.0;3816.0;4534.0;5246.0;6021.0;6866.0;7531.0;8474.0;9163.0;9951.0;10497.0;11294.0;11781.0;12137.0;12346.0;12210.0;12238.0;11931.0;11784.0;11198.0;10537.0;9891.0;9182.0;8460.0;7668.0;6887.0;6094.0;5525.0;4759.0;4153.0;3565.0;3092.0;2694.0;2300.0;2016.0;1739.0;1426.0;1236.0;1120.0;880.0;829.0;687.0;682.0;614.0;508.0;451.0;460.0;364.0;368.0;328.0;308.0;290.0
A;153.0;170.0;147.0;162.0;170.0;167.0;166.0;157.0;146.0;152.0;128.0;156.0;159.0;156.0;157.0;146.0;143.0;169.0;169.0;140.0;149.0;153.0;141.0;131.0;128.0;155.0;129.0;147.0;147.0;125.0;146.0;141.0;134.0;142.0;156.0;150.0;132.0;144.0;147.0;135.0;135.0;129.0;146.0;149.0;129.0;131.0;138.0;125.0;129.0;145.0;134.0;121.0;127.0;148.0;146.0;132.0;144.0;132.0;156.0;135.0;147.0;121.0;139.0;126.0;128.0;122.0;129.0;118.0;135.0;144.0;132.0;117.0;134.0;141.0;152.0;144.0;134.0;148.0;135.0;153.0;166.0;148.0;134.0;143.0;166.0;170.0;148.0;179.0;190.0;158.0;165.0;180.0;196.0;220.0;215.0;205.0;215.0;204.0;232.0;238.0;208.0;225.0;259.0;207.0;266.0;225.0;255.0;261.0;264.0;248.0;284.0;274.0;292.0;283.0;269.0;281.0;299.0;358.0;346.0;363.0;450.0;528.0;622.0;729.0;891.0;1109.0;1335.0;1685.0;2085.0;2585.0;3117.0;3832.0;4600.0;5648.0;6733.0;7894.0;8983.0;10298.0;11874.0;13313.0;14880.0;16105.0;17929.0;19189.0;20106.0;20876.0;21720.0;22493.0;22366.0;22279.0;22038.0;21621.0;20474.0;19559.0;18336.0;16957.0;15530.0;14138.0;12725.0;11368.0;10057.0;8878.0;7656.0;6580.0;5726.0;4796.0;4071.0;3582.0;2995.0;2540.0;2109.0;1799.0;1536.0;1329.0;1175.0;980.0;847.0;743.0;652.0;609.0;455.0;407.0;370.0;324.0;280.0
A;225.0;219.0;190.0;222.0;202.0;233.0;188.0;201.0;207.0;222.0;210.0;216.0;220.0;220.0;181.0;184.0;208.0;201.0;212.0;187.0;187.0;188.0;200.0;197.0;162.0;209.0;192.0;198.0;193.0;177.0;184.0;217.0;176.0;171.0;180.0;158.0;169.0;167.0;189.0;173.0;184.0;146.0;169.0;165.0;173.0;153.0;176.0;156.0;175.0;158.0;167.0;141.0;160.0;153.0;149.0;149.0;144.0;132.0;136.0;143.0;139.0;153.0;146.0;137.0;131.0;161.0;150.0;144.0;141.0;153.0;159.0;136.0;173.0;153.0;152.0;116.0;168.0;157.0;167.0;181.0;158.0;154.0;160.0;169.0;149.0;168.0;159.0;158.0;166.0;174.0;163.0;196.0;158.0;157.0;172.0;186.0;166.0;177.0;198.0;180.0;183.0;172.0;209.0;217.0;206.0;203.0;221.0;190.0;197.0;194.0;207.0;220.0;241.0;226.0;237.0;217.0;238.0;269.0;245.0;275.0;343.0;449.0;471.0;515.0;653.0;740.0;890.0;1216.0;1449.0;1837.0;2174.0;2630.0;3120.0;3768.0;4288.0;5111.0;5945.0;6845.0;7511.0;8741.0;9474.0;10220.0;11193.0;11891.0;12483.0;12819.0;13405.0;13285.0;13438.0;13413.0;13103.0;12488.0;12176.0;11514.0;10686.0;10058.0;9073.0;8143.0;7282.0;6390.0;5778.0;4976.0;4255.0;3791.0;3203.0;2786.0;2359.0;2007.0;1695.0;1488.0;1154.0;1089.0;911.0;786.0;681.0;614.0;514.0;467.0;407.0;365.0;300.0;283.0;249.0;211.0;200.0
A;341.0;325.0;320.0;331.0;309.0;343.0;349.0;346.0;369.0;343.0;357.0;345.0;355.0;357.0;377.0;366.0;380.0;354.0;345.0;359.0;368.0;344.0;359.0;323.0;325.0;307.0;297.0;292.0;264.0;269.0;329.0;270.0;264.0;255.0;303.0;272.0;272.0;275.0;259.0;244.0;273.0;273.0;251.0;263.0;257.0;247.0;248.0;243.0;247.0;259.0;233.0;232.0;242.0;260.0;235.0;243.0;226.0;239.0;232.0;252.0;224.0;218.0;240.0;237.0;231.0;256.0;222.0;237.0;236.0;239.0;234.0;256.0;243.0;262.0;241.0;215.0;237.0;211.0;257.0;272.0;227.0;276.0;253.0;258.0;264.0;263.0;257.0;253.0;297.0;311.0;269.0;290.0;284.0;312.0;313.0;316.0;312.0;355.0;327.0;349.0;322.0;313.0;352.0;310.0;330.0;316.0;324.0;324.0;313.0;336.0;341.0;334.0;358.0;347.0;352.0;339.0;349.0;385.0;366.0;421.0;500.0;468.0;558.0;636.0;763.0;861.0;1068.0;1354.0;1598.0;1887.0;2311.0;2835.0;3500.0;4183.0;4817.0;5650.0;6533.0;7826.0;8667.0;9797.0;11164.0;12094.0;13198.0;14100.0;14809.0;15648.0;16157.0;16817.0;17061.0;17043.0;16615.0;16281.0;15724.0;14835.0;13974.0;13200.0;12171.0;11055.0;9917.0;8800.0;7890.0;6852.0;5931.0;5182.0;4519.0;3871.0;3235.0;2824.0;2469.0;2103.0;1815.0;1477.0;1386.0;1164.0;1050.0;918.0;881.0;725.0;606.0;554.0;510.0;523.0;415.0;381.0;358.0
A;610.0;527.0;503.0;555.0;524.0;554.0;500.0;489.0;508.0;529.0;558.0;576.0;525.0;551.0;542.0;523.0;566.0;560.0;518.0;473.0;499.0;444.0;475.0;455.0;495.0;500.0;435.0;460.0;381.0;410.0;470.0;413.0;423.0;410.0;386.0;391.0;398.0;389.0;404.0;385.0;393.0;399.0;369.0;371.0;382.0;350.0;365.0;391.0;353.0;368.0;324.0;374.0;354.0;353.0;348.0;319.0;359.0;332.0;339.0;341.0;359.0;355.0;329.0;349.0;309.0;358.0;298.0;322.0;331.0;331.0;334.0;308.0;329.0;312.0;334.0;319.0;361.0;324.0;345.0;347.0;303.0;339.0;354.0;362.0;360.0;328.0;341.0;354.0;339.0;347.0;379.0;367.0;369.0;381.0;334.0;365.0;382.0;375.0;398.0;411.0;415.0;397.0;384.0;413.0;385.0;399.0;385.0;391.0;432.0;403.0;419.0;423.0;404.0;395.0;420.0;479.0;424.0;443.0;467.0;481.0;539.0;565.0;601.0;707.0;812.0;949.0;1087.0;1294.0;1600.0;1918.0;2383.0;2934.0;3313.0;4068.0;4833.0;5677.0;6584.0;7602.0;8459.0;9569.0;10934.0;11780.0;12993.0;13892.0;15109.0;15370.0;16030.0;16546.0;16803.0;16633.0;16300.0;16127.0;15355.0;14774.0;13883.0;13070.0;11944.0;11019.0;9870.0;8991.0;7720.0;6810.0;6011.0;5185.0;4516.0;3957.0;3356.0;2865.0;2546.0;2060.0;1928.0;1585.0;1405.0;1273.0;1106.0;987.0;850.0;729.0;705.0;625.0;574.0;515.0;497.0;430.0;419.0
A;294.0;293.0;310.0;299.0;300.0;313.0;355.0;284.0;297.0;314.0;335.0;309.0;325.0;360.0;327.0;308.0;321.0;346.0;314.0;299.0;345.0;311.0;317.0;296.0;290.0;322.0;274.0;250.0;274.0;244.0;249.0;250.0;260.0;243.0;259.0;240.0;240.0;237.0;233.0;243.0;242.0;243.0;239.0;228.0;243.0;235.0;220.0;229.0;257.0;233.0;236.0;219.0;200.0;239.0;216.0;230.0;215.0;231.0;226.0;231.0;196.0;238.0;201.0;201.0;211.0;215.0;232.0;186.0;222.0;214.0;233.0;236.0;231.0;249.0;253.0;245.0;231.0;260.0;217.0;233.0;238.0;237.0;219.0;212.0;231.0;248.0;253.0;250.0;261.0;242.0;223.0;255.0;284.0;251.0;267.0;255.0;295.0;264.0;297.0;288.0;286.0;296.0;322.0;313.0;295.0;319.0;348.0;331.0;353.0;344.0;306.0;353.0;367.0;360.0;383.0;363.0;367.0;333.0;393.0;416.0;412.0;437.0;479.0;541.0;571.0;695.0;735.0;955.0;1083.0;1260.0;1511.0;1797.0;2101.0;2492.0;2933.0;3371.0;3910.0;4469.0;5109.0;5556.0;6183.0;6675.0;7103.0;7602.0;8107.0;8437.0;8778.0;8918.0;8931.0;8840.0;8850.0;8412.0;8156.0;7610.0;7181.0;6723.0;6158.0;5688.0;5203.0;4585.0;4106.0;3576.0;3117.0;2814.0;2486.0;2091.0;1802.0;1603.0;1401.0;1223.0;1042.0;971.0;848.0;711.0;682.0;585.0;542.0;545.0;555.0;501.0;562.0;480.0;582.0;513.0;634.0
A;559.0;579.0;578.0;571.0;597.0;582.0;587.0;579.0;641.0;634.0;629.0;620.0;632.0;626.0;618.0;652.0;651.0;574.0;621.0;597.0;586.0;564.0;573.0;568.0;536.0;521.0;524.0;501.0;486.0;419.0;484.0;462.0;463.0;460.0;423.0;408.0;426.0;420.0;396.0;426.0;378.0;389.0;397.0;368.0;407.0;417.0;385.0;408.0;397.0;373.0;356.0;394.0;385.0;354.0;405.0;391.0;397.0;349.0;388.0;345.0;384.0;340.0;394.0;368.0;376.0;377.0;368.0;373.0;345.0;370.0;364.0;404.0;412.0;366.0;358.0;346.0;345.0;395.0;329.0;377.0;368.0;347.0;364.0;347.0;385.0;375.0;332.0;388.0;369.0;378.0;416.0;432.0;401.0;432.0;396.0;366.0;380.0;394.0;433.0;444.0;374.0;434.0;469.0;419.0;411.0;406.0;387.0;392.0;389.0;399.0;399.0;375.0;451.0;435.0;396.0;418.0;387.0;417.0;430.0;484.0;462.0;454.0;519.0;555.0;583.0;710.0;718.0;863.0;997.0;1163.0;1346.0;1615.0;1873.0;2149.0;2393.0;2869.0;3263.0;3602.0;4145.0;4545.0;5136.0;5549.0;5951.0;6509.0;6785.0;7105.0;7171.0;7521.0;7462.0;7526.0;7396.0;7062.0;6784.0;6446.0;6219.0;5767.0;5390.0;4766.0;4457.0;4049.0;3601.0;3178.0;2706.0;2382.0;2186.0;1949.0;1740.0;1484.0;1214.0;1109.0;1070.0;894.0;839.0;793.0;671.0;682.0;654.0;597.0;541.0;520.0;493.0;502.0;457.0;430.0;421.0
A;53.0;56.0;48.0;62.0;65.0;57.0;59.0;58.0;43.0;43.0;48.0;47.0;56.0;64.0;59.0;60.0;71.0;55.0;46.0;59.0;63.0;42.0;55.0;49.0;49.0;60.0;39.0;54.0;51.0;49.0;46.0;54.0;51.0;62.0;48.0;48.0;48.0;44.0;49.0;49.0;37.0;45.0;38.0;55.0;56.0;43.0;45.0;38.0;51.0;33.0;52.0;39.0;40.0;35.0;44.0;39.0;40.0;47.0;49.0;39.0;37.0;39.0;29.0;40.0;36.0;34.0;48.0;42.0;45.0;35.0;28.0;40.0;37.0;46.0;24.0;33.0;48.0;40.0;48.0;35.0;43.0;46.0;54.0;39.0;38.0;45.0;45.0;40.0;51.0;40.0;54.0;50.0;47.0;40.0;40.0;45.0;49.0;46.0;53.0;59.0;69.0;60.0;63.0;58.0;66.0;65.0;61.0;72.0;62.0;65.0;64.0;66.0;72.0;61.0;69.0;67.0;69.0;81.0;77.0;103.0;104.0;111.0;130.0;132.0;200.0;236.0;292.0;341.0;408.0;496.0;665.0;794.0;908.0;1146.0;1368.0;1584.0;1934.0;2155.0;2444.0;2759.0;3043.0;3295.0;3539.0;3954.0;3989.0;4177.0;4255.0;4300.0;4382.0;4248.0;4370.0;4276.0;3971.0;3766.0;3599.0;3324.0;3033.0;2696.0;2398.0;2099.0;1882.0;1642.0;1529.0;1222.0;1065.0;921.0;803.0;636.0;573.0;486.0;392.0;360.0;304.0;275.0;210.0;203.0;180.0;163.0;146.0;118.0;114.0;115.0;84.0;72.0;65.0
A;426.0;376.0;410.0;390.0;362.0;398.0;387.0;382.0;370.0;370.0;391.0;389.0;370.0;353.0;355.0;391.0;347.0;389.0;338.0;362.0;351.0;324.0;335.0;326.0;293.0;326.0;317.0;275.0;287.0;287.0;343.0;312.0;297.0;294.0;297.0;301.0;283.0;229.0;253.0;277.0;298.0;278.0;291.0;227.0;295.0;226.0;274.0;275.0;262.0;265.0;235.0;237.0;267.0;231.0;242.0;235.0;231.0;239.0;230.0;244.0;214.0;201.0;226.0;236.0;226.0;224.0;216.0;224.0;209.0;220.0;217.0;229.0;221.0;216.0;207.0;218.0;215.0;200.0;211.0;198.0;219.0;227.0;201.0;246.0;199.0;216.0;218.0;242.0;214.0;221.0;232.0;213.0;241.0;203.0;200.0;250.0;230.0;233.0;231.0;234.0;240.0;224.0;229.0;269.0;244.0;250.0;234.0;256.0;238.0;231.0;224.0;232.0;245.0;269.0;257.0;287.0;256.0;256.0;317.0;266.0;308.0;354.0;390.0;449.0;464.0;611.0;701.0;847.0;989.0;1271.0;1473.0;1652.0;2019.0;2532.0;2917.0;3398.0;3895.0;4582.0;5066.0;5775.0;6410.0;6943.0;7435.0;8147.0;8421.0;8837.0;8988.0;9183.0;9209.0;9220.0;9253.0;8922.0;8569.0;8005.0;7685.0;6918.0;6561.0;5937.0;5390.0;4828.0;4234.0;3757.0;3276.0;2872.0;2425.0;2063.0;1901.0;1493.0;1332.0;1099.0;993.0;932.0;789.0;679.0;588.0;499.0;455.0;406.0;416.0;386.0;347.0;312.0;260.0;249.0;252.0
B;364.0;361.0;369.0;335.0;341.0;333.0;367.0;328.0;345.0;324.0;318.0;339.0;294.0;325.0;291.0;282.0;312.0;290.0;295.0;280.0;303.0;283.0;291.0;322.0;269.0;284.0;297.0;297.0;287.0;241.0;271.0;277.0;243.0;240.0;262.0;273.0;265.0;262.0;269.0;238.0;257.0;240.0;215.0;257.0;248.0;227.0;239.0;226.0;218.0;212.0;238.0;198.0;219.0;209.0;224.0;232.0;227.0;236.0;210.0;193.0;206.0;199.0;200.0;203.0;180.0;173.0;206.0;208.0;199.0;207.0;197.0;177.0;187.0;189.0;210.0;202.0;202.0;188.0;202.0;172.0;196.0;196.0;198.0;211.0;216.0;195.0;181.0;193.0;189.0;177.0;198.0;222.0;211.0;196.0;210.0;226.0;215.0;210.0;216.0;217.0;255.0;257.0;221.0;250.0;264.0;255.0;241.0;271.0;274.0;279.0;273.0;280.0;282.0;277.0;299.0;305.0;313.0;298.0;274.0;272.0;287.0;324.0;331.0;324.0;378.0;409.0;488.0;494.0;687.0;673.0;823.0;943.0;1169.0;1354.0;1580.0;1840.0;2154.0;2381.0;2700.0;3088.0;3442.0;3673.0;3920.0;4171.0;4527.0;4877.0;4839.0;4923.0;4936.0;4930.0;4854.0;4809.0;4580.0;4380.0;4116.0;3755.0;3550.0;3187.0;2892.0;2531.0;2237.0;2009.0;1849.0;1597.0;1313.0;1166.0;1021.0;854.0;752.0;700.0;625.0;495.0;462.0;428.0;388.0;340.0;338.0;297.0;286.0;271.0;241.0;259.0;224.0;234.0;238.0
B;268.0;261.0;284.0;271.0;274.0;248.0;267.0;274.0;263.0;267.0;295.0;256.0;254.0;258.0;246.0;289.0;288.0;267.0;251.0;279.0;260.0;234.0;235.0;273.0;269.0;236.0;217.0;241.0;250.0;223.0;233.0;232.0;222.0;227.0;210.0;199.0;212.0;214.0;212.0;209.0;221.0;231.0;184.0;214.0;188.0;215.0;241.0;221.0;221.0;222.0;230.0;216.0;182.0;223.0;184.0;206.0;182.0;209.0;186.0;212.0;212.0;223.0;179.0;220.0;194.0;193.0;190.0;207.0;203.0;193.0;182.0;199.0;221.0;209.0;204.0;229.0;202.0;207.0;227.0;204.0;194.0;202.0;201.0;224.0;227.0;240.0;244.0;233.0;222.0;229.0;237.0;256.0;243.0;258.0;255.0;292.0;277.0;297.0;273.0;282.0;302.0;297.0;354.0;337.0;370.0;337.0;373.0;343.0;379.0;383.0;420.0;438.0;419.0;385.0;447.0;447.0;463.0;483.0;546.0;509.0;525.0;617.0;648.0;742.0;859.0;1026.0;1245.0;1464.0;1821.0;2173.0;2590.0;3172.0;3853.0;4478.0;5391.0;6348.0;7411.0;8340.0;9359.0;10510.0;11698.0;13074.0;13993.0;14868.0;15512.0;16593.0;16861.0;17490.0;17705.0;17554.0;17025.0;16776.0;15987.0;14996.0;14080.0;13074.0;12207.0;10938.0;9953.0;8925.0;7827.0;6834.0;5968.0;5307.0;4487.0;3776.0;3238.0;2690.0;2402.0;2057.0;1722.0;1556.0;1286.0;1126.0;894.0;874.0;707.0;709.0;620.0;552.0;505.0;434.0;407.0;382.0;366.0
B;167.0;181.0;171.0;166.0;167.0;156.0;188.0;149.0;148.0;157.0;130.0;145.0;158.0;178.0;161.0;180.0;178.0;169.0;166.0;163.0;160.0;158.0;145.0;148.0;134.0;129.0;138.0;121.0;156.0;138.0;133.0;143.0;134.0;146.0;122.0;125.0;127.0;142.0;111.0;134.0;118.0;100.0;139.0;120.0;120.0;117.0;118.0;125.0;91.0;115.0;127.0;117.0;110.0;101.0;109.0;106.0;132.0;104.0;108.0;108.0;127.0;125.0;100.0;110.0;111.0;98.0;120.0;123.0;111.0;101.0;112.0;100.0;127.0;111.0;97.0;100.0;119.0;114.0;121.0;119.0;121.0;112.0;108.0;108.0;118.0;129.0;135.0;130.0;121.0;115.0;160.0;126.0;167.0;144.0;148.0;148.0;158.0;162.0;151.0;168.0;158.0;157.0;170.0;190.0;210.0;194.0;213.0;200.0;193.0;181.0;231.0;225.0;241.0;234.0;210.0;239.0;269.0;243.0;259.0;273.0;297.0;302.0;344.0;452.0;488.0;546.0;703.0;766.0;1018.0;1163.0;1441.0;1703.0;2077.0;2459.0;2883.0;3405.0;3799.0;4505.0;5103.0;5690.0;6221.0;6665.0;7311.0;7857.0;8328.0;8583.0;8872.0;8987.0;8973.0;8876.0;8699.0;8539.0;8086.0;7649.0;7087.0;6584.0;6122.0;5525.0;4911.0;4386.0;3768.0;3386.0;2976.0;2566.0;2141.0;1835.0;1548.0;1410.0;1124.0;966.0;829.0;777.0;613.0;514.0;490.0;429.0;377.0;368.0;333.0;291.0;250.0;227.0;204.0;215.0;190.0
B;198.0;200.0;206.0;204.0;197.0;178.0;191.0;195.0;223.0;192.0;194.0;208.0;207.0;204.0;231.0;211.0;186.0;213.0;208.0;216.0;212.0;206.0;203.0;194.0;183.0;203.0;177.0;184.0;169.0;172.0;176.0;204.0;165.0;150.0;163.0;168.0;165.0;156.0;154.0;142.0;143.0;141.0;160.0;152.0;151.0;160.0;160.0;144.0;133.0;144.0;142.0;154.0;139.0;132.0;147.0;156.0;128.0;154.0;166.0;154.0;126.0;146.0;170.0;156.0;149.0;144.0;164.0;110.0;156.0;137.0;145.0;137.0;138.0;153.0;131.0;143.0;128.0;151.0;136.0;142.0;159.0;156.0;146.0;159.0;175.0;153.0;156.0;151.0;175.0;178.0;143.0;194.0;143.0;176.0;195.0;172.0;183.0;182.0;173.0;194.0;216.0;200.0;176.0;177.0;197.0;167.0;196.0;209.0;180.0;180.0;207.0;178.0;187.0;195.0;189.0;211.0;209.0;193.0;217.0;250.0;242.0;285.0;328.0;341.0;396.0;513.0;613.0;720.0;829.0;1023.0;1227.0;1584.0;1873.0;2218.0;2632.0;3058.0;3590.0;4174.0;4583.0;5370.0;5897.0;6483.0;6972.0;7538.0;8115.0;8314.0;8668.0;8834.0;8957.0;9093.0;8916.0;8577.0;8317.0;7973.0;7321.0;6980.0;6405.0;5869.0;5239.0;4706.0;4190.0;3692.0;3209.0;2687.0;2300.0;1992.0;1794.0;1508.0;1342.0;1070.0;1015.0;819.0;729.0;649.0;520.0;504.0;441.0;396.0;341.0;321.0;282.0;267.0;239.0;248.0;193.0
B;837.0;821.0;828.0;779.0;871.0;837.0;839.0;871.0;881.0;944.0;916.0;961.0;940.0;942.0;918.0;938.0;934.0;951.0;958.0;949.0;838.0;866.0;818.0;833.0;839.0;745.0;826.0;725.0;674.0;662.0;683.0;684.0;674.0;678.0;626.0;628.0;632.0;623.0;626.0;586.0;608.0;585.0;621.0;578.0;592.0;585.0;576.0;580.0;596.0;606.0;553.0;612.0;565.0;599.0;559.0;573.0;543.0;557.0;559.0;545.0;581.0;595.0;534.0;594.0;536.0;540.0;561.0;551.0;552.0;560.0;562.0;570.0;575.0;539.0;550.0;565.0;542.0;566.0;580.0;554.0;567.0;579.0;600.0;609.0;565.0;596.0;589.0;581.0;578.0;646.0;594.0;648.0;599.0;691.0;647.0;635.0;665.0;620.0;675.0;642.0;623.0;649.0;699.0;642.0;636.0;689.0;641.0;600.0;631.0;619.0;638.0;618.0;634.0;558.0;615.0;613.0;663.0;637.0;670.0;693.0;704.0;761.0;786.0;881.0;927.0;1042.0;1259.0;1379.0;1594.0;1905.0;2318.0;2714.0;3199.0;3586.0;4442.0;5019.0;5837.0;6520.0;7365.0;8343.0;9060.0;9931.0;10850.0;11496.0;12208.0;13131.0;13231.0;13654.0;13649.0;13567.0;13692.0;13306.0;12828.0;12027.0;11443.0;10532.0;9739.0;9055.0;8097.0;7341.0;6659.0;5833.0;5235.0;4440.0;4018.0;3389.0;2900.0;2620.0;2309.0;1997.0;1742.0;1591.0;1430.0;1268.0;1158.0;1142.0;970.0;947.0;892.0;866.0;776.0;751.0;754.0;702.0;733.0
B;265.0;271.0;273.0;228.0;282.0;277.0;272.0;294.0;277.0;277.0;250.0;270.0;271.0;277.0;306.0;244.0;288.0;272.0;271.0;264.0;255.0;268.0;264.0;232.0;277.0;276.0;240.0;248.0;226.0;251.0;243.0;239.0;238.0;240.0;235.0;248.0;234.0;221.0;260.0;213.0;222.0;218.0;232.0;248.0;244.0;240.0;217.0;233.0;229.0;240.0;214.0;231.0;222.0;232.0;217.0;262.0;226.0;223.0;230.0;234.0;223.0;231.0;215.0;231.0;238.0;241.0;210.0;248.0;228.0;255.0;252.0;253.0;268.0;240.0;263.0;252.0;248.0;264.0;234.0;243.0;284.0;281.0;262.0;249.0;268.0;298.0;286.0;311.0;309.0;318.0;326.0;357.0;334.0;341.0;340.0;347.0;360.0;394.0;379.0;406.0;409.0;414.0;382.0;412.0;434.0;425.0;455.0;445.0;427.0;455.0;445.0;474.0;474.0;524.0;496.0;580.0;558.0;605.0;666.0;715.0;758.0;871.0;1009.0;1275.0;1562.0;1911.0;2297.0;2889.0;3592.0;4479.0;5703.0;6782.0;8068.0;9879.0;11846.0;13899.0;16254.0;18692.0;21651.0;24270.0;26820.0;29799.0;32279.0;34595.0;37141.0;38669.0;40106.0;41089.0;41886.0;41679.0;41277.0;40058.0;38842.0;36614.0;34616.0;32347.0;29427.0;27257.0;24666.0;21861.0;19220.0;17279.0;14808.0;12682.0;10915.0;9232.0;7914.0;6988.0;5647.0;4984.0;4006.0;3495.0;3053.0;2509.0;2196.0;1934.0;1664.0;1430.0;1199.0;1054.0;937.0;814.0;712.0;609.0;564.0
B;514.0;530.0;527.0;501.0;531.0;500.0;520.0;534.0;491.0;544.0;523.0;557.0;503.0;504.0;534.0;564.0;505.0;534.0;492.0;501.0;518.0;535.0;529.0;456.0;472.0;481.0;453.0;446.0;440.0;441.0;439.0;387.0;430.0;406.0;375.0;403.0;395.0;379.0;342.0;372.0;363.0;370.0;343.0;382.0;378.0;326.0;360.0;364.0;360.0;370.0;345.0;344.0;359.0;316.0;341.0;319.0;323.0;387.0;328.0;350.0;345.0;321.0;343.0;348.0;307.0;314.0;335.0;310.0;355.0;312.0;356.0;301.0;333.0;327.0;313.0;296.0;327.0;321.0;343.0;327.0;318.0;297.0;331.0;315.0;305.0;313.0;341.0;326.0;307.0;342.0;350.0;330.0;331.0;371.0;365.0;358.0;362.0;392.0;384.0;395.0;360.0;394.0;373.0;407.0;421.0;422.0;447.0;432.0;509.0;454.0;465.0;492.0;490.0;495.0;503.0;477.0;471.0;494.0;500.0;489.0;506.0;456.0;527.0;526.0;592.0;604.0;675.0;734.0;803.0;933.0;1034.0;1244.0;1427.0;1608.0;1995.0;2147.0;2596.0;2870.0;3230.0;3584.0;4100.0;4313.0;4608.0;5059.0;5230.0;5568.0;5698.0;5929.0;5861.0;5898.0;5865.0;5531.0;5470.0;5108.0;4953.0;4659.0;4220.0;3776.0;3552.0;3059.0;2762.0;2522.0;2159.0;1890.0;1755.0;1591.0;1337.0;1169.0;1054.0;919.0;866.0;741.0;709.0;630.0;668.0;563.0;532.0;475.0;479.0;486.0;478.0;504.0;484.0;506.0;484.0
B;75.0;72.0;63.0;77.0;60.0;82.0;84.0;72.0;76.0;84.0;70.0;77.0;76.0;76.0;76.0;79.0;71.0;77.0;72.0;66.0;63.0;74.0;69.0;52.0;67.0;57.0;54.0;65.0;56.0;50.0;50.0;53.0;41.0;61.0;43.0;41.0;44.0;52.0;57.0;54.0;46.0;45.0;56.0;55.0;63.0;54.0;52.0;45.0;53.0;50.0;47.0;51.0;46.0;58.0;48.0;31.0;42.0;44.0;49.0;42.0;46.0;42.0;41.0;43.0;41.0;36.0;44.0;45.0;42.0;42.0;45.0;38.0;39.0;43.0;48.0;43.0;50.0;52.0;59.0;53.0;41.0;45.0;44.0;49.0;49.0;47.0;65.0;53.0;61.0;53.0;64.0;58.0;64.0;71.0;67.0;57.0;73.0;79.0;61.0;56.0;74.0;62.0;60.0;71.0;67.0;70.0;76.0;77.0;81.0;82.0;64.0;75.0;66.0;74.0;74.0;69.0;93.0;81.0;90.0;107.0;109.0;124.0;141.0;190.0;219.0;211.0;291.0;405.0;455.0;548.0;673.0;865.0;974.0;1195.0;1457.0;1687.0;1968.0;2204.0;2494.0;2798.0;3170.0;3370.0;3691.0;3860.0;4195.0;4369.0;4404.0;4568.0;4425.0;4529.0;4438.0;4347.0;4116.0;3992.0;3735.0;3495.0;3265.0;2909.0;2742.0;2361.0;2104.0;1889.0;1606.0;1291.0;1196.0;1081.0;874.0;759.0;616.0;532.0;430.0;400.0;347.0;290.0;279.0;228.0;213.0;153.0;152.0;123.0;115.0;95.0;103.0;100.0;80.0
B;941.0;980.0;956.0;980.0;912.0;1022.0;1041.0;957.0;1029.0;1067.0;1040.0;1048.0;1015.0;1084.0;1091.0;1014.0;990.0;1051.0;954.0;989.0;993.0;963.0;930.0;894.0;825.0;824.0;839.0;811.0;812.0;809.0;775.0;729.0;776.0;720.0;745.0;689.0;727.0;694.0;684.0;706.0;689.0;687.0;705.0;695.0;660.0;656.0;690.0;633.0;639.0;666.0;659.0;595.0;644.0;649.0;610.0;643.0;597.0;587.0;595.0;583.0;624.0;591.0;589.0;576.0;591.0;589.0;550.0;575.0;605.0;584.0;607.0;579.0;558.0;591.0;577.0;614.0;559.0;576.0;598.0;627.0;557.0;624.0;542.0;588.0;582.0;562.0;556.0;576.0;626.0;598.0;588.0;581.0;559.0;635.0;559.0;599.0;547.0;570.0;621.0;611.0;611.0;563.0;600.0;617.0;600.0;582.0;572.0;550.0;578.0;529.0;637.0;594.0;584.0;522.0;558.0;559.0;602.0;585.0;622.0;584.0;669.0;686.0;669.0;727.0;693.0;780.0;954.0;1033.0;1173.0;1231.0;1419.0;1673.0;2014.0;2341.0;2696.0;3064.0;3425.0;4037.0;4430.0;5063.0;5492.0;6091.0;6447.0;6931.0;7235.0;7517.0;7864.0;8195.0;8206.0;8172.0;8083.0;7739.0;7766.0;7184.0;6923.0;6539.0;5917.0;5460.0;4930.0;4469.0;4055.0;3542.0;3137.0;2758.0;2542.0;2231.0;1850.0;1720.0;1580.0;1401.0;1193.0;1150.0;1046.0;934.0;934.0;889.0;811.0;765.0;690.0;671.0;675.0;635.0;650.0;594.0;568.0
Multivariate_threshold|Si > 21357.824649;327.4070749427856;325.24656938932577;318.65648854776197;320.9468722617945;323.1859712952471;327.63910813205484;327.9093985320001;322.336447504581;332.2131029772261;338.9674623151687;332.3131516191142;339.06965670548254;335.1070217622514;335.53081285852903;337.414620340723;329.15098274803154;338.04894029635363;336.6484890469705;327.9302244088096;323.1904966638079;319.80033634421454;312.3339384359647;309.8236567277061;300.82649442860264;299.3836743792311;298.1785098020333;287.0211082571434;283.56310715066076;272.9101504035206;264.53201704780724;280.9390188522021;268.76867843192684;262.3737927693461;258.65222950657113;257.5921185760575;256.2441743073054;253.2678806971599;251.1781808396104;253.13735966556936;245.72893650834752;245.88954492192073;243.99981516296364;245.1906994672713;247.31487104476224;243.19390253385944;239.92734360567965;237.12587053281968;241.23305275960433;237.81703933498227;242.56176621412024;229.7051529001857;233.05055657494165;231.15562104315927;235.2746624479402;226.5410176145126;233.80083529072846;227.82875582819818;224.89290572177705;225.80960202736122;226.13450670379865;226.25501073037185;226.56740515811637;221.38898996323326;227.06824667500567;223.02062073862714;227.06387046525063;219.28482014243468;224.52258731441702;222.0812214178928;228.13730625445817;230.10842121417787;228.22091931021663;232.66547534329635;226.32746122794023;228.89468990552055;227.7919644149654;229.5533371661472;231.8620019969345;231.09674865318453;235.1536847452088;237.14878955875457;241.63866736373922;234.3141237805747;238.9555890010107;241.4187957739716;247.73700146216103;245.0647605598165;251.85391694237532;257.47006503120633;260.49460748070123;261.672668611297;275.6487130992892;265.8436522108612;280.0591253837896;275.5382945544792;281.5918976354234;285.7173417677775;290.3177033889549;299.2120259489351;304.6004210083329;298.40792332619395;299.467365305672;310.77803208179716;308.52294553139717;320.19907351641444;313.61757967348154;320.2039965713887;315.3797330191735;319.60913402443583;321.1539531941239;332.16364607368666;336.61025710015525;340.72865314506333;342.1852574304446;344.73438382270007;363.5455753840438;363.4198574178067;381.65065296577023;404.10471621295864;418.4445529599172;459.1195748614733;505.4666363861263;562.0691280451905;658.3752167208252;767.3228366627342;909.2558006757884;1082.0043727205466;1329.2859861697723;1616.8118102361277;1967.9254423187917;2420.652620163289;2914.774040574834;3480.0938514118707;4180.796972471308;4966.405722362491;5816.987770154037;6741.349452098568;7754.660196256316;8830.126672071985;9929.857458473658;11033.692779183617;12090.377672040948;13158.235567632617;14078.460887461246;14945.960201090424;15607.654005447064;16131.499345884287;16583.25226443463;16718.326350501702;16667.78290571801;16426.76239642436;16023.807077850503;15421.536049241444;14578.29121375434;13743.919730204983;12835.289743373494;11743.658573688863;10746.165813685779;9705.266652879407;8638.337633562829;7639.487047137309;6763.627571526851;5869.692831650693;5064.400875030341;4378.985659149111;3741.441676368866;3193.8827751971576;2778.615328598271;2349.148975668809;2031.831742631968;1709.893613879193;1492.3995319369924;1305.8970547802335;1111.2064498265704;982.4652722109829;881.4496165724314;774.0651193431058;683.2510204224131;609.15062200614;555.9872171740943;495.2123537788643;454.68929513772036;415.89763518324344;381.34341620817804;363.2362560186883
Multivariate_threshold|Si > -8360.629669;313.42702113927385;313.82749644935444;308.7263850664997;314.5087871942286;308.511725611063;317.5662141054967;320.35463418214596;307.8980865657565;321.452837297378;327.26885588629415;322.8607860628263;326.1713454834902;322.32369335456076;324.16149352617106;321.47603029595626;323.4863929868577;321.2277225058144;323.50134064897946;312.10906751505104;309.28916899588506;310.2266571563784;300.12539693488196;298.82607315964884;292.83050537199347;279.8147027515337;279.9525213605176;275.4704887261354;269.64423255632454;263.96288474482856;249.98850448164586;266.05181436230487;254.06283678629984;248.16175859357742;244.55368694985353;241.46220590865573;240.32011944915197;239.42585123394048;237.6279393154504;231.62913751977345;235.19710110106377;230.12499170820283;228.80538251744485;229.619343471393;229.28874948652899;229.17651934156868;221.71689242517712;222.8135433845057;223.93301792250196;220.98455209572992;221.35353267875144;217.20271595284575;214.61300187379186;215.29912587267256;215.1894775750397;211.48405732297402;211.75902402545364;209.03192845583726;209.7915745603298;207.4290337408578;207.6914555756523;208.20086570361548;206.18619835330983;204.9851395974703;207.77120392564612;203.23326529662393;203.0976278344217;203.3042084291536;200.97556666438658;204.04626360049522;201.84255283784654;206.2471628295538;203.8691756474076;207.3612026878729;204.3320884729859;201.54607113485827;203.09090275746814;205.2399728187412;208.2323084831061;208.25357979486432;211.11812777981342;209.50226073082987;212.1416732639165;207.5507038949769;214.58343312193475;212.2834013265496;215.20895324246948;214.41829485819505;216.6585668758489;223.8663335554096;224.9086891293477;226.06161900742285;233.89293581174593;229.159813535052;238.90110011961752;234.5483999656034;239.13596165210947;241.25013515541437;241.56431184778768;251.05094545832807;254.73008393109305;249.75162761016645;250.72835874335118;261.3841138271454;259.98489260246225;267.6033593914971;261.7753299251695;264.5402309870486;264.4806764640765;270.1162806081293;266.00508635924615;275.99944435035445;276.98604774909074;281.8858904889981;278.4771268620676;283.6573190045483;288.3714122633685;291.76011747617275;299.70695276707875;312.23428722988945;320.0345121033065;346.3566440354586;371.40461653102324;405.3507519127411;457.6505577848931;514.7976156001819;593.8187696468327;700.2386633730503;840.9325700962548;1004.2211777143708;1193.9905355222368;1442.4421150761568;1738.4740091099916;2071.6437120447954;2455.8977684083925;2893.741881286284;3373.832241182945;3900.7920023997904;4474.081860595662;5046.305669304509;5678.826478048606;6315.417682712273;6859.316729000561;7453.943668726142;7974.674823204607;8412.966847619055;8793.177903501362;9053.084607056615;9309.097473777945;9317.279082478239;9303.001751210752;9154.23542459253;8915.298320787928;8559.691971388618;8094.039123827804;7635.320841526242;7120.403060698307;6543.097072130861;5935.841739091715;5368.06397823183;4777.1921322742455;4245.105979612184;3736.1168295273314;3271.2160400802695;2822.3202041957793;2450.949750514761;2125.2364004998035;1818.6759959928643;1569.1412150039823;1358.114325586921;1170.3098843971636;1015.7055438212802;895.8555470233289;782.9088340115425;682.9632494928474;615.0859571351253;559.2865476970212;501.8058885257463;451.14097308982383;417.8664220780735;389.4756559349051;357.3854496223123;339.68651080223265;318.86084611345734;305.3930426203168;294.5592412048764
Multivariate_threshold|Si > -9956.744278;312.6761823553846;313.2142024692385;308.19306045083243;314.1630114174936;307.7236032662665;317.02522051509675;319.94888394994086;307.1226330860325;320.8749264458938;326.64054876046254;322.3531197291404;325.4786047796087;321.63712813166603;323.5508717058879;320.6200027202171;323.18215998838076;320.3242908819524;322.7952354326834;311.2593470226415;308.5425584243286;309.7124753270541;299.4697022871666;298.2354164720553;292.40105790464906;278.76369514702697;278.9736425100535;274.8501296600171;268.89667957688647;263.48234624614133;249.20740353295622;265.25225445561136;253.27301749000375;247.39846064014273;243.7964843884987;240.59590280412905;239.46487252719243;238.68242544210892;236.90018482963785;230.4739769183519;234.63145875086474;229.27831127836265;227.98932204373028;228.78303925083873;228.32060505881407;228.42367567606246;220.73884804776498;222.04485891006067;223.00387005934644;220.08051521388492;220.21448382386532;216.53123680940817;213.62276025210178;214.44750743701505;214.11074526140783;210.67538019531318;210.57520549386982;208.02239106752654;208.98051436816354;206.441852737594;206.70091875262614;207.23121619535354;205.09156733496044;204.10412388516755;206.73480103948918;202.1705287646138;201.81045221090534;202.4459239594906;199.71090655666626;203.07764459620296;200.43031788113714;204.96562568532056;202.56129558812094;206.00216433402701;203.1507640544509;200.07723532439394;201.764261575942;203.93415403038443;206.96320819272358;207.02672206120877;209.82722943166357;208.0174248084742;210.55745281029155;206.1132978647817;213.27445676617788;210.71860161672717;213.46194135604668;212.77233874376793;214.76829991308009;222.061549022385;222.99744557949796;224.1490257117606;231.65032233689251;227.18960303322854;236.69059062723824;232.34692041213194;236.85574415147397;238.86189661176914;238.94587148055152;248.46431685055558;252.05165480846563;247.13840205199278;248.11069096255673;258.731272140332;257.37801761144027;264.77855609771996;258.99099359126143;261.5506492125102;261.7469970189129;267.45812532542385;263.04315869507855;272.98298522131546;273.78375901195665;278.72557158219473;275.0554994526077;280.3770005082011;284.3339687734697;287.91142613722496;295.30593192200024;307.3001230168942;314.74911932601174;340.3003882413693;364.2044322278367;396.9337431799968;446.87006574027805;501.23502617464226;576.8773214878895;679.7348437908176;814.7041527964075;971.3202452852645;1152.4241472668045;1389.9045214194816;1675.297450741372;1995.9988679923754;2363.2571220337068;2782.42354018991;3242.6155840793604;3748.231738249465;4297.889015945646;4843.084737532484;5450.512697824363;6062.009220535983;6578.367635947957;7147.578353361717;7646.853530810463;8062.093749874244;8427.186969479184;8672.918093460623;8918.418180722063;8919.784665909252;8907.455110018856;8763.643558203528;8533.51552184916;8191.15700470925;7745.78381508149;7307.2410626279;6813.46872216185;6263.786038836381;5677.489523210088;5135.122100647943;4569.818267097925;4062.8010336786274;3573.51570397489;3131.6574102231225;2701.902847586734;2347.3990662841848;2038.433472492176;1744.8165817011472;1504.1829476496318;1304.887974535774;1124.039388344525;978.4221875739809;863.8164457105329;754.8202554417123;659.9632232936161;595.3548000140885;541.9838584335727;487.18342765093973;438.6748389735223;407.59295689189884;380.53267617949564;349.9830614370725;333.50995726760675;313.6492077519957;301.31391052668187;290.87074565194825
Multivariate_threshold|Si > -23209.763574;306.44174227186966;308.1218382298637;303.7647058788721;311.29193122206334;301.17958657114895;312.5331881410585;316.5798178257169;300.6838097851771;316.0763589577727;321.4235258600843;318.13781358394135;319.7265705154888;315.93637074219004;318.4806952127096;313.51214848400207;320.65602196630397;312.8228265871205;316.9322316053472;304.203862394875;302.3432264585816;305.4430690633697;294.02527256140365;293.3310164760211;288.83522651497674;270.03686313167117;270.84571721745397;269.6991018881886;262.6895225152628;259.49229066807237;242.7216875999601;258.61326824656084;246.71491049657507;241.0605683273507;237.50920394808568;233.4027277641314;232.3635002939308;232.50953765958752;230.8574206109257;220.8823312669446;229.93476031615214;222.24806920378504;221.21332666753977;221.83895396048038;220.28181090447887;222.172588457925;212.61785163571273;215.66224069442737;215.28887610077223;212.57402528011318;210.75661884624736;210.95574367171122;205.4004864549886;207.3762636160427;205.15370665366203;203.96069096043482;200.74560443532587;199.6398987209148;202.2460378324788;198.24499217512786;198.4761938100978;199.17992490489172;196.00251700366815;196.788785641004;198.1292363899678;193.34630793912646;191.1226461545831;195.31933005472746;189.21005359492537;195.03490988991447;188.70410659534903;194.3246376171031;191.7015743789822;194.71766042979067;193.3418723661447;187.88105013877214;190.74876113028628;193.09154817328152;196.42548705986368;196.8397535726442;199.1085124738629;195.68838588506404;197.40319425422337;194.17808359079962;202.4056326779604;197.7255993332597;198.955976607298;199.10547044171182;199.07284521082613;207.07588062561868;207.12781597030167;208.26818875742342;213.02922864879892;210.83035309956875;218.33606595432047;214.06737403586942;217.92241293560792;219.03163421060316;217.20417415209067;226.98676212178873;229.8118528146676;225.44000485046286;226.37540865151865;236.70393031627512;235.73235107760289;241.32336536883253;235.8718121923115;236.7272532345051;239.0484349918857;245.3866631177004;238.4493831067885;247.93641849103557;247.19419319549422;252.48449388079302;246.6446987186706;253.1395301495339;250.8098620431724;255.9545852447991;258.7629331402701;266.33027461774986;270.86291459748077;290.0134762053276;304.4191379787061;327.0447899816852;357.3564002702863;388.6207700052297;436.2073857557492;509.485467477998;596.9217211347082;698.1339151139143;807.2859330095896;953.6690913742378;1150.7234992046401;1367.8969931414692;1594.0339924967154;1858.113897889995;2153.084243631134;2481.478013776641;2834.9068729287264;3155.6802639836465;3554.7547620453;3957.88259842656;4245.562878472122;4603.735063310956;4924.854814994192;5148.68896612532;5388.25424752837;5516.281273908131;5674.49059375024;5619.26906015647;5623.112468616319;5520.441901122464;5363.458199329036;5131.10041500936;4854.1153201506195;4583.096055680434;4264.900661696597;3944.5825838430037;3532.313428264536;3200.935681539984;2847.9307393496397;2549.0682767426742;2223.389689549073;1972.8601628634246;1702.0413448210043;1487.5866134718315;1317.6826730542457;1131.5396667554392;964.8149309205556;862.9335848416035;739.8415532507776;668.8472753243751;597.7861583169871;521.5923456930789;468.98709321730615;431.52107233645677;398.3144292414973;365.76874029914217;335.16478077093234;322.2892878119519;306.27642750200613;288.518807583877;282.2241769369986;270.3754081046517;267.44365079026005;260.24405851689414
Multivariate_threshold|Si <= -23209.763574;306.44174227186966;308.1218382298637;303.7647058788721;311.29193122206334;301.17958657114895;312.5331881410585;316.5798178257169;300.6838097851771;316.0763589577727;321.4235258600843;318.13781358394135;319.7265705154888;315.93637074219004;318.4806952127096;313.51214848400207;320.65602196630397;312.8228265871205;316.9322316053472;304.203862394875;302.3432264585816;305.4430690633697;294.02527256140365;293.3310164760211;288.83522651497674;270.03686313167117;270.84571721745397;269.6991018881886;262.6895225152628;259.49229066807237;242.7216875999601;258.61326824656084;246.71491049657507;241.0605683273507;237.50920394808568;233.4027277641314;232.3635002939308;232.50953765958752;230.8574206109257;220.8823312669446;229.93476031615214;222.24806920378504;221.21332666753977;221.83895396048038;220.28181090447887;222.172588457925;212.61785163571273;215.66224069442737;215.28887610077223;212.57402528011318;210.75661884624736;210.95574367171122;205.4004864549886;207.3762636160427;205.15370665366203;203.96069096043482;200.74560443532587;199.6398987209148;202.2460378324788;198.24499217512786;198.4761938100978;199.17992490489172;196.00251700366815;196.788785641004;198.1292363899678;193.34630793912646;191.1226461545831;195.31933005472746;189.21005359492537;195.03490988991447;188.70410659534903;194.3246376171031;191.7015743789822;194.71766042979067;193.3418723661447;187.88105013877214;190.74876113028628;193.09154817328152;196.42548705986368;196.8397535726442;199.1085124738629;195.68838588506404;197.40319425422337;194.17808359079962;202.4056326779604;197.7255993332597;198.955976607298;199.10547044171182;199.07284521082613;207.07588062561868;207.12781597030167;208.26818875742342;213.02922864879892;210.83035309956875;218.33606595432047;214.06737403586942;217.92241293560792;219.03163421060316;217.20417415209067;226.98676212178873;229.8118528146676;225.44000485046286;226.37540865151865;236.70393031627512;235.73235107760289;241.32336536883253;235.8718121923115;236.7272532345051;239.0484349918857;245.3866631177004;238.4493831067885;247.93641849103557;247.19419319549422;252.48449388079302;246.6446987186706;253.1395301495339;250.8098620431724;255.9545852447991;258.7629331402701;266.33027461774986;270.86291459748077;290.0134762053276;304.4191379787061;327.0447899816852;357.3564002702863;388.6207700052297;436.2073857557492;509.485467477998;596.9217211347082;698.1339151139143;807.2859330095896;953.6690913742378;1150.7234992046401;1367.8969931414692;1594.0339924967154;1858.113897889995;2153.084243631134;2481.478013776641;2834.9068729287264;3155.6802639836465;3554.7547620453;3957.88259842656;4245.562878472122;4603.735063310956;4924.854814994192;5148.68896612532;5388.25424752837;5516.281273908131;5674.49059375024;5619.26906015647;5623.112468616319;5520.441901122464;5363.458199329036;5131.10041500936;4854.1153201506195;4583.096055680434;4264.900661696597;3944.5825838430037;3532.313428264536;3200.935681539984;2847.9307393496397;2549.0682767426742;2223.389689549073;1972.8601628634246;1702.0413448210043;1487.5866134718315;1317.6826730542457;1131.5396667554392;964.8149309205556;862.9335848416035;739.8415532507776;668.8472753243751;597.7861583169871;521.5923456930789;468.98709321730615;431.52107233645677;398.3144292414973;365.76874029914217;335.16478077093234;322.2892878119519;306.27642750200613;288.518807583877;282.2241769369986;270.3754081046517;267.44365079026005;260.24405851689414
Multivariate_threshold|Si <= -9956.744278;312.6761823553846;313.2142024692385;308.19306045083243;314.1630114174936;307.7236032662665;317.02522051509675;319.94888394994086;307.1226330860325;320.8749264458938;326.64054876046254;322.3531197291404;325.4786047796087;321.63712813166603;323.5508717058879;320.6200027202171;323.18215998838076;320.3242908819524;322.7952354326834;311.2593470226415;308.5425584243286;309.7124753270541;299.4697022871666;298.2354164720553;292.40105790464906;278.76369514702697;278.9736425100535;274.8501296600171;268.89667957688647;263.48234624614133;249.20740353295622;265.25225445561136;253.27301749000375;247.39846064014273;243.7964843884987;240.59590280412905;239.46487252719243;238.68242544210892;236.90018482963785;230.4739769183519;234.63145875086474;229.27831127836265;227.98932204373028;228.78303925083873;228.32060505881407;228.42367567606246;220.73884804776498;222.04485891006067;223.00387005934644;220.08051521388492;220.21448382386532;216.53123680940817;213.62276025210178;214.44750743701505;214.11074526140783;210.67538019531318;210.57520549386982;208.02239106752654;208.98051436816354;206.441852737594;206.70091875262614;207.23121619535354;205.09156733496044;204.10412388516755;206.73480103948918;202.1705287646138;201.81045221090534;202.4459239594906;199.71090655666626;203.07764459620296;200.43031788113714;204.96562568532056;202.56129558812094;206.00216433402701;203.1507640544509;200.07723532439394;201.764261575942;203.93415403038443;206.96320819272358;207.02672206120877;209.82722943166357;208.0174248084742;210.55745281029155;206.1132978647817;213.27445676617788;210.71860161672717;213.46194135604668;212.77233874376793;214.76829991308009;222.061549022385;222.99744557949796;224.1490257117606;231.65032233689251;227.18960303322854;236.69059062723824;232.34692041213194;236.85574415147397;238.86189661176914;238.94587148055152;248.46431685055558;252.05165480846563;247.13840205199278;248.11069096255673;258.731272140332;257.37801761144027;264.77855609771996;258.99099359126143;261.5506492125102;261.7469970189129;267.45812532542385;263.04315869507855;272.98298522131546;273.78375901195665;278.72557158219473;275.0554994526077;280.3770005082011;284.3339687734697;287.91142613722496;295.30593192200024;307.3001230168942;314.74911932601174;340.3003882413693;364.2044322278367;396.9337431799968;446.87006574027805;501.23502617464226;576.8773214878895;679.7348437908176;814.7041527964075;971.3202452852645;1152.4241472668045;1389.9045214194816;1675.297450741372;1995.9988679923754;2363.2571220337068;2782.42354018991;3242.6155840793604;3748.231738249465;4297.889015945646;4843.084737532484;5450.512697824363;6062.009220535983;6578.367635947957;7147.578353361717;7646.853530810463;8062.093749874244;8427.186969479184;8672.918093460623;8918.418180722063;8919.784665909252;8907.455110018856;8763.643558203528;8533.51552184916;8191.15700470925;7745.78381508149;7307.2410626279;6813.46872216185;6263.786038836381;5677.489523210088;5135.122100647943;4569.818267097925;4062.8010336786274;3573.51570397489;3131.6574102231225;2701.902847586734;2347.3990662841848;2038.433472492176;1744.8165817011472;1504.1829476496318;1304.887974535774;1124.039388344525;978.4221875739809;863.8164457105329;754.8202554417123;659.9632232936161;595.3548000140885;541.9838584335727;487.18342765093973;438.6748389735223;407.59295689189884;380.53267617949564;349.9830614370725;333.50995726760675;313.6492077519957;301.31391052668187;290.87074565194825
Multivariate_threshold|Si <= 21357.824649;327.4070749427856;325.24656938932577;318.65648854776197;320.9468722617945;323.1859712952471;327.63910813205484;327.9093985320001;322.336447504581;332.2131029772261;338.9674623151687;332.3131516191142;339.06965670548254;335.1070217622514;335.53081285852903;337.414620340723;329.15098274803154;338.04894029635363;336.6484890469705;327.9302244088096;323.1904966638079;319.80033634421454;312.3339384359647;309.8236567277061;300.82649442860264;299.3836743792311;298.1785098020333;287.0211082571434;283.56310715066076;272.9101504035206;264.53201704780724;280.9390188522021;268.76867843192684;262.3737927693461;258.65222950657113;257.5921185760575;256.2441743073054;253.2678806971599;251.1781808396104;253.13735966556936;245.72893650834752;245.88954492192073;243.99981516296364;245.1906994672713;247.31487104476224;243.19390253385944;239.92734360567965;237.12587053281968;241.23305275960433;237.81703933498227;242.56176621412024;229.7051529001857;233.05055657494165;231.15562104315927;235.2746624479402;226.5410176145126;233.80083529072846;227.82875582819818;224.89290572177705;225.80960202736122;226.13450670379865;226.25501073037185;226.56740515811637;221.38898996323326;227.06824667500567;223.02062073862714;227.06387046525063;219.28482014243468;224.52258731441702;222.0812214178928;228.13730625445817;230.10842121417787;228.22091931021663;232.66547534329635;226.32746122794023;228.89468990552055;227.7919644149654;229.5533371661472;231.8620019969345;231.09674865318453;235.1536847452088;237.14878955875457;241.63866736373922;234.3141237805747;238.9555890010107;241.4187957739716;247.73700146216103;245.0647605598165;251.85391694237532;257.47006503120633;260.49460748070123;261.672668611297;275.6487130992892;265.8436522108612;280.0591253837896;275.5382945544792;281.5918976354234;285.7173417677775;290.3177033889549;299.2120259489351;304.6004210083329;298.40792332619395;299.467365305672;310.77803208179716;308.52294553139717;320.19907351641444;313.61757967348154;320.2039965713887;315.3797330191735;319.60913402443583;321.1539531941239;332.16364607368666;336.61025710015525;340.72865314506333;342.1852574304446;344.73438382270007;363.5455753840438;363.4198574178067;381.65065296577023;404.10471621295864;418.4445529599172;459.1195748614733;505.4666363861263;562.0691280451905;658.3752167208252;767.3228366627342;909.2558006757884;1082.0043727205466;1329.2859861697723;1616.8118102361277;1967.9254423187917;2420.652620163289;2914.774040574834;3480.0938514118707;4180.796972471308;4966.405722362491;5816.987770154037;6741.349452098568;7754.660196256316;8830.126672071985;9929.857458473658;11033.692779183617;12090.377672040948;13158.235567632617;14078.460887461246;14945.960201090424;15607.654005447064;16131.499345884287;16583.25226443463;16718.326350501702;16667.78290571801;16426.76239642436;16023.807077850503;15421.536049241444;14578.29121375434;13743.919730204983;12835.289743373494;11743.658573688863;10746.165813685779;9705.266652879407;8638.337633562829;7639.487047137309;6763.627571526851;5869.692831650693;5064.400875030341;4378.985659149111;3741.441676368866;3193.8827751971576;2778.615328598271;2349.148975668809;2031.831742631968;1709.893613879193;1492.3995319369924;1305.8970547802335;1111.2064498265704;982.4652722109829;881.4496165724314;774.0651193431058;683.2510204224131;609.15062200614;555.9872171740943;495.2123537788643;454.68929513772036;415.89763518324344;381.34341620817804;363.2362560186883
Multivariate_threshold|Si <= -8360.629669;313.42702113927385;313.82749644935444;308.7263850664997;314.5087871942286;308.511725611063;317.5662141054967;320.35463418214596;307.8980865657565;321.452837297378;327.26885588629415;322.8607860628263;326.1713454834902;322.32369335456076;324.16149352617106;321.47603029595626;323.4863929868577;321.2277225058144;323.50134064897946;312.10906751505104;309.28916899588506;310.2266571563784;300.12539693488196;298.82607315964884;292.83050537199347;279.8147027515337;279.9525213605176;275.4704887261354;269.64423255632454;263.96288474482856;249.98850448164586;266.05181436230487;254.06283678629984;248.16175859357742;244.55368694985353;241.46220590865573;240.32011944915197;239.42585123394048;237.6279393154504;231.62913751977345;235.19710110106377;230.12499170820283;228.80538251744485;229.619343471393;229.28874948652899;229.17651934156868;221.71689242517712;222.8135433845057;223.93301792250196;220.98455209572992;221.35353267875144;217.20271595284575;214.61300187379186;215.29912587267256;215.1894775750397;211.48405732297402;211.75902402545364;209.03192845583726;209.7915745603298;207.4290337408578;207.6914555756523;208.20086570361548;206.18619835330983;204.9851395974703;207.77120392564612;203.23326529662393;203.0976278344217;203.3042084291536;200.97556666438658;204.04626360049522;201.84255283784654;206.2471628295538;203.8691756474076;207.3612026878729;204.3320884729859;201.54607113485827;203.09090275746814;205.2399728187412;208.2323084831061;208.25357979486432;211.11812777981342;209.50226073082987;212.1416732639165;207.5507038949769;214.58343312193475;212.2834013265496;215.20895324246948;214.41829485819505;216.6585668758489;223.8663335554096;224.9086891293477;226.06161900742285;233.89293581174593;229.159813535052;238.90110011961752;234.5483999656034;239.13596165210947;241.25013515541437;241.56431184778768;251.05094545832807;254.73008393109305;249.75162761016645;250.72835874335118;261.3841138271454;259.98489260246225;267.6033593914971;261.7753299251695;264.5402309870486;264.4806764640765;270.1162806081293;266.00508635924615;275.99944435035445;276.98604774909074;281.8858904889981;278.4771268620676;283.6573190045483;288.3714122633685;291.76011747617275;299.70695276707875;312.23428722988945;320.0345121033065;346.3566440354586;371.40461653102324;405.3507519127411;457.6505577848931;514.7976156001819;593.8187696468327;700.2386633730503;840.9325700962548;1004.2211777143708;1193.9905355222368;1442.4421150761568;1738.4740091099916;2071.6437120447954;2455.8977684083925;2893.741881286284;3373.832241182945;3900.7920023997904;4474.081860595662;5046.305669304509;5678.826478048606;6315.417682712273;6859.316729000561;7453.943668726142;7974.674823204607;8412.966847619055;8793.177903501362;9053.084607056615;9309.097473777945;9317.279082478239;9303.001751210752;9154.23542459253;8915.298320787928;8559.691971388618;8094.039123827804;7635.320841526242;7120.403060698307;6543.097072130861;5935.841739091715;5368.06397823183;4777.1921322742455;4245.105979612184;3736.1168295273314;3271.2160400802695;2822.3202041957793;2450.949750514761;2125.2364004998035;1818.6759959928643;1569.1412150039823;1358.114325586921;1170.3098843971636;1015.7055438212802;895.8555470233289;782.9088340115425;682.9632494928474;615.0859571351253;559.2865476970212;501.8058885257463;451.14097308982383;417.8664220780735;389.4756559349051;357.3854496223123;339.68651080223265;318.86084611345734;305.3930426203168;294.5592412048764
